sona_id,red_jar_percentage,green_jar_percentage,red_jar_initial_probability,red_jar_initial_confidence,green_jar_initial_probability,green_jar_initial_confidence,experiment_start_time,experiment_end_time,demographics_gender,demographics_academic_year,demographics_major,demographics_minor,trial_type,phase,trial_number,timestamp,jar_type,jar_percentage,drawn_ball,ball_sequence,ball_sequence_length,estimated_probability,confidence,reaction_time,sample_balls,correct_jar,incorrect_jar,selected_jar,is_correct
,12,79,50,7,,,2026-02-24T15:31:20.095+00:00,2026-02-24T15:55:45.204+00:00,female,masters,english,,training,,1,2026-02-24T15:02:45.902+00:00,,,,,,,,,"[""white"", ""white"", ""white"", ""white"", ""white"", ""white"", ""white"", ""white"", ""white"", ""white""]",0,50,50,False
,12,79,50,7,,,2026-02-24T15:31:20.095+00:00,2026-02-24T15:55:45.204+00:00,female,masters,english,,training,,2,2026-02-24T15:03:12.401+00:00,,,,,,,,,"[""white"", ""white"", ""white"", ""white"", ""black"", ""black"", ""white"", ""white"", ""white"", ""black""]",30,10,30,True
,12,79,50,7,,,2026-02-24T15:31:20.095+00:00,2026-02-24T15:55:45.204+00:00,female,masters,english,,training,,3,2026-02-24T15:03:20.385+00:00,,,,,,,,,"[""black"", ""black"", ""black"", ""white"", ""black"", ""black"", ""black"", ""black"", ""black"", ""black""]",90,40,90,True
,12,79,50,7,,,2026-02-24T15:31:20.095+00:00,2026-02-24T15:55:45.204+00:00,female,masters,english,,training,,4,2026-02-24T15:03:30.602+00:00,,,,,,,,,"[""black"", ""white"", ""black"", ""black"", ""black"", ""white"", ""white"", ""white"", ""black"", ""white""]",50,90,50,True
,12,79,50,7,,,2026-02-24T15:31:20.095+00:00,2026-02-24T15:55:45.204+00:00,female,masters,english,,training,,5,2026-02-24T15:03:38.568+00:00,,,,,,,,,"[""white"", ""white"", ""white"", ""white"", ""white"", ""white"", ""white"", ""white"", ""white"", ""white""]",0,30,0,True
,12,79,50,7,,,2026-02-24T15:31:20.095+00:00,2026-02-24T15:55:45.204+00:00,female,masters,english,,training,,6,2026-02-24T15:03:44.068+00:00,,,,,,,,,"[""black"", ""black"", ""black"", ""white"", ""black"", ""black"", ""white"", ""black"", ""white"", ""black""]",70,100,70,True
,12,79,50,7,,,2026-02-24T15:31:20.095+00:00,2026-02-24T15:55:45.204+00:00,female,masters,english,,training,,7,2026-02-24T15:03:50.101+00:00,,,,,,,,,"[""white"", ""white"", ""white"", ""white"", ""black"", ""white"", ""white"", ""white"", ""white"", ""black""]",20,40,20,True
,12,79,50,7,,,2026-02-24T15:31:20.095+00:00,2026-02-24T15:55:45.204+00:00,female,masters,english,,training,,8,2026-02-24T15:03:56.868+00:00,,,,,,,,,"[""white"", ""white"", ""black"", ""black"", ""black"", ""white"", ""black"", ""black"", ""white"", ""black""]",60,20,60,True
,12,79,50,7,,,2026-02-24T15:31:20.095+00:00,2026-02-24T15:55:45.204+00:00,female,masters,english,,training,,9,2026-02-24T15:04:01.634+00:00,,,,,,,,,"[""white"", ""white"", ""white"", ""white"", ""white"", ""white"", ""white"", ""white"", ""white"", ""white""]",0,100,0,True
,12,79,50,7,,,2026-02-24T15:31:20.095+00:00,2026-02-24T15:55:45.204+00:00,female,masters,english,,training,,10,2026-02-24T15:04:07.051+00:00,,,,,,,,,"[""black"", ""white"", ""black"", ""black"", ""black"", ""black"", ""black"", ""black"", ""black"", ""white""]",80,30,80,True
SONA_0001,33,68,60,4,40,2,2026-02-24T12:40:52+00:00,2026-02-24T13:16:52+00:00,female,freshman,Sociology,Statistics,training,,1,2026-02-24T12:40:58+00:00,,,,,,,,,"[""white"", ""white"", ""black"", ""white"", ""black"", ""black"", ""white"", ""white"", ""white"", ""white""]",30,60,60,False
SONA_0001,33,68,60,4,40,2,2026-02-24T12:40:52+00:00,2026-02-24T13:16:52+00:00,female,freshman,Sociology,Statistics,training,,2,2026-02-24T12:41:14+00:00,,,,,,,,,"[""black"", ""black"", ""black"", ""black"", ""white"", ""white"", ""white"", ""black"", ""white"", ""white""]",50,80,50,True
SONA_0001,33,68,60,4,40,2,2026-02-24T12:40:52+00:00,2026-02-24T13:16:52+00:00,female,freshman,Sociology,Statistics,training,,3,2026-02-24T12:41:22+00:00,,,,,,,,,"[""white"", ""black"", ""black"", ""black"", ""black"", ""white"", ""white"", ""black"", ""black"", ""white""]",60,0,0,False
SONA_0001,33,68,60,4,40,2,2026-02-24T12:40:52+00:00,2026-02-24T13:16:52+00:00,female,freshman,Sociology,Statistics,training,,4,2026-02-24T12:41:36+00:00,,,,,,,,,"[""white"", ""black"", ""black"", ""black"", ""black"", ""white"", ""black"", ""black"", ""black"", ""black""]",80,50,80,True
SONA_0001,33,68,60,4,40,2,2026-02-24T12:40:52+00:00,2026-02-24T13:16:52+00:00,female,freshman,Sociology,Statistics,training,,5,2026-02-24T12:41:32+00:00,,,,,,,,,"[""black"", ""black"", ""black"", ""black"", ""white"", ""white"", ""black"", ""black"", ""black"", ""white""]",70,20,70,True
SONA_0001,33,68,60,4,40,2,2026-02-24T12:40:52+00:00,2026-02-24T13:16:52+00:00,female,freshman,Sociology,Statistics,training,,6,2026-02-24T12:41:46+00:00,,,,,,,,,"[""black"", ""black"", ""white"", ""white"", ""black"", ""white"", ""white"", ""white"", ""black"", ""black""]",50,80,50,True
SONA_0001,33,68,60,4,40,2,2026-02-24T12:40:52+00:00,2026-02-24T13:16:52+00:00,female,freshman,Sociology,Statistics,training,,7,2026-02-24T12:41:48+00:00,,,,,,,,,"[""black"", ""black"", ""black"", ""white"", ""white"", ""white"", ""white"", ""white"", ""white"", ""black""]",40,70,40,True
SONA_0001,33,68,60,4,40,2,2026-02-24T12:40:52+00:00,2026-02-24T13:16:52+00:00,female,freshman,Sociology,Statistics,training,,8,2026-02-24T12:41:40+00:00,,,,,,,,,"[""white"", ""black"", ""black"", ""black"", ""black"", ""black"", ""black"", ""black"", ""black"", ""black""]",90,50,90,True
SONA_0001,33,68,60,4,40,2,2026-02-24T12:40:52+00:00,2026-02-24T13:16:52+00:00,female,freshman,Sociology,Statistics,training,,9,2026-02-24T12:43:07+00:00,,,,,,,,,"[""black"", ""black"", ""black"", ""black"", ""white"", ""black"", ""black"", ""black"", ""black"", ""black""]",90,20,90,True
SONA_0001,33,68,60,4,40,2,2026-02-24T12:40:52+00:00,2026-02-24T13:16:52+00:00,female,freshman,Sociology,Statistics,training,,10,2026-02-24T12:42:42+00:00,,,,,,,,,"[""white"", ""white"", ""white"", ""white"", ""white"", ""black"", ""white"", ""white"", ""black"", ""white""]",20,50,20,True
SONA_0002,10,100,55,4,50,8,2026-02-24T11:54:07+00:00,2026-02-24T12:39:07+00:00,male,sophomore,Economics,Data Science,training,,1,2026-02-24T11:54:17+00:00,,,,,,,,,"[""white"", ""black"", ""white"", ""black"", ""white"", ""white"", ""black"", ""white"", ""white"", ""white""]",30,90,30,True
SONA_0002,10,100,55,4,50,8,2026-02-24T11:54:07+00:00,2026-02-24T12:39:07+00:00,male,sophomore,Economics,Data Science,training,,2,2026-02-24T11:54:21+00:00,,,,,,,,,"[""white"", ""white"", ""white"", ""white"", ""white"", ""white"", ""white"", ""white"", ""white"", ""white""]",0,30,0,True
SONA_0002,10,100,55,4,50,8,2026-02-24T11:54:07+00:00,2026-02-24T12:39:07+00:00,male,sophomore,Economics,Data Science,training,,3,2026-02-24T11:54:25+00:00,,,,,,,,,"[""white"", ""white"", ""black"", ""white"", ""white"", ""black"", ""white"", ""white"", ""white"", ""white""]",20,40,20,True
SONA_0002,10,100,55,4,50,8,2026-02-24T11:54:07+00:00,2026-02-24T12:39:07+00:00,male,sophomore,Economics,Data Science,training,,4,2026-02-24T11:54:51+00:00,,,,,,,,,"[""white"", ""white"", ""black"", ""white"", ""white"", ""white"", ""black"", ""white"", ""black"", ""black""]",40,70,40,True
SONA_0002,10,100,55,4,50,8,2026-02-24T11:54:07+00:00,2026-02-24T12:39:07+00:00,male,sophomore,Economics,Data Science,training,,5,2026-02-24T11:54:47+00:00,,,,,,,,,"[""black"", ""black"", ""white"", ""black"", ""white"", ""black"", ""black"", ""black"", ""black"", ""white""]",70,100,70,True
SONA_0002,10,100,55,4,50,8,2026-02-24T11:54:07+00:00,2026-02-24T12:39:07+00:00,male,sophomore,Economics,Data Science,training,,6,2026-02-24T11:54:55+00:00,,,,,,,,,"[""black"", ""black"", ""black"", ""black"", ""black"", ""black"", ""black"", ""black"", ""black"", ""black""]",100,60,100,True
SONA_0002,10,100,55,4,50,8,2026-02-24T11:54:07+00:00,2026-02-24T12:39:07+00:00,male,sophomore,Economics,Data Science,training,,7,2026-02-24T11:54:49+00:00,,,,,,,,,"[""black"", ""black"", ""white"", ""black"", ""white"", ""white"", ""white"", ""black"", ""black"", ""white""]",50,100,100,False
SONA_0002,10,100,55,4,50,8,2026-02-24T11:54:07+00:00,2026-02-24T12:39:07+00:00,male,sophomore,Economics,Data Science,training,,8,2026-02-24T11:55:27+00:00,,,,,,,,,"[""white"", ""black"", ""white"", ""white"", ""black"", ""black"", ""black"", ""black"", ""white"", ""black""]",60,10,60,True
SONA_0002,10,100,55,4,50,8,2026-02-24T11:54:07+00:00,2026-02-24T12:39:07+00:00,male,sophomore,Economics,Data Science,training,,9,2026-02-24T11:56:04+00:00,,,,,,,,,"[""black"", ""white"", ""white"", ""white"", ""white"", ""white"", ""white"", ""white"", ""black"", ""white""]",20,0,20,True
SONA_0002,10,100,55,4,50,8,2026-02-24T11:54:07+00:00,2026-02-24T12:39:07+00:00,male,sophomore,Economics,Data Science,training,,10,2026-02-24T11:55:17+00:00,,,,,,,,,"[""white"", ""white"", ""white"", ""white"", ""white"", ""white"", ""white"", ""white"", ""white"", ""white""]",0,30,0,True
SONA_0003,68,46,45,3,40,7,2026-02-24T10:29:11+00:00,2026-02-24T11:03:11+00:00,male,freshman,Philosophy,,training,,1,2026-02-24T10:29:19+00:00,,,,,,,,,"[""black"", ""white"", ""black"", ""white"", ""black"", ""black"", ""white"", ""black"", ""black"", ""black""]",70,100,70,True
SONA_0003,68,46,45,3,40,7,2026-02-24T10:29:11+00:00,2026-02-24T11:03:11+00:00,male,freshman,Philosophy,,training,,2,2026-02-24T10:29:25+00:00,,,,,,,,,"[""black"", ""white"", ""black"", ""black"", ""white"", ""white"", ""white"", ""black"", ""black"", ""black""]",60,20,60,True
SONA_0003,68,46,45,3,40,7,2026-02-24T10:29:11+00:00,2026-02-24T11:03:11+00:00,male,freshman,Philosophy,,training,,3,2026-02-24T10:29:47+00:00,,,,,,,,,"[""white"", ""white"", ""black"", ""white"", ""white"", ""white"", ""white"", ""white"", ""black"", ""black""]",30,10,10,False
SONA_0003,68,46,45,3,40,7,2026-02-24T10:29:11+00:00,2026-02-24T11:03:11+00:00,male,freshman,Philosophy,,training,,4,2026-02-24T10:30:11+00:00,,,,,,,,,"[""black"", ""black"", ""black"", ""black"", ""black"", ""black"", ""black"", ""black"", ""white"", ""black""]",90,60,90,True
SONA_0003,68,46,45,3,40,7,2026-02-24T10:29:11+00:00,2026-02-24T11:03:11+00:00,male,freshman,Philosophy,,training,,5,2026-02-24T10:30:21+00:00,,,,,,,,,"[""black"", ""black"", ""white"", ""white"", ""white"", ""white"", ""white"", ""black"", ""black"", ""white""]",40,60,60,False
SONA_0003,68,46,45,3,40,7,2026-02-24T10:29:11+00:00,2026-02-24T11:03:11+00:00,male,freshman,Philosophy,,training,,6,2026-02-24T10:29:53+00:00,,,,,,,,,"[""white"", ""white"", ""black"", ""white"", ""white"", ""black"", ""white"", ""white"", ""white"", ""black""]",30,10,30,True
SONA_0003,68,46,45,3,40,7,2026-02-24T10:29:11+00:00,2026-02-24T11:03:11+00:00,male,freshman,Philosophy,,training,,7,2026-02-24T10:30:00+00:00,,,,,,,,,"[""black"", ""white"", ""white"", ""black"", ""white"", ""black"", ""black"", ""black"", ""white"", ""black""]",60,0,60,True
SONA_0003,68,46,45,3,40,7,2026-02-24T10:29:11+00:00,2026-02-24T11:03:11+00:00,male,freshman,Philosophy,,training,,8,2026-02-24T10:30:47+00:00,,,,,,,,,"[""black"", ""white"", ""white"", ""black"", ""white"", ""white"", ""white"", ""white"", ""white"", ""white""]",20,80,20,True
SONA_0003,68,46,45,3,40,7,2026-02-24T10:29:11+00:00,2026-02-24T11:03:11+00:00,male,freshman,Philosophy,,training,,9,2026-02-24T10:31:26+00:00,,,,,,,,,"[""white"", ""white"", ""white"", ""white"", ""black"", ""white"", ""white"", ""black"", ""white"", ""white""]",20,100,20,True
SONA_0003,68,46,45,3,40,7,2026-02-24T10:29:11+00:00,2026-02-24T11:03:11+00:00,male,freshman,Philosophy,,training,,10,2026-02-24T10:31:11+00:00,,,,,,,,,"[""white"", ""white"", ""black"", ""black"", ""white"", ""black"", ""white"", ""white"", ""black"", ""white""]",40,60,40,True
SONA_0004,68,36,45,1,45,3,2026-02-24T15:20:27+00:00,2026-02-24T15:51:27+00:00,non-binary,junior,History,,training,,1,2026-02-24T15:20:36+00:00,,,,,,,,,"[""white"", ""white"", ""white"", ""white"", ""white"", ""white"", ""white"", ""white"", ""black"", ""white""]",10,30,30,False
SONA_0004,68,36,45,1,45,3,2026-02-24T15:20:27+00:00,2026-02-24T15:51:27+00:00,non-binary,junior,History,,training,,2,2026-02-24T15:20:49+00:00,,,,,,,,,"[""white"", ""white"", ""white"", ""white"", ""white"", ""black"", ""black"", ""black"", ""white"", ""white""]",30,10,30,True
SONA_0004,68,36,45,1,45,3,2026-02-24T15:20:27+00:00,2026-02-24T15:51:27+00:00,non-binary,junior,History,,training,,3,2026-02-24T15:20:45+00:00,,,,,,,,,"[""black"", ""black"", ""black"", ""black"", ""black"", ""black"", ""black"", ""black"", ""black"", ""black""]",100,50,100,True
SONA_0004,68,36,45,1,45,3,2026-02-24T15:20:27+00:00,2026-02-24T15:51:27+00:00,non-binary,junior,History,,training,,4,2026-02-24T15:21:11+00:00,,,,,,,,,"[""white"", ""black"", ""white"", ""black"", ""white"", ""white"", ""black"", ""white"", ""black"", ""black""]",50,10,10,False
SONA_0004,68,36,45,1,45,3,2026-02-24T15:20:27+00:00,2026-02-24T15:51:27+00:00,non-binary,junior,History,,training,,5,2026-02-24T15:21:02+00:00,,,,,,,,,"[""black"", ""white"", ""white"", ""white"", ""white"", ""white"", ""white"", ""white"", ""black"", ""black""]",30,70,30,True
SONA_0004,68,36,45,1,45,3,2026-02-24T15:20:27+00:00,2026-02-24T15:51:27+00:00,non-binary,junior,History,,training,,6,2026-02-24T15:21:33+00:00,,,,,,,,,"[""black"", ""white"", ""white"", ""white"", ""black"", ""white"", ""white"", ""white"", ""white"", ""white""]",20,0,20,True
SONA_0004,68,36,45,1,45,3,2026-02-24T15:20:27+00:00,2026-02-24T15:51:27+00:00,non-binary,junior,History,,training,,7,2026-02-24T15:21:23+00:00,,,,,,,,,"[""white"", ""white"", ""white"", ""black"", ""black"", ""black"", ""black"", ""black"", ""black"", ""white""]",60,100,100,False
SONA_0004,68,36,45,1,45,3,2026-02-24T15:20:27+00:00,2026-02-24T15:51:27+00:00,non-binary,junior,History,,training,,8,2026-02-24T15:22:19+00:00,,,,,,,,,"[""black"", ""black"", ""black"", ""black"", ""black"", ""black"", ""black"", ""black"", ""black"", ""black""]",100,60,100,True
SONA_0004,68,36,45,1,45,3,2026-02-24T15:20:27+00:00,2026-02-24T15:51:27+00:00,non-binary,junior,History,,training,,9,2026-02-24T15:21:39+00:00,,,,,,,,,"[""white"", ""white"", ""black"", ""black"", ""white"", ""black"", ""white"", ""black"", ""black"", ""white""]",50,100,50,True
SONA_0004,68,36,45,1,45,3,2026-02-24T15:20:27+00:00,2026-02-24T15:51:27+00:00,non-binary,junior,History,,training,,10,2026-02-24T15:22:27+00:00,,,,,,,,,"[""black"", ""black"", ""black"", ""black"", ""black"", ""black"", ""white"", ""black"", ""black"", ""black""]",90,20,20,False
SONA_0005,38,24,55,3,45,6,2026-02-24T10:14:44+00:00,2026-02-24T10:49:44+00:00,male,masters,Biology,Statistics,training,,1,2026-02-24T10:14:56+00:00,,,,,,,,,"[""black"", ""white"", ""white"", ""white"", ""black"", ""white"", ""white"", ""black"", ""black"", ""black""]",50,70,50,True
SONA_0005,38,24,55,3,45,6,2026-02-24T10:14:44+00:00,2026-02-24T10:49:44+00:00,male,masters,Biology,Statistics,training,,2,2026-02-24T10:14:56+00:00,,,,,,,,,"[""black"", ""white"", ""white"", ""white"", ""white"", ""white"", ""white"", ""white"", ""white"", ""white""]",10,30,30,False
SONA_0005,38,24,55,3,45,6,2026-02-24T10:14:44+00:00,2026-02-24T10:49:44+00:00,male,masters,Biology,Statistics,training,,3,2026-02-24T10:15:14+00:00,,,,,,,,,"[""white"", ""white"", ""black"", ""white"", ""black"", ""white"", ""white"", ""white"", ""black"", ""white""]",30,90,30,True
SONA_0005,38,24,55,3,45,6,2026-02-24T10:14:44+00:00,2026-02-24T10:49:44+00:00,male,masters,Biology,Statistics,training,,4,2026-02-24T10:15:40+00:00,,,,,,,,,"[""black"", ""white"", ""white"", ""white"", ""white"", ""black"", ""white"", ""white"", ""white"", ""white""]",20,70,20,True
SONA_0005,38,24,55,3,45,6,2026-02-24T10:14:44+00:00,2026-02-24T10:49:44+00:00,male,masters,Biology,Statistics,training,,5,2026-02-24T10:15:19+00:00,,,,,,,,,"[""black"", ""black"", ""black"", ""black"", ""black"", ""black"", ""black"", ""black"", ""white"", ""black""]",90,30,90,True
SONA_0005,38,24,55,3,45,6,2026-02-24T10:14:44+00:00,2026-02-24T10:49:44+00:00,male,masters,Biology,Statistics,training,,6,2026-02-24T10:15:26+00:00,,,,,,,,,"[""white"", ""black"", ""black"", ""white"", ""black"", ""white"", ""black"", ""black"", ""black"", ""black""]",70,40,70,True
SONA_0005,38,24,55,3,45,6,2026-02-24T10:14:44+00:00,2026-02-24T10:49:44+00:00,male,masters,Biology,Statistics,training,,7,2026-02-24T10:15:33+00:00,,,,,,,,,"[""white"", ""white"", ""black"", ""white"", ""black"", ""white"", ""black"", ""white"", ""black"", ""white""]",40,80,40,True
SONA_0005,38,24,55,3,45,6,2026-02-24T10:14:44+00:00,2026-02-24T10:49:44+00:00,male,masters,Biology,Statistics,training,,8,2026-02-24T10:16:44+00:00,,,,,,,,,"[""white"", ""white"", ""black"", ""white"", ""black"", ""white"", ""white"", ""black"", ""white"", ""black""]",40,90,40,True
SONA_0005,38,24,55,3,45,6,2026-02-24T10:14:44+00:00,2026-02-24T10:49:44+00:00,male,masters,Biology,Statistics,training,,9,2026-02-24T10:15:47+00:00,,,,,,,,,"[""white"", ""black"", ""black"", ""white"", ""white"", ""black"", ""black"", ""black"", ""white"", ""white""]",50,100,50,True
SONA_0005,38,24,55,3,45,6,2026-02-24T10:14:44+00:00,2026-02-24T10:49:44+00:00,male,masters,Biology,Statistics,training,,10,2026-02-24T10:17:04+00:00,,,,,,,,,"[""black"", ""white"", ""white"", ""white"", ""white"", ""white"", ""white"", ""black"", ""white"", ""white""]",20,50,20,True
SONA_0006,25,79,65,4,35,3,2026-02-24T15:43:40+00:00,2026-02-24T16:21:40+00:00,male,sophomore,Sociology,Psychology,training,,1,2026-02-24T15:43:54+00:00,,,,,,,,,"[""black"", ""black"", ""black"", ""black"", ""black"", ""black"", ""black"", ""black"", ""black"", ""black""]",100,40,100,True
SONA_0006,25,79,65,4,35,3,2026-02-24T15:43:40+00:00,2026-02-24T16:21:40+00:00,male,sophomore,Sociology,Psychology,training,,2,2026-02-24T15:44:10+00:00,,,,,,,,,"[""white"", ""black"", ""white"", ""black"", ""black"", ""black"", ""black"", ""black"", ""white"", ""black""]",70,50,70,True
SONA_0006,25,79,65,4,35,3,2026-02-24T15:43:40+00:00,2026-02-24T16:21:40+00:00,male,sophomore,Sociology,Psychology,training,,3,2026-02-24T15:43:58+00:00,,,,,,,,,"[""black"", ""black"", ""black"", ""black"", ""black"", ""black"", ""black"", ""black"", ""black"", ""black""]",100,80,100,True
SONA_0006,25,79,65,4,35,3,2026-02-24T15:43:40+00:00,2026-02-24T16:21:40+00:00,male,sophomore,Sociology,Psychology,training,,4,2026-02-24T15:44:32+00:00,,,,,,,,,"[""white"", ""white"", ""white"", ""white"", ""black"", ""white"", ""black"", ""white"", ""white"", ""white""]",20,40,20,True
SONA_0006,25,79,65,4,35,3,2026-02-24T15:43:40+00:00,2026-02-24T16:21:40+00:00,male,sophomore,Sociology,Psychology,training,,5,2026-02-24T15:44:15+00:00,,,,,,,,,"[""white"", ""white"", ""white"", ""white"", ""white"", ""white"", ""white"", ""white"", ""white"", ""white""]",0,60,60,False
SONA_0006,25,79,65,4,35,3,2026-02-24T15:43:40+00:00,2026-02-24T16:21:40+00:00,male,sophomore,Sociology,Psychology,training,,6,2026-02-24T15:44:46+00:00,,,,,,,,,"[""black"", ""black"", ""black"", ""black"", ""black"", ""black"", ""black"", ""black"", ""black"", ""black""]",100,30,30,False
SONA_0006,25,79,65,4,35,3,2026-02-24T15:43:40+00:00,2026-02-24T16:21:40+00:00,male,sophomore,Sociology,Psychology,training,,7,2026-02-24T15:44:36+00:00,,,,,,,,,"[""white"", ""black"", ""white"", ""white"", ""white"", ""white"", ""black"", ""white"", ""white"", ""white""]",20,80,20,True
SONA_0006,25,79,65,4,35,3,2026-02-24T15:43:40+00:00,2026-02-24T16:21:40+00:00,male,sophomore,Sociology,Psychology,training,,8,2026-02-24T15:45:00+00:00,,,,,,,,,"[""black"", ""black"", ""white"", ""black"", ""white"", ""black"", ""white"", ""white"", ""white"", ""black""]",50,0,50,True
SONA_0006,25,79,65,4,35,3,2026-02-24T15:43:40+00:00,2026-02-24T16:21:40+00:00,male,sophomore,Sociology,Psychology,training,,9,2026-02-24T15:45:28+00:00,,,,,,,,,"[""white"", ""white"", ""white"", ""white"", ""white"", ""white"", ""white"", ""white"", ""white"", ""white""]",0,40,0,True
SONA_0006,25,79,65,4,35,3,2026-02-24T15:43:40+00:00,2026-02-24T16:21:40+00:00,male,sophomore,Sociology,Psychology,training,,10,2026-02-24T15:44:40+00:00,,,,,,,,,"[""black"", ""black"", ""black"", ""white"", ""black"", ""black"", ""black"", ""white"", ""black"", ""white""]",70,100,70,True
SONA_0007,19,32,55,6,50,4,2026-02-24T13:52:35+00:00,2026-02-24T14:27:35+00:00,male,senior,Sociology,,training,,1,2026-02-24T13:52:47+00:00,,,,,,,,,"[""white"", ""black"", ""black"", ""white"", ""black"", ""white"", ""black"", ""white"", ""black"", ""white""]",50,30,50,True
SONA_0007,19,32,55,6,50,4,2026-02-24T13:52:35+00:00,2026-02-24T14:27:35+00:00,male,senior,Sociology,,training,,2,2026-02-24T13:52:53+00:00,,,,,,,,,"[""black"", ""white"", ""white"", ""black"", ""white"", ""white"", ""black"", ""black"", ""black"", ""black""]",60,30,60,True
SONA_0007,19,32,55,6,50,4,2026-02-24T13:52:35+00:00,2026-02-24T14:27:35+00:00,male,senior,Sociology,,training,,3,2026-02-24T13:52:56+00:00,,,,,,,,,"[""white"", ""white"", ""white"", ""white"", ""black"", ""white"", ""white"", ""white"", ""white"", ""white""]",10,70,70,False
SONA_0007,19,32,55,6,50,4,2026-02-24T13:52:35+00:00,2026-02-24T14:27:35+00:00,male,senior,Sociology,,training,,4,2026-02-24T13:53:27+00:00,,,,,,,,,"[""white"", ""white"", ""white"", ""white"", ""white"", ""black"", ""black"", ""white"", ""white"", ""white""]",20,60,20,True
SONA_0007,19,32,55,6,50,4,2026-02-24T13:52:35+00:00,2026-02-24T14:27:35+00:00,male,senior,Sociology,,training,,5,2026-02-24T13:53:10+00:00,,,,,,,,,"[""white"", ""white"", ""white"", ""white"", ""white"", ""white"", ""white"", ""white"", ""white"", ""white""]",0,100,0,True
SONA_0007,19,32,55,6,50,4,2026-02-24T13:52:35+00:00,2026-02-24T14:27:35+00:00,male,senior,Sociology,,training,,6,2026-02-24T13:53:41+00:00,,,,,,,,,"[""black"", ""black"", ""black"", ""black"", ""black"", ""black"", ""black"", ""black"", ""black"", ""black""]",100,80,100,True
SONA_0007,19,32,55,6,50,4,2026-02-24T13:52:35+00:00,2026-02-24T14:27:35+00:00,male,senior,Sociology,,training,,7,2026-02-24T13:53:45+00:00,,,,,,,,,"[""white"", ""black"", ""black"", ""white"", ""black"", ""black"", ""white"", ""white"", ""white"", ""black""]",50,10,50,True
SONA_0007,19,32,55,6,50,4,2026-02-24T13:52:35+00:00,2026-02-24T14:27:35+00:00,male,senior,Sociology,,training,,8,2026-02-24T13:54:35+00:00,,,,,,,,,"[""black"", ""black"", ""black"", ""black"", ""black"", ""black"", ""black"", ""black"", ""black"", ""black""]",100,0,100,True
SONA_0007,19,32,55,6,50,4,2026-02-24T13:52:35+00:00,2026-02-24T14:27:35+00:00,male,senior,Sociology,,training,,9,2026-02-24T13:53:47+00:00,,,,,,,,,"[""white"", ""black"", ""black"", ""white"", ""white"", ""black"", ""white"", ""white"", ""black"", ""black""]",50,100,50,True
SONA_0007,19,32,55,6,50,4,2026-02-24T13:52:35+00:00,2026-02-24T14:27:35+00:00,male,senior,Sociology,,training,,10,2026-02-24T13:53:55+00:00,,,,,,,,,"[""white"", ""white"", ""black"", ""black"", ""white"", ""white"", ""white"", ""white"", ""black"", ""white""]",30,100,30,True
SONA_0008,98,19,60,4,55,6,2026-02-24T09:50:21+00:00,2026-02-24T10:22:21+00:00,prefer-not-to-share,junior,Neuroscience,,training,,1,2026-02-24T09:50:36+00:00,,,,,,,,,"[""black"", ""black"", ""black"", ""black"", ""black"", ""white"", ""black"", ""black"", ""black"", ""black""]",90,50,90,True
SONA_0008,98,19,60,4,55,6,2026-02-24T09:50:21+00:00,2026-02-24T10:22:21+00:00,prefer-not-to-share,junior,Neuroscience,,training,,2,2026-02-24T09:50:35+00:00,,,,,,,,,"[""black"", ""black"", ""white"", ""black"", ""black"", ""black"", ""black"", ""black"", ""black"", ""black""]",90,0,90,True
SONA_0008,98,19,60,4,55,6,2026-02-24T09:50:21+00:00,2026-02-24T10:22:21+00:00,prefer-not-to-share,junior,Neuroscience,,training,,3,2026-02-24T09:51:03+00:00,,,,,,,,,"[""black"", ""black"", ""black"", ""black"", ""black"", ""black"", ""white"", ""black"", ""white"", ""black""]",80,100,80,True
SONA_0008,98,19,60,4,55,6,2026-02-24T09:50:21+00:00,2026-02-24T10:22:21+00:00,prefer-not-to-share,junior,Neuroscience,,training,,4,2026-02-24T09:50:53+00:00,,,,,,,,,"[""white"", ""white"", ""white"", ""white"", ""white"", ""white"", ""white"", ""white"", ""white"", ""white""]",0,60,60,False
SONA_0008,98,19,60,4,55,6,2026-02-24T09:50:21+00:00,2026-02-24T10:22:21+00:00,prefer-not-to-share,junior,Neuroscience,,training,,5,2026-02-24T09:50:51+00:00,,,,,,,,,"[""white"", ""white"", ""white"", ""white"", ""white"", ""white"", ""white"", ""white"", ""white"", ""white""]",0,80,0,True
SONA_0008,98,19,60,4,55,6,2026-02-24T09:50:21+00:00,2026-02-24T10:22:21+00:00,prefer-not-to-share,junior,Neuroscience,,training,,6,2026-02-24T09:51:45+00:00,,,,,,,,,"[""black"", ""white"", ""black"", ""black"", ""black"", ""white"", ""white"", ""black"", ""black"", ""black""]",70,20,70,True
SONA_0008,98,19,60,4,55,6,2026-02-24T09:50:21+00:00,2026-02-24T10:22:21+00:00,prefer-not-to-share,junior,Neuroscience,,training,,7,2026-02-24T09:51:31+00:00,,,,,,,,,"[""white"", ""black"", ""white"", ""black"", ""black"", ""white"", ""white"", ""white"", ""white"", ""white""]",30,10,30,True
SONA_0008,98,19,60,4,55,6,2026-02-24T09:50:21+00:00,2026-02-24T10:22:21+00:00,prefer-not-to-share,junior,Neuroscience,,training,,8,2026-02-24T09:52:13+00:00,,,,,,,,,"[""white"", ""white"", ""white"", ""black"", ""black"", ""black"", ""white"", ""white"", ""black"", ""white""]",40,0,0,False
SONA_0008,98,19,60,4,55,6,2026-02-24T09:50:21+00:00,2026-02-24T10:22:21+00:00,prefer-not-to-share,junior,Neuroscience,,training,,9,2026-02-24T09:52:18+00:00,,,,,,,,,"[""black"", ""black"", ""black"", ""white"", ""white"", ""black"", ""white"", ""white"", ""white"", ""black""]",50,70,50,True
SONA_0008,98,19,60,4,55,6,2026-02-24T09:50:21+00:00,2026-02-24T10:22:21+00:00,prefer-not-to-share,junior,Neuroscience,,training,,10,2026-02-24T09:52:21+00:00,,,,,,,,,"[""white"", ""black"", ""white"", ""black"", ""white"", ""black"", ""black"", ""white"", ""black"", ""white""]",50,20,50,True
SONA_0009,74,47,50,3,30,4,2026-02-24T11:42:15+00:00,2026-02-24T12:23:15+00:00,female,senior,Mathematics,Psychology,training,,1,2026-02-24T11:42:22+00:00,,,,,,,,,"[""black"", ""white"", ""black"", ""black"", ""white"", ""black"", ""black"", ""black"", ""white"", ""black""]",70,40,70,True
SONA_0009,74,47,50,3,30,4,2026-02-24T11:42:15+00:00,2026-02-24T12:23:15+00:00,female,senior,Mathematics,Psychology,training,,2,2026-02-24T11:42:33+00:00,,,,,,,,,"[""black"", ""black"", ""white"", ""black"", ""black"", ""black"", ""black"", ""black"", ""white"", ""black""]",80,10,80,True
SONA_0009,74,47,50,3,30,4,2026-02-24T11:42:15+00:00,2026-02-24T12:23:15+00:00,female,senior,Mathematics,Psychology,training,,3,2026-02-24T11:42:42+00:00,,,,,,,,,"[""black"", ""black"", ""black"", ""white"", ""black"", ""black"", ""black"", ""black"", ""black"", ""black""]",90,40,40,False
SONA_0009,74,47,50,3,30,4,2026-02-24T11:42:15+00:00,2026-02-24T12:23:15+00:00,female,senior,Mathematics,Psychology,training,,4,2026-02-24T11:43:03+00:00,,,,,,,,,"[""black"", ""white"", ""white"", ""white"", ""black"", ""black"", ""black"", ""black"", ""white"", ""black""]",60,90,60,True
SONA_0009,74,47,50,3,30,4,2026-02-24T11:42:15+00:00,2026-02-24T12:23:15+00:00,female,senior,Mathematics,Psychology,training,,5,2026-02-24T11:43:30+00:00,,,,,,,,,"[""white"", ""white"", ""white"", ""white"", ""white"", ""white"", ""white"", ""white"", ""white"", ""white""]",0,60,0,True
SONA_0009,74,47,50,3,30,4,2026-02-24T11:42:15+00:00,2026-02-24T12:23:15+00:00,female,senior,Mathematics,Psychology,training,,6,2026-02-24T11:43:15+00:00,,,,,,,,,"[""black"", ""black"", ""black"", ""black"", ""black"", ""black"", ""black"", ""white"", ""black"", ""black""]",90,70,90,True
SONA_0009,74,47,50,3,30,4,2026-02-24T11:42:15+00:00,2026-02-24T12:23:15+00:00,female,senior,Mathematics,Psychology,training,,7,2026-02-24T11:43:53+00:00,,,,,,,,,"[""black"", ""black"", ""black"", ""black"", ""black"", ""black"", ""black"", ""black"", ""black"", ""black""]",100,50,100,True
SONA_0009,74,47,50,3,30,4,2026-02-24T11:42:15+00:00,2026-02-24T12:23:15+00:00,female,senior,Mathematics,Psychology,training,,8,2026-02-24T11:43:19+00:00,,,,,,,,,"[""black"", ""black"", ""black"", ""black"", ""black"", ""black"", ""black"", ""black"", ""white"", ""black""]",90,60,90,True
SONA_0009,74,47,50,3,30,4,2026-02-24T11:42:15+00:00,2026-02-24T12:23:15+00:00,female,senior,Mathematics,Psychology,training,,9,2026-02-24T11:43:36+00:00,,,,,,,,,"[""white"", ""black"", ""white"", ""white"", ""white"", ""white"", ""white"", ""white"", ""white"", ""white""]",10,80,10,True
SONA_0009,74,47,50,3,30,4,2026-02-24T11:42:15+00:00,2026-02-24T12:23:15+00:00,female,senior,Mathematics,Psychology,training,,10,2026-02-24T11:43:15+00:00,,,,,,,,,"[""black"", ""black"", ""black"", ""black"", ""black"", ""black"", ""black"", ""black"", ""black"", ""black""]",100,70,100,True
SONA_0010,10,25,35,4,55,5,2026-02-24T16:04:46+00:00,2026-02-24T16:45:46+00:00,female,junior,Biology,Data Science,training,,1,2026-02-24T16:05:01+00:00,,,,,,,,,"[""white"", ""white"", ""white"", ""white"", ""white"", ""white"", ""white"", ""white"", ""white"", ""white""]",0,90,90,False
SONA_0010,10,25,35,4,55,5,2026-02-24T16:04:46+00:00,2026-02-24T16:45:46+00:00,female,junior,Biology,Data Science,training,,2,2026-02-24T16:05:08+00:00,,,,,,,,,"[""white"", ""black"", ""black"", ""black"", ""white"", ""black"", ""white"", ""black"", ""white"", ""black""]",60,80,60,True
SONA_0010,10,25,35,4,55,5,2026-02-24T16:04:46+00:00,2026-02-24T16:45:46+00:00,female,junior,Biology,Data Science,training,,3,2026-02-24T16:05:10+00:00,,,,,,,,,"[""black"", ""black"", ""black"", ""black"", ""black"", ""black"", ""black"", ""black"", ""black"", ""black""]",100,80,100,True
SONA_0010,10,25,35,4,55,5,2026-02-24T16:04:46+00:00,2026-02-24T16:45:46+00:00,female,junior,Biology,Data Science,training,,4,2026-02-24T16:05:30+00:00,,,,,,,,,"[""black"", ""white"", ""black"", ""black"", ""black"", ""white"", ""white"", ""white"", ""white"", ""black""]",50,80,50,True
SONA_0010,10,25,35,4,55,5,2026-02-24T16:04:46+00:00,2026-02-24T16:45:46+00:00,female,junior,Biology,Data Science,training,,5,2026-02-24T16:05:56+00:00,,,,,,,,,"[""white"", ""white"", ""white"", ""white"", ""white"", ""white"", ""white"", ""white"", ""white"", ""white""]",0,20,0,True
SONA_0010,10,25,35,4,55,5,2026-02-24T16:04:46+00:00,2026-02-24T16:45:46+00:00,female,junior,Biology,Data Science,training,,6,2026-02-24T16:05:46+00:00,,,,,,,,,"[""white"", ""white"", ""black"", ""black"", ""black"", ""black"", ""black"", ""white"", ""black"", ""black""]",70,0,70,True
SONA_0010,10,25,35,4,55,5,2026-02-24T16:04:46+00:00,2026-02-24T16:45:46+00:00,female,junior,Biology,Data Science,training,,7,2026-02-24T16:06:31+00:00,,,,,,,,,"[""black"", ""white"", ""white"", ""white"", ""white"", ""black"", ""black"", ""black"", ""white"", ""white""]",40,20,40,True
SONA_0010,10,25,35,4,55,5,2026-02-24T16:04:46+00:00,2026-02-24T16:45:46+00:00,female,junior,Biology,Data Science,training,,8,2026-02-24T16:06:38+00:00,,,,,,,,,"[""black"", ""black"", ""black"", ""black"", ""black"", ""black"", ""black"", ""black"", ""black"", ""black""]",100,40,100,True
SONA_0010,10,25,35,4,55,5,2026-02-24T16:04:46+00:00,2026-02-24T16:45:46+00:00,female,junior,Biology,Data Science,training,,9,2026-02-24T16:05:40+00:00,,,,,,,,,"[""black"", ""white"", ""white"", ""white"", ""white"", ""white"", ""white"", ""white"", ""white"", ""white""]",10,40,10,True
SONA_0010,10,25,35,4,55,5,2026-02-24T16:04:46+00:00,2026-02-24T16:45:46+00:00,female,junior,Biology,Data Science,training,,10,2026-02-24T16:06:06+00:00,,,,,,,,,"[""white"", ""black"", ""black"", ""white"", ""black"", ""black"", ""black"", ""black"", ""black"", ""black""]",80,60,60,False
SONA_0011,86,28,40,3,50,4,2026-02-24T14:33:21+00:00,2026-02-24T15:09:21+00:00,female,sophomore,English,Writing,training,,1,2026-02-24T14:33:30+00:00,,,,,,,,,"[""black"", ""black"", ""black"", ""black"", ""black"", ""black"", ""black"", ""black"", ""black"", ""black""]",100,0,100,True
SONA_0011,86,28,40,3,50,4,2026-02-24T14:33:21+00:00,2026-02-24T15:09:21+00:00,female,sophomore,English,Writing,training,,2,2026-02-24T14:33:51+00:00,,,,,,,,,"[""black"", ""white"", ""white"", ""white"", ""black"", ""white"", ""black"", ""black"", ""white"", ""white""]",40,20,40,True
SONA_0011,86,28,40,3,50,4,2026-02-24T14:33:21+00:00,2026-02-24T15:09:21+00:00,female,sophomore,English,Writing,training,,3,2026-02-24T14:33:48+00:00,,,,,,,,,"[""white"", ""white"", ""white"", ""white"", ""white"", ""white"", ""white"", ""black"", ""black"", ""white""]",20,40,20,True
SONA_0011,86,28,40,3,50,4,2026-02-24T14:33:21+00:00,2026-02-24T15:09:21+00:00,female,sophomore,English,Writing,training,,4,2026-02-24T14:34:05+00:00,,,,,,,,,"[""black"", ""black"", ""white"", ""black"", ""black"", ""black"", ""white"", ""white"", ""white"", ""white""]",50,20,50,True
SONA_0011,86,28,40,3,50,4,2026-02-24T14:33:21+00:00,2026-02-24T15:09:21+00:00,female,sophomore,English,Writing,training,,5,2026-02-24T14:34:06+00:00,,,,,,,,,"[""white"", ""black"", ""black"", ""white"", ""black"", ""black"", ""black"", ""white"", ""white"", ""black""]",60,40,60,True
SONA_0011,86,28,40,3,50,4,2026-02-24T14:33:21+00:00,2026-02-24T15:09:21+00:00,female,sophomore,English,Writing,training,,6,2026-02-24T14:34:15+00:00,,,,,,,,,"[""black"", ""black"", ""white"", ""black"", ""white"", ""white"", ""white"", ""black"", ""white"", ""white""]",40,20,40,True
SONA_0011,86,28,40,3,50,4,2026-02-24T14:33:21+00:00,2026-02-24T15:09:21+00:00,female,sophomore,English,Writing,training,,7,2026-02-24T14:34:38+00:00,,,,,,,,,"[""white"", ""white"", ""black"", ""white"", ""white"", ""black"", ""white"", ""white"", ""white"", ""white""]",20,0,0,False
SONA_0011,86,28,40,3,50,4,2026-02-24T14:33:21+00:00,2026-02-24T15:09:21+00:00,female,sophomore,English,Writing,training,,8,2026-02-24T14:34:25+00:00,,,,,,,,,"[""white"", ""black"", ""white"", ""white"", ""white"", ""white"", ""white"", ""black"", ""black"", ""black""]",40,90,40,True
SONA_0011,86,28,40,3,50,4,2026-02-24T14:33:21+00:00,2026-02-24T15:09:21+00:00,female,sophomore,English,Writing,training,,9,2026-02-24T14:35:09+00:00,,,,,,,,,"[""black"", ""white"", ""black"", ""white"", ""white"", ""white"", ""white"", ""white"", ""white"", ""black""]",30,70,30,True
SONA_0011,86,28,40,3,50,4,2026-02-24T14:33:21+00:00,2026-02-24T15:09:21+00:00,female,sophomore,English,Writing,training,,10,2026-02-24T14:34:41+00:00,,,,,,,,,"[""white"", ""white"", ""white"", ""black"", ""white"", ""white"", ""black"", ""white"", ""white"", ""white""]",20,80,20,True
SONA_0012,99,68,55,4,50,3,2026-02-24T16:57:04+00:00,2026-02-24T17:32:04+00:00,prefer-not-to-share,freshman,English,,training,,1,2026-02-24T16:57:16+00:00,,,,,,,,,"[""black"", ""white"", ""white"", ""black"", ""black"", ""white"", ""black"", ""black"", ""white"", ""white""]",50,100,50,True
SONA_0012,99,68,55,4,50,3,2026-02-24T16:57:04+00:00,2026-02-24T17:32:04+00:00,prefer-not-to-share,freshman,English,,training,,2,2026-02-24T16:57:16+00:00,,,,,,,,,"[""black"", ""black"", ""black"", ""black"", ""black"", ""white"", ""black"", ""black"", ""black"", ""black""]",90,20,90,True
SONA_0012,99,68,55,4,50,3,2026-02-24T16:57:04+00:00,2026-02-24T17:32:04+00:00,prefer-not-to-share,freshman,English,,training,,3,2026-02-24T16:57:22+00:00,,,,,,,,,"[""white"", ""black"", ""black"", ""black"", ""black"", ""black"", ""black"", ""white"", ""white"", ""white""]",60,30,60,True
SONA_0012,99,68,55,4,50,3,2026-02-24T16:57:04+00:00,2026-02-24T17:32:04+00:00,prefer-not-to-share,freshman,English,,training,,4,2026-02-24T16:57:56+00:00,,,,,,,,,"[""black"", ""black"", ""black"", ""black"", ""black"", ""black"", ""black"", ""black"", ""black"", ""black""]",100,20,100,True
SONA_0012,99,68,55,4,50,3,2026-02-24T16:57:04+00:00,2026-02-24T17:32:04+00:00,prefer-not-to-share,freshman,English,,training,,5,2026-02-24T16:58:14+00:00,,,,,,,,,"[""white"", ""white"", ""black"", ""white"", ""white"", ""black"", ""white"", ""black"", ""white"", ""black""]",40,10,40,True
SONA_0012,99,68,55,4,50,3,2026-02-24T16:57:04+00:00,2026-02-24T17:32:04+00:00,prefer-not-to-share,freshman,English,,training,,6,2026-02-24T16:57:52+00:00,,,,,,,,,"[""white"", ""black"", ""white"", ""black"", ""black"", ""black"", ""white"", ""black"", ""white"", ""black""]",60,100,60,True
SONA_0012,99,68,55,4,50,3,2026-02-24T16:57:04+00:00,2026-02-24T17:32:04+00:00,prefer-not-to-share,freshman,English,,training,,7,2026-02-24T16:58:35+00:00,,,,,,,,,"[""black"", ""white"", ""black"", ""white"", ""white"", ""white"", ""white"", ""black"", ""white"", ""white""]",30,80,30,True
SONA_0012,99,68,55,4,50,3,2026-02-24T16:57:04+00:00,2026-02-24T17:32:04+00:00,prefer-not-to-share,freshman,English,,training,,8,2026-02-24T16:58:08+00:00,,,,,,,,,"[""white"", ""white"", ""black"", ""white"", ""black"", ""black"", ""white"", ""black"", ""black"", ""black""]",60,80,60,True
SONA_0012,99,68,55,4,50,3,2026-02-24T16:57:04+00:00,2026-02-24T17:32:04+00:00,prefer-not-to-share,freshman,English,,training,,9,2026-02-24T16:58:25+00:00,,,,,,,,,"[""white"", ""white"", ""white"", ""white"", ""white"", ""white"", ""white"", ""black"", ""black"", ""white""]",20,60,20,True
SONA_0012,99,68,55,4,50,3,2026-02-24T16:57:04+00:00,2026-02-24T17:32:04+00:00,prefer-not-to-share,freshman,English,,training,,10,2026-02-24T16:58:04+00:00,,,,,,,,,"[""white"", ""white"", ""white"", ""black"", ""white"", ""white"", ""white"", ""black"", ""white"", ""black""]",30,70,70,False
SONA_0013,94,38,45,4,55,2,2026-02-24T13:31:44+00:00,2026-02-24T14:05:44+00:00,male,masters,English,Statistics,training,,1,2026-02-24T13:31:54+00:00,,,,,,,,,"[""white"", ""white"", ""white"", ""white"", ""white"", ""white"", ""black"", ""white"", ""white"", ""white""]",10,70,10,True
SONA_0013,94,38,45,4,55,2,2026-02-24T13:31:44+00:00,2026-02-24T14:05:44+00:00,male,masters,English,Statistics,training,,2,2026-02-24T13:32:08+00:00,,,,,,,,,"[""white"", ""white"", ""white"", ""white"", ""white"", ""white"", ""white"", ""white"", ""white"", ""white""]",0,50,50,False
SONA_0013,94,38,45,4,55,2,2026-02-24T13:31:44+00:00,2026-02-24T14:05:44+00:00,male,masters,English,Statistics,training,,3,2026-02-24T13:32:08+00:00,,,,,,,,,"[""black"", ""white"", ""black"", ""black"", ""black"", ""white"", ""black"", ""black"", ""black"", ""white""]",70,90,90,False
SONA_0013,94,38,45,4,55,2,2026-02-24T13:31:44+00:00,2026-02-24T14:05:44+00:00,male,masters,English,Statistics,training,,4,2026-02-24T13:32:16+00:00,,,,,,,,,"[""white"", ""white"", ""white"", ""white"", ""white"", ""black"", ""white"", ""white"", ""white"", ""white""]",10,60,10,True
SONA_0013,94,38,45,4,55,2,2026-02-24T13:31:44+00:00,2026-02-24T14:05:44+00:00,male,masters,English,Statistics,training,,5,2026-02-24T13:32:29+00:00,,,,,,,,,"[""black"", ""white"", ""black"", ""black"", ""black"", ""black"", ""white"", ""white"", ""white"", ""white""]",50,70,50,True
SONA_0013,94,38,45,4,55,2,2026-02-24T13:31:44+00:00,2026-02-24T14:05:44+00:00,male,masters,English,Statistics,training,,6,2026-02-24T13:33:14+00:00,,,,,,,,,"[""black"", ""black"", ""black"", ""black"", ""black"", ""white"", ""black"", ""black"", ""white"", ""black""]",80,10,80,True
SONA_0013,94,38,45,4,55,2,2026-02-24T13:31:44+00:00,2026-02-24T14:05:44+00:00,male,masters,English,Statistics,training,,7,2026-02-24T13:33:01+00:00,,,,,,,,,"[""black"", ""black"", ""white"", ""white"", ""white"", ""black"", ""black"", ""white"", ""white"", ""black""]",50,80,50,True
SONA_0013,94,38,45,4,55,2,2026-02-24T13:31:44+00:00,2026-02-24T14:05:44+00:00,male,masters,English,Statistics,training,,8,2026-02-24T13:33:36+00:00,,,,,,,,,"[""black"", ""white"", ""black"", ""black"", ""white"", ""white"", ""white"", ""white"", ""white"", ""black""]",40,70,70,False
SONA_0013,94,38,45,4,55,2,2026-02-24T13:31:44+00:00,2026-02-24T14:05:44+00:00,male,masters,English,Statistics,training,,9,2026-02-24T13:32:38+00:00,,,,,,,,,"[""black"", ""black"", ""black"", ""black"", ""black"", ""black"", ""black"", ""white"", ""black"", ""black""]",90,60,90,True
SONA_0013,94,38,45,4,55,2,2026-02-24T13:31:44+00:00,2026-02-24T14:05:44+00:00,male,masters,English,Statistics,training,,10,2026-02-24T13:32:44+00:00,,,,,,,,,"[""black"", ""white"", ""black"", ""black"", ""black"", ""black"", ""black"", ""black"", ""black"", ""black""]",90,20,90,True
SONA_0014,27,47,45,4,50,3,2026-02-24T10:15:21+00:00,2026-02-24T11:00:21+00:00,male,sophomore,Communications,,training,,1,2026-02-24T10:15:32+00:00,,,,,,,,,"[""white"", ""black"", ""black"", ""white"", ""white"", ""black"", ""white"", ""white"", ""white"", ""white""]",30,10,30,True
SONA_0014,27,47,45,4,50,3,2026-02-24T10:15:21+00:00,2026-02-24T11:00:21+00:00,male,sophomore,Communications,,training,,2,2026-02-24T10:15:35+00:00,,,,,,,,,"[""black"", ""black"", ""white"", ""black"", ""white"", ""black"", ""white"", ""white"", ""white"", ""black""]",50,100,50,True
SONA_0014,27,47,45,4,50,3,2026-02-24T10:15:21+00:00,2026-02-24T11:00:21+00:00,male,sophomore,Communications,,training,,3,2026-02-24T10:16:06+00:00,,,,,,,,,"[""white"", ""black"", ""black"", ""white"", ""black"", ""white"", ""white"", ""white"", ""white"", ""black""]",40,80,40,True
SONA_0014,27,47,45,4,50,3,2026-02-24T10:15:21+00:00,2026-02-24T11:00:21+00:00,male,sophomore,Communications,,training,,4,2026-02-24T10:15:49+00:00,,,,,,,,,"[""white"", ""black"", ""white"", ""white"", ""white"", ""black"", ""white"", ""black"", ""black"", ""white""]",40,60,40,True
SONA_0014,27,47,45,4,50,3,2026-02-24T10:15:21+00:00,2026-02-24T11:00:21+00:00,male,sophomore,Communications,,training,,5,2026-02-24T10:16:36+00:00,,,,,,,,,"[""white"", ""black"", ""white"", ""white"", ""white"", ""white"", ""white"", ""white"", ""white"", ""black""]",20,40,20,True
SONA_0014,27,47,45,4,50,3,2026-02-24T10:15:21+00:00,2026-02-24T11:00:21+00:00,male,sophomore,Communications,,training,,6,2026-02-24T10:16:51+00:00,,,,,,,,,"[""black"", ""black"", ""black"", ""black"", ""black"", ""black"", ""black"", ""black"", ""black"", ""black""]",100,40,40,False
SONA_0014,27,47,45,4,50,3,2026-02-24T10:15:21+00:00,2026-02-24T11:00:21+00:00,male,sophomore,Communications,,training,,7,2026-02-24T10:16:38+00:00,,,,,,,,,"[""white"", ""white"", ""white"", ""white"", ""white"", ""white"", ""white"", ""white"", ""white"", ""white""]",0,30,0,True
SONA_0014,27,47,45,4,50,3,2026-02-24T10:15:21+00:00,2026-02-24T11:00:21+00:00,male,sophomore,Communications,,training,,8,2026-02-24T10:16:49+00:00,,,,,,,,,"[""white"", ""black"", ""white"", ""black"", ""white"", ""white"", ""white"", ""white"", ""white"", ""white""]",20,80,80,False
SONA_0014,27,47,45,4,50,3,2026-02-24T10:15:21+00:00,2026-02-24T11:00:21+00:00,male,sophomore,Communications,,training,,9,2026-02-24T10:17:00+00:00,,,,,,,,,"[""black"", ""white"", ""black"", ""white"", ""black"", ""white"", ""black"", ""black"", ""white"", ""white""]",50,20,50,True
SONA_0014,27,47,45,4,50,3,2026-02-24T10:15:21+00:00,2026-02-24T11:00:21+00:00,male,sophomore,Communications,,training,,10,2026-02-24T10:17:21+00:00,,,,,,,,,"[""white"", ""black"", ""black"", ""white"", ""black"", ""white"", ""black"", ""black"", ""white"", ""white""]",50,70,50,True
SONA_0015,30,17,60,7,35,2,2026-02-24T10:56:56+00:00,2026-02-24T11:34:56+00:00,male,junior,Communications,Writing,training,,1,2026-02-24T10:57:04+00:00,,,,,,,,,"[""white"", ""black"", ""white"", ""black"", ""black"", ""white"", ""white"", ""white"", ""black"", ""black""]",50,90,50,True
SONA_0015,30,17,60,7,35,2,2026-02-24T10:56:56+00:00,2026-02-24T11:34:56+00:00,male,junior,Communications,Writing,training,,2,2026-02-24T10:57:16+00:00,,,,,,,,,"[""white"", ""black"", ""white"", ""white"", ""white"", ""white"", ""white"", ""white"", ""white"", ""white""]",10,60,10,True
SONA_0015,30,17,60,7,35,2,2026-02-24T10:56:56+00:00,2026-02-24T11:34:56+00:00,male,junior,Communications,Writing,training,,3,2026-02-24T10:57:26+00:00,,,,,,,,,"[""white"", ""white"", ""black"", ""black"", ""white"", ""black"", ""white"", ""black"", ""black"", ""black""]",60,30,30,False
SONA_0015,30,17,60,7,35,2,2026-02-24T10:56:56+00:00,2026-02-24T11:34:56+00:00,male,junior,Communications,Writing,training,,4,2026-02-24T10:57:56+00:00,,,,,,,,,"[""white"", ""black"", ""black"", ""white"", ""black"", ""black"", ""white"", ""black"", ""white"", ""white""]",50,10,50,True
SONA_0015,30,17,60,7,35,2,2026-02-24T10:56:56+00:00,2026-02-24T11:34:56+00:00,male,junior,Communications,Writing,training,,5,2026-02-24T10:57:36+00:00,,,,,,,,,"[""black"", ""black"", ""black"", ""black"", ""black"", ""white"", ""white"", ""black"", ""black"", ""black""]",80,30,80,True
SONA_0015,30,17,60,7,35,2,2026-02-24T10:56:56+00:00,2026-02-24T11:34:56+00:00,male,junior,Communications,Writing,training,,6,2026-02-24T10:58:26+00:00,,,,,,,,,"[""black"", ""black"", ""black"", ""black"", ""black"", ""black"", ""black"", ""black"", ""black"", ""black""]",100,20,100,True
SONA_0015,30,17,60,7,35,2,2026-02-24T10:56:56+00:00,2026-02-24T11:34:56+00:00,male,junior,Communications,Writing,training,,7,2026-02-24T10:58:20+00:00,,,,,,,,,"[""black"", ""black"", ""black"", ""white"", ""black"", ""black"", ""black"", ""white"", ""black"", ""black""]",80,40,80,True
SONA_0015,30,17,60,7,35,2,2026-02-24T10:56:56+00:00,2026-02-24T11:34:56+00:00,male,junior,Communications,Writing,training,,8,2026-02-24T10:58:08+00:00,,,,,,,,,"[""white"", ""white"", ""black"", ""black"", ""white"", ""black"", ""white"", ""black"", ""white"", ""white""]",40,10,40,True
SONA_0015,30,17,60,7,35,2,2026-02-24T10:56:56+00:00,2026-02-24T11:34:56+00:00,male,junior,Communications,Writing,training,,9,2026-02-24T10:58:53+00:00,,,,,,,,,"[""white"", ""white"", ""black"", ""white"", ""white"", ""white"", ""white"", ""white"", ""black"", ""black""]",30,0,30,True
SONA_0015,30,17,60,7,35,2,2026-02-24T10:56:56+00:00,2026-02-24T11:34:56+00:00,male,junior,Communications,Writing,training,,10,2026-02-24T10:59:26+00:00,,,,,,,,,"[""black"", ""white"", ""black"", ""black"", ""black"", ""black"", ""black"", ""black"", ""black"", ""white""]",80,0,0,False
SONA_0016,4,42,55,1,60,5,2026-02-24T11:17:42+00:00,2026-02-24T11:53:42+00:00,male,sophomore,Economics,Psychology,training,,1,2026-02-24T11:17:53+00:00,,,,,,,,,"[""black"", ""black"", ""black"", ""black"", ""black"", ""black"", ""black"", ""black"", ""black"", ""white""]",90,60,60,False
SONA_0016,4,42,55,1,60,5,2026-02-24T11:17:42+00:00,2026-02-24T11:53:42+00:00,male,sophomore,Economics,Psychology,training,,2,2026-02-24T11:18:10+00:00,,,,,,,,,"[""black"", ""black"", ""black"", ""black"", ""white"", ""black"", ""white"", ""white"", ""black"", ""black""]",70,90,70,True
SONA_0016,4,42,55,1,60,5,2026-02-24T11:17:42+00:00,2026-02-24T11:53:42+00:00,male,sophomore,Economics,Psychology,training,,3,2026-02-24T11:18:06+00:00,,,,,,,,,"[""black"", ""black"", ""black"", ""black"", ""black"", ""black"", ""black"", ""black"", ""black"", ""black""]",100,0,100,True
SONA_0016,4,42,55,1,60,5,2026-02-24T11:17:42+00:00,2026-02-24T11:53:42+00:00,male,sophomore,Economics,Psychology,training,,4,2026-02-24T11:18:06+00:00,,,,,,,,,"[""black"", ""black"", ""black"", ""black"", ""black"", ""black"", ""black"", ""black"", ""black"", ""white""]",90,40,40,False
SONA_0016,4,42,55,1,60,5,2026-02-24T11:17:42+00:00,2026-02-24T11:53:42+00:00,male,sophomore,Economics,Psychology,training,,5,2026-02-24T11:18:42+00:00,,,,,,,,,"[""black"", ""black"", ""black"", ""black"", ""black"", ""black"", ""black"", ""black"", ""black"", ""black""]",100,80,100,True
SONA_0016,4,42,55,1,60,5,2026-02-24T11:17:42+00:00,2026-02-24T11:53:42+00:00,male,sophomore,Economics,Psychology,training,,6,2026-02-24T11:18:18+00:00,,,,,,,,,"[""white"", ""white"", ""white"", ""white"", ""black"", ""white"", ""white"", ""white"", ""white"", ""black""]",20,50,50,False
SONA_0016,4,42,55,1,60,5,2026-02-24T11:17:42+00:00,2026-02-24T11:53:42+00:00,male,sophomore,Economics,Psychology,training,,7,2026-02-24T11:19:27+00:00,,,,,,,,,"[""white"", ""black"", ""white"", ""white"", ""white"", ""white"", ""black"", ""black"", ""white"", ""white""]",30,100,30,True
SONA_0016,4,42,55,1,60,5,2026-02-24T11:17:42+00:00,2026-02-24T11:53:42+00:00,male,sophomore,Economics,Psychology,training,,8,2026-02-24T11:19:34+00:00,,,,,,,,,"[""white"", ""white"", ""white"", ""white"", ""white"", ""white"", ""white"", ""white"", ""white"", ""white""]",0,80,80,False
SONA_0016,4,42,55,1,60,5,2026-02-24T11:17:42+00:00,2026-02-24T11:53:42+00:00,male,sophomore,Economics,Psychology,training,,9,2026-02-24T11:19:21+00:00,,,,,,,,,"[""white"", ""white"", ""black"", ""white"", ""white"", ""white"", ""white"", ""white"", ""white"", ""white""]",10,80,10,True
SONA_0016,4,42,55,1,60,5,2026-02-24T11:17:42+00:00,2026-02-24T11:53:42+00:00,male,sophomore,Economics,Psychology,training,,10,2026-02-24T11:18:52+00:00,,,,,,,,,"[""black"", ""black"", ""white"", ""black"", ""black"", ""black"", ""black"", ""white"", ""white"", ""black""]",70,0,70,True
SONA_0017,46,30,50,4,80,5,2026-02-24T17:08:18+00:00,2026-02-24T17:50:18+00:00,male,freshman,Sociology,,training,,1,2026-02-24T17:08:27+00:00,,,,,,,,,"[""black"", ""white"", ""black"", ""black"", ""black"", ""black"", ""black"", ""black"", ""black"", ""black""]",90,60,90,True
SONA_0017,46,30,50,4,80,5,2026-02-24T17:08:18+00:00,2026-02-24T17:50:18+00:00,male,freshman,Sociology,,training,,2,2026-02-24T17:08:30+00:00,,,,,,,,,"[""white"", ""black"", ""black"", ""black"", ""black"", ""white"", ""black"", ""white"", ""black"", ""white""]",60,90,90,False
SONA_0017,46,30,50,4,80,5,2026-02-24T17:08:18+00:00,2026-02-24T17:50:18+00:00,male,freshman,Sociology,,training,,3,2026-02-24T17:08:54+00:00,,,,,,,,,"[""black"", ""black"", ""white"", ""black"", ""black"", ""black"", ""black"", ""black"", ""white"", ""black""]",80,40,80,True
SONA_0017,46,30,50,4,80,5,2026-02-24T17:08:18+00:00,2026-02-24T17:50:18+00:00,male,freshman,Sociology,,training,,4,2026-02-24T17:09:06+00:00,,,,,,,,,"[""black"", ""black"", ""black"", ""black"", ""black"", ""black"", ""black"", ""black"", ""black"", ""black""]",100,50,100,True
SONA_0017,46,30,50,4,80,5,2026-02-24T17:08:18+00:00,2026-02-24T17:50:18+00:00,male,freshman,Sociology,,training,,5,2026-02-24T17:08:48+00:00,,,,,,,,,"[""white"", ""white"", ""white"", ""white"", ""white"", ""white"", ""white"", ""white"", ""white"", ""white""]",0,20,0,True
SONA_0017,46,30,50,4,80,5,2026-02-24T17:08:18+00:00,2026-02-24T17:50:18+00:00,male,freshman,Sociology,,training,,6,2026-02-24T17:09:30+00:00,,,,,,,,,"[""black"", ""black"", ""white"", ""black"", ""white"", ""black"", ""white"", ""white"", ""white"", ""black""]",50,0,50,True
SONA_0017,46,30,50,4,80,5,2026-02-24T17:08:18+00:00,2026-02-24T17:50:18+00:00,male,freshman,Sociology,,training,,7,2026-02-24T17:10:03+00:00,,,,,,,,,"[""white"", ""white"", ""black"", ""black"", ""black"", ""black"", ""black"", ""black"", ""black"", ""black""]",80,50,80,True
SONA_0017,46,30,50,4,80,5,2026-02-24T17:08:18+00:00,2026-02-24T17:50:18+00:00,male,freshman,Sociology,,training,,8,2026-02-24T17:10:02+00:00,,,,,,,,,"[""white"", ""white"", ""white"", ""black"", ""black"", ""black"", ""black"", ""white"", ""black"", ""black""]",60,100,100,False
SONA_0017,46,30,50,4,80,5,2026-02-24T17:08:18+00:00,2026-02-24T17:50:18+00:00,male,freshman,Sociology,,training,,9,2026-02-24T17:10:15+00:00,,,,,,,,,"[""black"", ""black"", ""black"", ""white"", ""black"", ""black"", ""black"", ""black"", ""black"", ""black""]",90,30,90,True
SONA_0017,46,30,50,4,80,5,2026-02-24T17:08:18+00:00,2026-02-24T17:50:18+00:00,male,freshman,Sociology,,training,,10,2026-02-24T17:10:28+00:00,,,,,,,,,"[""black"", ""black"", ""black"", ""white"", ""black"", ""white"", ""white"", ""white"", ""white"", ""black""]",50,100,50,True
SONA_0018,32,56,45,3,50,3,2026-02-24T15:43:41+00:00,2026-02-24T16:21:41+00:00,female,sophomore,Psychology,Statistics,training,,1,2026-02-24T15:43:48+00:00,,,,,,,,,"[""black"", ""black"", ""white"", ""white"", ""white"", ""white"", ""white"", ""black"", ""white"", ""black""]",40,90,40,True
SONA_0018,32,56,45,3,50,3,2026-02-24T15:43:41+00:00,2026-02-24T16:21:41+00:00,female,sophomore,Psychology,Statistics,training,,2,2026-02-24T15:44:03+00:00,,,,,,,,,"[""white"", ""white"", ""black"", ""white"", ""black"", ""black"", ""black"", ""white"", ""black"", ""white""]",50,90,90,False
SONA_0018,32,56,45,3,50,3,2026-02-24T15:43:41+00:00,2026-02-24T16:21:41+00:00,female,sophomore,Psychology,Statistics,training,,3,2026-02-24T15:44:26+00:00,,,,,,,,,"[""white"", ""white"", ""black"", ""white"", ""white"", ""black"", ""black"", ""white"", ""white"", ""white""]",30,10,10,False
SONA_0018,32,56,45,3,50,3,2026-02-24T15:43:41+00:00,2026-02-24T16:21:41+00:00,female,sophomore,Psychology,Statistics,training,,4,2026-02-24T15:44:41+00:00,,,,,,,,,"[""black"", ""white"", ""white"", ""white"", ""white"", ""white"", ""white"", ""white"", ""white"", ""white""]",10,40,10,True
SONA_0018,32,56,45,3,50,3,2026-02-24T15:43:41+00:00,2026-02-24T16:21:41+00:00,female,sophomore,Psychology,Statistics,training,,5,2026-02-24T15:44:31+00:00,,,,,,,,,"[""black"", ""white"", ""white"", ""white"", ""white"", ""white"", ""white"", ""white"", ""white"", ""white""]",10,30,10,True
SONA_0018,32,56,45,3,50,3,2026-02-24T15:43:41+00:00,2026-02-24T16:21:41+00:00,female,sophomore,Psychology,Statistics,training,,6,2026-02-24T15:44:23+00:00,,,,,,,,,"[""black"", ""black"", ""white"", ""white"", ""black"", ""black"", ""white"", ""white"", ""black"", ""white""]",50,30,30,False
SONA_0018,32,56,45,3,50,3,2026-02-24T15:43:41+00:00,2026-02-24T16:21:41+00:00,female,sophomore,Psychology,Statistics,training,,7,2026-02-24T15:44:58+00:00,,,,,,,,,"[""white"", ""white"", ""white"", ""white"", ""white"", ""white"", ""white"", ""white"", ""white"", ""white""]",0,40,40,False
SONA_0018,32,56,45,3,50,3,2026-02-24T15:43:41+00:00,2026-02-24T16:21:41+00:00,female,sophomore,Psychology,Statistics,training,,8,2026-02-24T15:44:29+00:00,,,,,,,,,"[""black"", ""black"", ""black"", ""black"", ""black"", ""white"", ""black"", ""black"", ""black"", ""black""]",90,0,90,True
SONA_0018,32,56,45,3,50,3,2026-02-24T15:43:41+00:00,2026-02-24T16:21:41+00:00,female,sophomore,Psychology,Statistics,training,,9,2026-02-24T15:45:20+00:00,,,,,,,,,"[""black"", ""white"", ""white"", ""white"", ""white"", ""black"", ""white"", ""white"", ""white"", ""white""]",20,80,20,True
SONA_0018,32,56,45,3,50,3,2026-02-24T15:43:41+00:00,2026-02-24T16:21:41+00:00,female,sophomore,Psychology,Statistics,training,,10,2026-02-24T15:45:41+00:00,,,,,,,,,"[""white"", ""white"", ""white"", ""black"", ""black"", ""black"", ""white"", ""black"", ""black"", ""black""]",60,80,60,True
SONA_0019,51,23,60,4,40,4,2026-02-24T12:56:17+00:00,2026-02-24T13:24:17+00:00,male,junior,History,Statistics,training,,1,2026-02-24T12:56:31+00:00,,,,,,,,,"[""white"", ""black"", ""black"", ""black"", ""black"", ""black"", ""white"", ""white"", ""white"", ""black""]",60,10,60,True
SONA_0019,51,23,60,4,40,4,2026-02-24T12:56:17+00:00,2026-02-24T13:24:17+00:00,male,junior,History,Statistics,training,,2,2026-02-24T12:56:31+00:00,,,,,,,,,"[""white"", ""white"", ""black"", ""white"", ""white"", ""black"", ""black"", ""white"", ""black"", ""white""]",40,70,40,True
SONA_0019,51,23,60,4,40,4,2026-02-24T12:56:17+00:00,2026-02-24T13:24:17+00:00,male,junior,History,Statistics,training,,3,2026-02-24T12:56:50+00:00,,,,,,,,,"[""white"", ""white"", ""black"", ""black"", ""black"", ""white"", ""black"", ""black"", ""black"", ""black""]",70,30,30,False
SONA_0019,51,23,60,4,40,4,2026-02-24T12:56:17+00:00,2026-02-24T13:24:17+00:00,male,junior,History,Statistics,training,,4,2026-02-24T12:56:41+00:00,,,,,,,,,"[""black"", ""black"", ""black"", ""white"", ""white"", ""black"", ""white"", ""white"", ""white"", ""black""]",50,20,50,True
SONA_0019,51,23,60,4,40,4,2026-02-24T12:56:17+00:00,2026-02-24T13:24:17+00:00,male,junior,History,Statistics,training,,5,2026-02-24T12:56:47+00:00,,,,,,,,,"[""white"", ""white"", ""white"", ""black"", ""white"", ""black"", ""black"", ""white"", ""white"", ""black""]",40,100,40,True
SONA_0019,51,23,60,4,40,4,2026-02-24T12:56:17+00:00,2026-02-24T13:24:17+00:00,male,junior,History,Statistics,training,,6,2026-02-24T12:57:35+00:00,,,,,,,,,"[""white"", ""black"", ""black"", ""black"", ""black"", ""black"", ""black"", ""black"", ""black"", ""black""]",90,50,90,True
SONA_0019,51,23,60,4,40,4,2026-02-24T12:56:17+00:00,2026-02-24T13:24:17+00:00,male,junior,History,Statistics,training,,7,2026-02-24T12:57:06+00:00,,,,,,,,,"[""white"", ""black"", ""white"", ""white"", ""white"", ""black"", ""black"", ""white"", ""black"", ""white""]",40,60,40,True
SONA_0019,51,23,60,4,40,4,2026-02-24T12:56:17+00:00,2026-02-24T13:24:17+00:00,male,junior,History,Statistics,training,,8,2026-02-24T12:58:17+00:00,,,,,,,,,"[""black"", ""black"", ""black"", ""black"", ""black"", ""black"", ""black"", ""black"", ""black"", ""white""]",90,50,90,True
SONA_0019,51,23,60,4,40,4,2026-02-24T12:56:17+00:00,2026-02-24T13:24:17+00:00,male,junior,History,Statistics,training,,9,2026-02-24T12:57:47+00:00,,,,,,,,,"[""black"", ""black"", ""black"", ""black"", ""black"", ""white"", ""white"", ""black"", ""white"", ""black""]",70,90,70,True
SONA_0019,51,23,60,4,40,4,2026-02-24T12:56:17+00:00,2026-02-24T13:24:17+00:00,male,junior,History,Statistics,training,,10,2026-02-24T12:57:47+00:00,,,,,,,,,"[""white"", ""white"", ""white"", ""black"", ""black"", ""white"", ""white"", ""white"", ""white"", ""white""]",20,50,20,True
SONA_0020,29,53,15,4,60,4,2026-02-24T10:06:53+00:00,2026-02-24T10:46:53+00:00,female,freshman,Mathematics,Data Science,training,,1,2026-02-24T10:07:06+00:00,,,,,,,,,"[""black"", ""black"", ""black"", ""black"", ""black"", ""black"", ""black"", ""black"", ""black"", ""black""]",100,10,100,True
SONA_0020,29,53,15,4,60,4,2026-02-24T10:06:53+00:00,2026-02-24T10:46:53+00:00,female,freshman,Mathematics,Data Science,training,,2,2026-02-24T10:07:05+00:00,,,,,,,,,"[""black"", ""white"", ""white"", ""white"", ""black"", ""black"", ""black"", ""white"", ""white"", ""black""]",50,70,50,True
SONA_0020,29,53,15,4,60,4,2026-02-24T10:06:53+00:00,2026-02-24T10:46:53+00:00,female,freshman,Mathematics,Data Science,training,,3,2026-02-24T10:07:14+00:00,,,,,,,,,"[""white"", ""black"", ""black"", ""white"", ""white"", ""black"", ""black"", ""white"", ""white"", ""white""]",40,100,100,False
SONA_0020,29,53,15,4,60,4,2026-02-24T10:06:53+00:00,2026-02-24T10:46:53+00:00,female,freshman,Mathematics,Data Science,training,,4,2026-02-24T10:07:29+00:00,,,,,,,,,"[""black"", ""white"", ""white"", ""white"", ""black"", ""black"", ""white"", ""white"", ""black"", ""white""]",40,70,40,True
SONA_0020,29,53,15,4,60,4,2026-02-24T10:06:53+00:00,2026-02-24T10:46:53+00:00,female,freshman,Mathematics,Data Science,training,,5,2026-02-24T10:07:28+00:00,,,,,,,,,"[""white"", ""black"", ""white"", ""white"", ""black"", ""white"", ""white"", ""white"", ""black"", ""black""]",40,90,40,True
SONA_0020,29,53,15,4,60,4,2026-02-24T10:06:53+00:00,2026-02-24T10:46:53+00:00,female,freshman,Mathematics,Data Science,training,,6,2026-02-24T10:08:05+00:00,,,,,,,,,"[""black"", ""white"", ""black"", ""white"", ""white"", ""white"", ""white"", ""white"", ""white"", ""white""]",20,0,0,False
SONA_0020,29,53,15,4,60,4,2026-02-24T10:06:53+00:00,2026-02-24T10:46:53+00:00,female,freshman,Mathematics,Data Science,training,,7,2026-02-24T10:07:35+00:00,,,,,,,,,"[""white"", ""white"", ""white"", ""white"", ""white"", ""white"", ""white"", ""white"", ""white"", ""white""]",0,30,30,False
SONA_0020,29,53,15,4,60,4,2026-02-24T10:06:53+00:00,2026-02-24T10:46:53+00:00,female,freshman,Mathematics,Data Science,training,,8,2026-02-24T10:08:45+00:00,,,,,,,,,"[""white"", ""black"", ""white"", ""white"", ""white"", ""white"", ""white"", ""white"", ""white"", ""white""]",10,100,10,True
SONA_0020,29,53,15,4,60,4,2026-02-24T10:06:53+00:00,2026-02-24T10:46:53+00:00,female,freshman,Mathematics,Data Science,training,,9,2026-02-24T10:07:47+00:00,,,,,,,,,"[""black"", ""white"", ""black"", ""white"", ""white"", ""black"", ""white"", ""black"", ""black"", ""white""]",50,20,50,True
SONA_0020,29,53,15,4,60,4,2026-02-24T10:06:53+00:00,2026-02-24T10:46:53+00:00,female,freshman,Mathematics,Data Science,training,,10,2026-02-24T10:09:03+00:00,,,,,,,,,"[""white"", ""white"", ""white"", ""black"", ""black"", ""white"", ""white"", ""white"", ""black"", ""white""]",30,60,30,True
TEST_001,45,72,50,5,,,2026-02-22T00:00:00+00:00,,,,,,training,,1,2026-02-22T00:01:00+00:00,,,,,,,,,"[""black"", ""white"", ""black""]",30,70,30,True
TEST_FULL_002,65,30,50,5,50,4,2026-02-23T09:50:00+00:00,2026-02-23T10:25:00+00:00,male,junior,Computer Science,Math,training,,1,2026-02-23T09:50:00+00:00,,,,,,,,,"[""black"", ""white"", ""black""]",60,20,60,True
TEST_FULL_099,65,30,45,4,55,3,2026-02-23T10:00:00+00:00,2026-02-23T10:29:00+00:00,female,sophomore,Psychology,Statistics,training,,1,2026-02-23T10:00:08+00:00,,,,,,,,,"[""white"", ""black"", ""black"", ""white"", ""black"", ""black"", ""white"", ""black"", ""black"", ""black""]",70,100,70,True
TEST_FULL_099,65,30,45,4,55,3,2026-02-23T10:00:00+00:00,2026-02-23T10:29:00+00:00,female,sophomore,Psychology,Statistics,training,,2,2026-02-23T10:00:16+00:00,,,,,,,,,"[""white"", ""white"", ""white"", ""white"", ""white"", ""black"", ""white"", ""black"", ""white"", ""white""]",20,40,20,True
TEST_FULL_099,65,30,45,4,55,3,2026-02-23T10:00:00+00:00,2026-02-23T10:29:00+00:00,female,sophomore,Psychology,Statistics,training,,3,2026-02-23T10:00:24+00:00,,,,,,,,,"[""white"", ""white"", ""black"", ""white"", ""white"", ""black"", ""white"", ""white"", ""white"", ""white""]",20,50,20,True
TEST_FULL_099,65,30,45,4,55,3,2026-02-23T10:00:00+00:00,2026-02-23T10:29:00+00:00,female,sophomore,Psychology,Statistics,training,,4,2026-02-23T10:00:32+00:00,,,,,,,,,"[""black"", ""black"", ""black"", ""black"", ""white"", ""black"", ""white"", ""black"", ""black"", ""black""]",80,100,80,True
TEST_FULL_099,65,30,45,4,55,3,2026-02-23T10:00:00+00:00,2026-02-23T10:29:00+00:00,female,sophomore,Psychology,Statistics,training,,5,2026-02-23T10:00:40+00:00,,,,,,,,,"[""black"", ""white"", ""white"", ""black"", ""white"", ""white"", ""black"", ""black"", ""black"", ""black""]",60,30,60,True
TEST_FULL_099,65,30,45,4,55,3,2026-02-23T10:00:00+00:00,2026-02-23T10:29:00+00:00,female,sophomore,Psychology,Statistics,training,,6,2026-02-23T10:00:48+00:00,,,,,,,,,"[""white"", ""black"", ""black"", ""black"", ""white"", ""black"", ""white"", ""white"", ""black"", ""white""]",50,30,50,True
TEST_FULL_099,65,30,45,4,55,3,2026-02-23T10:00:00+00:00,2026-02-23T10:29:00+00:00,female,sophomore,Psychology,Statistics,training,,7,2026-02-23T10:00:56+00:00,,,,,,,,,"[""white"", ""white"", ""white"", ""black"", ""black"", ""black"", ""white"", ""black"", ""white"", ""black""]",50,80,50,True
TEST_FULL_099,65,30,45,4,55,3,2026-02-23T10:00:00+00:00,2026-02-23T10:29:00+00:00,female,sophomore,Psychology,Statistics,training,,8,2026-02-23T10:01:04+00:00,,,,,,,,,"[""black"", ""black"", ""black"", ""white"", ""white"", ""white"", ""white"", ""white"", ""white"", ""white""]",30,10,30,True
TEST_FULL_099,65,30,45,4,55,3,2026-02-23T10:00:00+00:00,2026-02-23T10:29:00+00:00,female,sophomore,Psychology,Statistics,training,,9,2026-02-23T10:01:12+00:00,,,,,,,,,"[""white"", ""black"", ""black"", ""black"", ""black"", ""black"", ""white"", ""white"", ""black"", ""white""]",60,30,60,True
TEST_FULL_099,65,30,45,4,55,3,2026-02-23T10:00:00+00:00,2026-02-23T10:29:00+00:00,female,sophomore,Psychology,Statistics,training,,10,2026-02-23T10:01:20+00:00,,,,,,,,,"[""black"", ""black"", ""white"", ""black"", ""black"", ""black"", ""black"", ""white"", ""black"", ""black""]",80,100,80,True
,12,79,50,7,,,2026-02-24T15:31:20.095+00:00,2026-02-24T15:55:45.204+00:00,female,masters,english,,experiment,1,1,2026-02-24T15:06:14.801+00:00,red,0,white,"[""white""]",1,50,6,37092,,,,,
,12,79,50,7,,,2026-02-24T15:31:20.095+00:00,2026-02-24T15:55:45.204+00:00,female,masters,english,,experiment,1,2,2026-02-24T15:06:35.517+00:00,red,0,white,"[""white"", ""white""]",2,60,6,19175,,,,,
,12,79,50,7,,,2026-02-24T15:31:20.095+00:00,2026-02-24T15:55:45.204+00:00,female,masters,english,,experiment,1,3,2026-02-24T15:06:56.618+00:00,red,0,white,"[""white"", ""white"", ""white""]",3,65,5,19560,,,,,
,12,79,50,7,,,2026-02-24T15:31:20.095+00:00,2026-02-24T15:55:45.204+00:00,female,masters,english,,experiment,1,4,2026-02-24T15:07:05.684+00:00,red,0,white,"[""white"", ""white"", ""white"", ""white""]",4,50,5,7526,,,,,
,12,79,50,7,,,2026-02-24T15:31:20.095+00:00,2026-02-24T15:55:45.204+00:00,female,masters,english,,experiment,1,5,2026-02-24T15:07:13.234+00:00,red,0,white,"[""white"", ""white"", ""white"", ""white"", ""white""]",5,50,5,6010,,,,,
,12,79,50,7,,,2026-02-24T15:31:20.095+00:00,2026-02-24T15:55:45.204+00:00,female,masters,english,,experiment,1,6,2026-02-24T15:07:22.967+00:00,red,0,white,"[""white"", ""white"", ""white"", ""white"", ""white"", ""white""]",6,50,5,8193,,,,,
,12,79,50,7,,,2026-02-24T15:31:20.095+00:00,2026-02-24T15:55:45.204+00:00,female,masters,english,,experiment,1,7,2026-02-24T15:07:34.634+00:00,red,0,white,"[""white"", ""white"", ""white"", ""white"", ""white"", ""white"", ""white""]",7,50,5,10126,,,,,
,12,79,50,7,,,2026-02-24T15:31:20.095+00:00,2026-02-24T15:55:45.204+00:00,female,masters,english,,experiment,1,8,2026-02-24T15:07:44.95+00:00,red,0,white,"[""white"", ""white"", ""white"", ""white"", ""white"", ""white"", ""white"", ""white""]",8,50,5,8775,,,,,
,12,79,50,7,,,2026-02-24T15:31:20.095+00:00,2026-02-24T15:55:45.204+00:00,female,masters,english,,experiment,1,9,2026-02-24T15:07:53.167+00:00,red,0,white,"[""white"", ""white"", ""white"", ""white"", ""white"", ""white"", ""white"", ""white"", ""white""]",9,50,5,6676,,,,,
,12,79,50,7,,,2026-02-24T15:31:20.095+00:00,2026-02-24T15:55:45.204+00:00,female,masters,english,,experiment,1,10,2026-02-24T15:08:02.8+00:00,red,0,white,"[""white"", ""white"", ""white"", ""white"", ""white"", ""white"", ""white"", ""white"", ""white"", ""white""]",10,50,5,8092,,,,,
,12,79,50,7,,,2026-02-24T15:31:20.095+00:00,2026-02-24T15:55:45.204+00:00,female,masters,english,,experiment,1,11,2026-02-24T15:08:10.767+00:00,red,0,white,"[""white"", ""white"", ""white"", ""white"", ""white"", ""white"", ""white"", ""white"", ""white"", ""white"", ""white""]",11,50,5,6426,,,,,
,12,79,50,7,,,2026-02-24T15:31:20.095+00:00,2026-02-24T15:55:45.204+00:00,female,masters,english,,experiment,1,12,2026-02-24T15:08:18.184+00:00,red,0,white,"[""white"", ""white"", ""white"", ""white"", ""white"", ""white"", ""white"", ""white"", ""white"", ""white"", ""white"", ""white""]",12,50,5,5876,,,,,
,12,79,50,7,,,2026-02-24T15:31:20.095+00:00,2026-02-24T15:55:45.204+00:00,female,masters,english,,experiment,1,13,2026-02-24T15:08:24.834+00:00,red,0,white,"[""white"", ""white"", ""white"", ""white"", ""white"", ""white"", ""white"", ""white"", ""white"", ""white"", ""white"", ""white"", ""white""]",13,50,5,5111,,,,,
,12,79,50,7,,,2026-02-24T15:31:20.095+00:00,2026-02-24T15:55:45.204+00:00,female,masters,english,,experiment,1,14,2026-02-24T15:08:34.55+00:00,red,0,white,"[""white"", ""white"", ""white"", ""white"", ""white"", ""white"", ""white"", ""white"", ""white"", ""white"", ""white"", ""white"", ""white"", ""white""]",14,50,5,8176,,,,,
,12,79,50,7,,,2026-02-24T15:31:20.095+00:00,2026-02-24T15:55:45.204+00:00,female,masters,english,,experiment,1,15,2026-02-24T15:08:51.45+00:00,red,0,white,"[""white"", ""white"", ""white"", ""white"", ""white"", ""white"", ""white"", ""white"", ""white"", ""white"", ""white"", ""white"", ""white"", ""white"", ""white""]",15,50,5,15359,,,,,
,12,79,50,7,,,2026-02-24T15:31:20.095+00:00,2026-02-24T15:55:45.204+00:00,female,masters,english,,experiment,1,16,2026-02-24T15:08:59.033+00:00,red,0,white,"[""white"", ""white"", ""white"", ""white"", ""white"", ""white"", ""white"", ""white"", ""white"", ""white"", ""white"", ""white"", ""white"", ""white"", ""white"", ""white""]",16,50,5,6043,,,,,
,12,79,50,7,,,2026-02-24T15:31:20.095+00:00,2026-02-24T15:55:45.204+00:00,female,masters,english,,experiment,1,17,2026-02-24T15:09:05.45+00:00,red,0,white,"[""white"", ""white"", ""white"", ""white"", ""white"", ""white"", ""white"", ""white"", ""white"", ""white"", ""white"", ""white"", ""white"", ""white"", ""white"", ""white"", ""white""]",17,50,5,4876,,,,,
,12,79,50,7,,,2026-02-24T15:31:20.095+00:00,2026-02-24T15:55:45.204+00:00,female,masters,english,,experiment,1,18,2026-02-24T15:09:12.2+00:00,red,0,white,"[""white"", ""white"", ""white"", ""white"", ""white"", ""white"", ""white"", ""white"", ""white"", ""white"", ""white"", ""white"", ""white"", ""white"", ""white"", ""white"", ""white"", ""white""]",18,45,5,5210,,,,,
,12,79,50,7,,,2026-02-24T15:31:20.095+00:00,2026-02-24T15:55:45.204+00:00,female,masters,english,,experiment,1,19,2026-02-24T15:09:20.633+00:00,red,0,white,"[""white"", ""white"", ""white"", ""white"", ""white"", ""white"", ""white"", ""white"", ""white"", ""white"", ""white"", ""white"", ""white"", ""white"", ""white"", ""white"", ""white"", ""white"", ""white""]",19,40,5,6892,,,,,
,12,79,50,7,,,2026-02-24T15:31:20.095+00:00,2026-02-24T15:55:45.204+00:00,female,masters,english,,experiment,1,20,2026-02-24T15:09:37.317+00:00,red,0,white,"[""white"", ""white"", ""white"", ""white"", ""white"", ""white"", ""white"", ""white"", ""white"", ""white"", ""white"", ""white"", ""white"", ""white"", ""white"", ""white"", ""white"", ""white"", ""white"", ""white""]",20,40,5,15143,,,,,
,12,79,50,7,,,2026-02-24T15:31:20.095+00:00,2026-02-24T15:55:45.204+00:00,female,masters,english,,experiment,1,21,2026-02-24T15:09:47.483+00:00,red,0,white,"[""white"", ""white"", ""white"", ""white"", ""white"", ""white"", ""white"", ""white"", ""white"", ""white"", ""white"", ""white"", ""white"", ""white"", ""white"", ""white"", ""white"", ""white"", ""white"", ""white"", ""white""]",21,35,6,8626,,,,,
,12,79,50,7,,,2026-02-24T15:31:20.095+00:00,2026-02-24T15:55:45.204+00:00,female,masters,english,,experiment,1,22,2026-02-24T15:09:56.399+00:00,red,0,white,"[""white"", ""white"", ""white"", ""white"", ""white"", ""white"", ""white"", ""white"", ""white"", ""white"", ""white"", ""white"", ""white"", ""white"", ""white"", ""white"", ""white"", ""white"", ""white"", ""white"", ""white"", ""white""]",22,25,6,7375,,,,,
,12,79,50,7,,,2026-02-24T15:31:20.095+00:00,2026-02-24T15:55:45.204+00:00,female,masters,english,,experiment,1,23,2026-02-24T15:10:06.316+00:00,red,0,white,"[""white"", ""white"", ""white"", ""white"", ""white"", ""white"", ""white"", ""white"", ""white"", ""white"", ""white"", ""white"", ""white"", ""white"", ""white"", ""white"", ""white"", ""white"", ""white"", ""white"", ""white"", ""white"", ""white""]",23,25,5,8377,,,,,
,12,79,50,7,,,2026-02-24T15:31:20.095+00:00,2026-02-24T15:55:45.204+00:00,female,masters,english,,experiment,1,24,2026-02-24T15:10:18.866+00:00,red,0,white,"[""white"", ""white"", ""white"", ""white"", ""white"", ""white"", ""white"", ""white"", ""white"", ""white"", ""white"", ""white"", ""white"", ""white"", ""white"", ""white"", ""white"", ""white"", ""white"", ""white"", ""white"", ""white"", ""white"", ""white""]",24,30,5,11009,,,,,
,12,79,50,7,,,2026-02-24T15:31:20.095+00:00,2026-02-24T15:55:45.204+00:00,female,masters,english,,experiment,1,25,2026-02-24T15:10:33.833+00:00,red,0,white,"[""white"", ""white"", ""white"", ""white"", ""white"", ""white"", ""white"", ""white"", ""white"", ""white"", ""white"", ""white"", ""white"", ""white"", ""white"", ""white"", ""white"", ""white"", ""white"", ""white"", ""white"", ""white"", ""white"", ""white"", ""white""]",25,30,5,13426,,,,,
,12,79,50,7,,,2026-02-24T15:31:20.095+00:00,2026-02-24T15:55:45.204+00:00,female,masters,english,,experiment,1,26,2026-02-24T15:10:42.482+00:00,red,0,white,"[""white"", ""white"", ""white"", ""white"", ""white"", ""white"", ""white"", ""white"", ""white"", ""white"", ""white"", ""white"", ""white"", ""white"", ""white"", ""white"", ""white"", ""white"", ""white"", ""white"", ""white"", ""white"", ""white"", ""white"", ""white"", ""white""]",26,30,5,7109,,,,,
,12,79,50,7,,,2026-02-24T15:31:20.095+00:00,2026-02-24T15:55:45.204+00:00,female,masters,english,,experiment,1,27,2026-02-24T15:10:51.167+00:00,red,0,white,"[""white"", ""white"", ""white"", ""white"", ""white"", ""white"", ""white"", ""white"", ""white"", ""white"", ""white"", ""white"", ""white"", ""white"", ""white"", ""white"", ""white"", ""white"", ""white"", ""white"", ""white"", ""white"", ""white"", ""white"", ""white"", ""white"", ""white""]",27,30,5,7143,,,,,
,12,79,50,7,,,2026-02-24T15:31:20.095+00:00,2026-02-24T15:55:45.204+00:00,female,masters,english,,experiment,1,28,2026-02-24T15:10:59.266+00:00,red,0,white,"[""white"", ""white"", ""white"", ""white"", ""white"", ""white"", ""white"", ""white"", ""white"", ""white"", ""white"", ""white"", ""white"", ""white"", ""white"", ""white"", ""white"", ""white"", ""white"", ""white"", ""white"", ""white"", ""white"", ""white"", ""white"", ""white"", ""white"", ""white""]",28,30,5,6559,,,,,
,12,79,50,7,,,2026-02-24T15:31:20.095+00:00,2026-02-24T15:55:45.204+00:00,female,masters,english,,experiment,1,29,2026-02-24T15:11:23.849+00:00,red,0,white,"[""white"", ""white"", ""white"", ""white"", ""white"", ""white"", ""white"", ""white"", ""white"", ""white"", ""white"", ""white"", ""white"", ""white"", ""white"", ""white"", ""white"", ""white"", ""white"", ""white"", ""white"", ""white"", ""white"", ""white"", ""white"", ""white"", ""white"", ""white"", ""white""]",29,30,5,23042,,,,,
,12,79,50,7,,,2026-02-24T15:31:20.095+00:00,2026-02-24T15:55:45.204+00:00,female,masters,english,,experiment,1,30,2026-02-24T15:11:32.866+00:00,red,0,white,"[""white"", ""white"", ""white"", ""white"", ""white"", ""white"", ""white"", ""white"", ""white"", ""white"", ""white"", ""white"", ""white"", ""white"", ""white"", ""white"", ""white"", ""white"", ""white"", ""white"", ""white"", ""white"", ""white"", ""white"", ""white"", ""white"", ""white"", ""white"", ""white"", ""white""]",30,25,3,7476,,,,,
,12,79,50,7,,,2026-02-24T15:31:20.095+00:00,2026-02-24T15:55:45.204+00:00,female,masters,english,,experiment,1,31,2026-02-24T15:11:45.815+00:00,red,0,white,"[""white"", ""white"", ""white"", ""white"", ""white"", ""white"", ""white"", ""white"", ""white"", ""white"", ""white"", ""white"", ""white"", ""white"", ""white"", ""white"", ""white"", ""white"", ""white"", ""white"", ""white"", ""white"", ""white"", ""white"", ""white"", ""white"", ""white"", ""white"", ""white"", ""white"", ""white""]",31,20,3,11408,,,,,
,12,79,50,7,,,2026-02-24T15:31:20.095+00:00,2026-02-24T15:55:45.204+00:00,female,masters,english,,experiment,1,32,2026-02-24T15:11:54.266+00:00,red,0,white,"[""white"", ""white"", ""white"", ""white"", ""white"", ""white"", ""white"", ""white"", ""white"", ""white"", ""white"", ""white"", ""white"", ""white"", ""white"", ""white"", ""white"", ""white"", ""white"", ""white"", ""white"", ""white"", ""white"", ""white"", ""white"", ""white"", ""white"", ""white"", ""white"", ""white"", ""white"", ""white""]",32,25,4,6910,,,,,
,12,79,50,7,,,2026-02-24T15:31:20.095+00:00,2026-02-24T15:55:45.204+00:00,female,masters,english,,experiment,1,33,2026-02-24T15:12:01.966+00:00,red,0,white,"[""white"", ""white"", ""white"", ""white"", ""white"", ""white"", ""white"", ""white"", ""white"", ""white"", ""white"", ""white"", ""white"", ""white"", ""white"", ""white"", ""white"", ""white"", ""white"", ""white"", ""white"", ""white"", ""white"", ""white"", ""white"", ""white"", ""white"", ""white"", ""white"", ""white"", ""white"", ""white"", ""white""]",33,20,3,6159,,,,,
SONA_0001,33,68,60,4,40,2,2026-02-24T12:40:52+00:00,2026-02-24T13:16:52+00:00,female,freshman,Sociology,Statistics,experiment,1,1,2026-02-24T12:44:10+00:00,red,33,black,"[""black""]",1,55,5,3158,,,,,
SONA_0001,33,68,60,4,40,2,2026-02-24T12:40:52+00:00,2026-02-24T13:16:52+00:00,female,freshman,Sociology,Statistics,experiment,1,2,2026-02-24T12:44:22+00:00,red,33,white,"[""black"", ""white""]",2,50,4,2691,,,,,
SONA_0001,33,68,60,4,40,2,2026-02-24T12:40:52+00:00,2026-02-24T13:16:52+00:00,female,freshman,Sociology,Statistics,experiment,1,3,2026-02-24T12:44:46+00:00,red,33,black,"[""black"", ""white"", ""black""]",3,50,5,3780,,,,,
SONA_0001,33,68,60,4,40,2,2026-02-24T12:40:52+00:00,2026-02-24T13:16:52+00:00,female,freshman,Sociology,Statistics,experiment,1,4,2026-02-24T12:44:48+00:00,red,33,white,"[""black"", ""white"", ""black"", ""white""]",4,55,4,2437,,,,,
SONA_0001,33,68,60,4,40,2,2026-02-24T12:40:52+00:00,2026-02-24T13:16:52+00:00,female,freshman,Sociology,Statistics,experiment,1,5,2026-02-24T12:44:52+00:00,red,33,white,"[""black"", ""white"", ""black"", ""white"", ""white""]",5,70,7,3036,,,,,
SONA_0001,33,68,60,4,40,2,2026-02-24T12:40:52+00:00,2026-02-24T13:16:52+00:00,female,freshman,Sociology,Statistics,experiment,1,6,2026-02-24T12:45:40+00:00,red,33,white,"[""black"", ""white"", ""black"", ""white"", ""white"", ""white""]",6,65,5,2819,,,,,
SONA_0001,33,68,60,4,40,2,2026-02-24T12:40:52+00:00,2026-02-24T13:16:52+00:00,female,freshman,Sociology,Statistics,experiment,1,7,2026-02-24T12:45:58+00:00,red,33,black,"[""black"", ""white"", ""black"", ""white"", ""white"", ""white"", ""black""]",7,55,6,3511,,,,,
SONA_0001,33,68,60,4,40,2,2026-02-24T12:40:52+00:00,2026-02-24T13:16:52+00:00,female,freshman,Sociology,Statistics,experiment,1,8,2026-02-24T12:45:44+00:00,red,33,white,"[""black"", ""white"", ""black"", ""white"", ""white"", ""white"", ""black"", ""white""]",8,65,7,2143,,,,,
SONA_0001,33,68,60,4,40,2,2026-02-24T12:40:52+00:00,2026-02-24T13:16:52+00:00,female,freshman,Sociology,Statistics,experiment,1,9,2026-02-24T12:45:40+00:00,red,33,white,"[""black"", ""white"", ""black"", ""white"", ""white"", ""white"", ""black"", ""white"", ""white""]",9,65,5,2821,,,,,
SONA_0001,33,68,60,4,40,2,2026-02-24T12:40:52+00:00,2026-02-24T13:16:52+00:00,female,freshman,Sociology,Statistics,experiment,1,10,2026-02-24T12:46:12+00:00,red,33,white,"[""black"", ""white"", ""black"", ""white"", ""white"", ""white"", ""black"", ""white"", ""white"", ""white""]",10,75,8,3233,,,,,
SONA_0001,33,68,60,4,40,2,2026-02-24T12:40:52+00:00,2026-02-24T13:16:52+00:00,female,freshman,Sociology,Statistics,experiment,1,11,2026-02-24T12:46:15+00:00,red,33,black,"[""black"", ""white"", ""black"", ""white"", ""white"", ""white"", ""black"", ""white"", ""white"", ""white"", ""black""]",11,75,7,2495,,,,,
SONA_0001,33,68,60,4,40,2,2026-02-24T12:40:52+00:00,2026-02-24T13:16:52+00:00,female,freshman,Sociology,Statistics,experiment,1,12,2026-02-24T12:46:40+00:00,red,33,black,"[""black"", ""white"", ""black"", ""white"", ""white"", ""white"", ""black"", ""white"", ""white"", ""white"", ""black"", ""black""]",12,70,6,2435,,,,,
SONA_0001,33,68,60,4,40,2,2026-02-24T12:40:52+00:00,2026-02-24T13:16:52+00:00,female,freshman,Sociology,Statistics,experiment,1,13,2026-02-24T12:45:49+00:00,red,33,white,"[""black"", ""white"", ""black"", ""white"", ""white"", ""white"", ""black"", ""white"", ""white"", ""white"", ""black"", ""black"", ""white""]",13,70,6,2558,,,,,
SONA_0001,33,68,60,4,40,2,2026-02-24T12:40:52+00:00,2026-02-24T13:16:52+00:00,female,freshman,Sociology,Statistics,experiment,1,14,2026-02-24T12:48:04+00:00,red,33,black,"[""black"", ""white"", ""black"", ""white"", ""white"", ""white"", ""black"", ""white"", ""white"", ""white"", ""black"", ""black"", ""white"", ""black""]",14,40,7,2678,,,,,
SONA_0001,33,68,60,4,40,2,2026-02-24T12:40:52+00:00,2026-02-24T13:16:52+00:00,female,freshman,Sociology,Statistics,experiment,1,15,2026-02-24T12:46:52+00:00,red,33,white,"[""black"", ""white"", ""black"", ""white"", ""white"", ""white"", ""black"", ""white"", ""white"", ""white"", ""black"", ""black"", ""white"", ""black"", ""white""]",15,60,8,2986,,,,,
SONA_0001,33,68,60,4,40,2,2026-02-24T12:40:52+00:00,2026-02-24T13:16:52+00:00,female,freshman,Sociology,Statistics,experiment,1,16,2026-02-24T12:46:16+00:00,red,33,black,"[""black"", ""white"", ""black"", ""white"", ""white"", ""white"", ""black"", ""white"", ""white"", ""white"", ""black"", ""black"", ""white"", ""black"", ""white"", ""black""]",16,50,8,3324,,,,,
SONA_0001,33,68,60,4,40,2,2026-02-24T12:40:52+00:00,2026-02-24T13:16:52+00:00,female,freshman,Sociology,Statistics,experiment,1,17,2026-02-24T12:47:16+00:00,red,33,white,"[""black"", ""white"", ""black"", ""white"", ""white"", ""white"", ""black"", ""white"", ""white"", ""white"", ""black"", ""black"", ""white"", ""black"", ""white"", ""black"", ""white""]",17,70,8,2434,,,,,
SONA_0001,33,68,60,4,40,2,2026-02-24T12:40:52+00:00,2026-02-24T13:16:52+00:00,female,freshman,Sociology,Statistics,experiment,1,18,2026-02-24T12:48:04+00:00,red,33,white,"[""black"", ""white"", ""black"", ""white"", ""white"", ""white"", ""black"", ""white"", ""white"", ""white"", ""black"", ""black"", ""white"", ""black"", ""white"", ""black"", ""white"", ""white""]",18,65,7,2923,,,,,
SONA_0001,33,68,60,4,40,2,2026-02-24T12:40:52+00:00,2026-02-24T13:16:52+00:00,female,freshman,Sociology,Statistics,experiment,1,19,2026-02-24T12:47:02+00:00,red,33,white,"[""black"", ""white"", ""black"", ""white"", ""white"", ""white"", ""black"", ""white"", ""white"", ""white"", ""black"", ""black"", ""white"", ""black"", ""white"", ""black"", ""white"", ""white"", ""white""]",19,65,5,2990,,,,,
SONA_0001,33,68,60,4,40,2,2026-02-24T12:40:52+00:00,2026-02-24T13:16:52+00:00,female,freshman,Sociology,Statistics,experiment,1,20,2026-02-24T12:47:52+00:00,red,33,white,"[""black"", ""white"", ""black"", ""white"", ""white"", ""white"", ""black"", ""white"", ""white"", ""white"", ""black"", ""black"", ""white"", ""black"", ""white"", ""black"", ""white"", ""white"", ""white"", ""white""]",20,80,7,2528,,,,,
SONA_0001,33,68,60,4,40,2,2026-02-24T12:40:52+00:00,2026-02-24T13:16:52+00:00,female,freshman,Sociology,Statistics,experiment,1,21,2026-02-24T12:48:46+00:00,red,33,white,"[""black"", ""white"", ""black"", ""white"", ""white"", ""white"", ""black"", ""white"", ""white"", ""white"", ""black"", ""black"", ""white"", ""black"", ""white"", ""black"", ""white"", ""white"", ""white"", ""white"", ""white""]",21,55,6,2892,,,,,
SONA_0001,33,68,60,4,40,2,2026-02-24T12:40:52+00:00,2026-02-24T13:16:52+00:00,female,freshman,Sociology,Statistics,experiment,1,22,2026-02-24T12:48:38+00:00,red,33,white,"[""black"", ""white"", ""black"", ""white"", ""white"", ""white"", ""black"", ""white"", ""white"", ""white"", ""black"", ""black"", ""white"", ""black"", ""white"", ""black"", ""white"", ""white"", ""white"", ""white"", ""white"", ""white""]",22,70,8,2629,,,,,
SONA_0001,33,68,60,4,40,2,2026-02-24T12:40:52+00:00,2026-02-24T13:16:52+00:00,female,freshman,Sociology,Statistics,experiment,1,23,2026-02-24T12:48:28+00:00,red,33,black,"[""black"", ""white"", ""black"", ""white"", ""white"", ""white"", ""black"", ""white"", ""white"", ""white"", ""black"", ""black"", ""white"", ""black"", ""white"", ""black"", ""white"", ""white"", ""white"", ""white"", ""white"", ""white"", ""black""]",23,85,8,1816,,,,,
SONA_0001,33,68,60,4,40,2,2026-02-24T12:40:52+00:00,2026-02-24T13:16:52+00:00,female,freshman,Sociology,Statistics,experiment,1,24,2026-02-24T12:49:28+00:00,red,33,white,"[""black"", ""white"", ""black"", ""white"", ""white"", ""white"", ""black"", ""white"", ""white"", ""white"", ""black"", ""black"", ""white"", ""black"", ""white"", ""black"", ""white"", ""white"", ""white"", ""white"", ""white"", ""white"", ""black"", ""white""]",24,70,6,2465,,,,,
SONA_0001,33,68,60,4,40,2,2026-02-24T12:40:52+00:00,2026-02-24T13:16:52+00:00,female,freshman,Sociology,Statistics,experiment,1,25,2026-02-24T12:48:02+00:00,red,33,white,"[""black"", ""white"", ""black"", ""white"", ""white"", ""white"", ""black"", ""white"", ""white"", ""white"", ""black"", ""black"", ""white"", ""black"", ""white"", ""black"", ""white"", ""white"", ""white"", ""white"", ""white"", ""white"", ""black"", ""white"", ""white""]",25,75,7,2852,,,,,
SONA_0001,33,68,60,4,40,2,2026-02-24T12:40:52+00:00,2026-02-24T13:16:52+00:00,female,freshman,Sociology,Statistics,experiment,1,26,2026-02-24T12:50:48+00:00,red,33,white,"[""black"", ""white"", ""black"", ""white"", ""white"", ""white"", ""black"", ""white"", ""white"", ""white"", ""black"", ""black"", ""white"", ""black"", ""white"", ""black"", ""white"", ""white"", ""white"", ""white"", ""white"", ""white"", ""black"", ""white"", ""white"", ""white""]",26,75,8,3072,,,,,
SONA_0001,33,68,60,4,40,2,2026-02-24T12:40:52+00:00,2026-02-24T13:16:52+00:00,female,freshman,Sociology,Statistics,experiment,1,27,2026-02-24T12:51:58+00:00,red,33,black,"[""black"", ""white"", ""black"", ""white"", ""white"", ""white"", ""black"", ""white"", ""white"", ""white"", ""black"", ""black"", ""white"", ""black"", ""white"", ""black"", ""white"", ""white"", ""white"", ""white"", ""white"", ""white"", ""black"", ""white"", ""white"", ""white"", ""black""]",27,70,6,2292,,,,,
SONA_0001,33,68,60,4,40,2,2026-02-24T12:40:52+00:00,2026-02-24T13:16:52+00:00,female,freshman,Sociology,Statistics,experiment,1,28,2026-02-24T12:50:52+00:00,red,33,white,"[""black"", ""white"", ""black"", ""white"", ""white"", ""white"", ""black"", ""white"", ""white"", ""white"", ""black"", ""black"", ""white"", ""black"", ""white"", ""black"", ""white"", ""white"", ""white"", ""white"", ""white"", ""white"", ""black"", ""white"", ""white"", ""white"", ""black"", ""white""]",28,75,5,3263,,,,,
SONA_0001,33,68,60,4,40,2,2026-02-24T12:40:52+00:00,2026-02-24T13:16:52+00:00,female,freshman,Sociology,Statistics,experiment,1,29,2026-02-24T12:50:38+00:00,red,33,white,"[""black"", ""white"", ""black"", ""white"", ""white"", ""white"", ""black"", ""white"", ""white"", ""white"", ""black"", ""black"", ""white"", ""black"", ""white"", ""black"", ""white"", ""white"", ""white"", ""white"", ""white"", ""white"", ""black"", ""white"", ""white"", ""white"", ""black"", ""white"", ""white""]",29,75,8,2283,,,,,
SONA_0001,33,68,60,4,40,2,2026-02-24T12:40:52+00:00,2026-02-24T13:16:52+00:00,female,freshman,Sociology,Statistics,experiment,1,30,2026-02-24T12:49:22+00:00,red,33,white,"[""black"", ""white"", ""black"", ""white"", ""white"", ""white"", ""black"", ""white"", ""white"", ""white"", ""black"", ""black"", ""white"", ""black"", ""white"", ""black"", ""white"", ""white"", ""white"", ""white"", ""white"", ""white"", ""black"", ""white"", ""white"", ""white"", ""black"", ""white"", ""white"", ""white""]",30,85,5,2660,,,,,
SONA_0001,33,68,60,4,40,2,2026-02-24T12:40:52+00:00,2026-02-24T13:16:52+00:00,female,freshman,Sociology,Statistics,experiment,1,31,2026-02-24T12:52:39+00:00,red,33,white,"[""black"", ""white"", ""black"", ""white"", ""white"", ""white"", ""black"", ""white"", ""white"", ""white"", ""black"", ""black"", ""white"", ""black"", ""white"", ""black"", ""white"", ""white"", ""white"", ""white"", ""white"", ""white"", ""black"", ""white"", ""white"", ""white"", ""black"", ""white"", ""white"", ""white"", ""white""]",31,95,8,1998,,,,,
SONA_0001,33,68,60,4,40,2,2026-02-24T12:40:52+00:00,2026-02-24T13:16:52+00:00,female,freshman,Sociology,Statistics,experiment,1,32,2026-02-24T12:51:20+00:00,red,33,black,"[""black"", ""white"", ""black"", ""white"", ""white"", ""white"", ""black"", ""white"", ""white"", ""white"", ""black"", ""black"", ""white"", ""black"", ""white"", ""black"", ""white"", ""white"", ""white"", ""white"", ""white"", ""white"", ""black"", ""white"", ""white"", ""white"", ""black"", ""white"", ""white"", ""white"", ""white"", ""black""]",32,90,6,1876,,,,,
SONA_0001,33,68,60,4,40,2,2026-02-24T12:40:52+00:00,2026-02-24T13:16:52+00:00,female,freshman,Sociology,Statistics,experiment,1,33,2026-02-24T12:48:49+00:00,red,33,black,"[""black"", ""white"", ""black"", ""white"", ""white"", ""white"", ""black"", ""white"", ""white"", ""white"", ""black"", ""black"", ""white"", ""black"", ""white"", ""black"", ""white"", ""white"", ""white"", ""white"", ""white"", ""white"", ""black"", ""white"", ""white"", ""white"", ""black"", ""white"", ""white"", ""white"", ""white"", ""black"", ""black""]",33,70,7,1683,,,,,
SONA_0001,33,68,60,4,40,2,2026-02-24T12:40:52+00:00,2026-02-24T13:16:52+00:00,female,freshman,Sociology,Statistics,experiment,2,1,2026-02-24T12:55:10+00:00,green,68,black,"[""black""]",1,40,5,2215,,,,,
SONA_0001,33,68,60,4,40,2,2026-02-24T12:40:52+00:00,2026-02-24T13:16:52+00:00,female,freshman,Sociology,Statistics,experiment,2,2,2026-02-24T12:55:16+00:00,green,68,black,"[""black"", ""black""]",2,60,5,2745,,,,,
SONA_0001,33,68,60,4,40,2,2026-02-24T12:40:52+00:00,2026-02-24T13:16:52+00:00,female,freshman,Sociology,Statistics,experiment,2,3,2026-02-24T12:55:22+00:00,green,68,black,"[""black"", ""black"", ""black""]",3,55,7,3319,,,,,
SONA_0001,33,68,60,4,40,2,2026-02-24T12:40:52+00:00,2026-02-24T13:16:52+00:00,female,freshman,Sociology,Statistics,experiment,2,4,2026-02-24T12:55:56+00:00,green,68,black,"[""black"", ""black"", ""black"", ""black""]",4,35,5,3474,,,,,
SONA_0001,33,68,60,4,40,2,2026-02-24T12:40:52+00:00,2026-02-24T13:16:52+00:00,female,freshman,Sociology,Statistics,experiment,2,5,2026-02-24T12:55:42+00:00,green,68,white,"[""black"", ""black"", ""black"", ""black"", ""white""]",5,50,7,2769,,,,,
SONA_0001,33,68,60,4,40,2,2026-02-24T12:40:52+00:00,2026-02-24T13:16:52+00:00,female,freshman,Sociology,Statistics,experiment,2,6,2026-02-24T12:56:28+00:00,green,68,black,"[""black"", ""black"", ""black"", ""black"", ""white"", ""black""]",6,55,6,2892,,,,,
SONA_0001,33,68,60,4,40,2,2026-02-24T12:40:52+00:00,2026-02-24T13:16:52+00:00,female,freshman,Sociology,Statistics,experiment,2,7,2026-02-24T12:56:09+00:00,green,68,black,"[""black"", ""black"", ""black"", ""black"", ""white"", ""black"", ""black""]",7,40,6,3111,,,,,
SONA_0001,33,68,60,4,40,2,2026-02-24T12:40:52+00:00,2026-02-24T13:16:52+00:00,female,freshman,Sociology,Statistics,experiment,2,8,2026-02-24T12:56:44+00:00,green,68,black,"[""black"", ""black"", ""black"", ""black"", ""white"", ""black"", ""black"", ""black""]",8,55,5,2568,,,,,
SONA_0001,33,68,60,4,40,2,2026-02-24T12:40:52+00:00,2026-02-24T13:16:52+00:00,female,freshman,Sociology,Statistics,experiment,2,9,2026-02-24T12:56:40+00:00,green,68,black,"[""black"", ""black"", ""black"", ""black"", ""white"", ""black"", ""black"", ""black"", ""black""]",9,60,6,2829,,,,,
SONA_0001,33,68,60,4,40,2,2026-02-24T12:40:52+00:00,2026-02-24T13:16:52+00:00,female,freshman,Sociology,Statistics,experiment,2,10,2026-02-24T12:57:32+00:00,green,68,black,"[""black"", ""black"", ""black"", ""black"", ""white"", ""black"", ""black"", ""black"", ""black"", ""black""]",10,45,5,2606,,,,,
SONA_0001,33,68,60,4,40,2,2026-02-24T12:40:52+00:00,2026-02-24T13:16:52+00:00,female,freshman,Sociology,Statistics,experiment,2,11,2026-02-24T12:58:10+00:00,green,68,black,"[""black"", ""black"", ""black"", ""black"", ""white"", ""black"", ""black"", ""black"", ""black"", ""black"", ""black""]",11,55,5,2349,,,,,
SONA_0001,33,68,60,4,40,2,2026-02-24T12:40:52+00:00,2026-02-24T13:16:52+00:00,female,freshman,Sociology,Statistics,experiment,2,12,2026-02-24T12:56:40+00:00,green,68,black,"[""black"", ""black"", ""black"", ""black"", ""white"", ""black"", ""black"", ""black"", ""black"", ""black"", ""black"", ""black""]",12,70,4,2809,,,,,
SONA_0001,33,68,60,4,40,2,2026-02-24T12:40:52+00:00,2026-02-24T13:16:52+00:00,female,freshman,Sociology,Statistics,experiment,2,13,2026-02-24T12:57:41+00:00,green,68,black,"[""black"", ""black"", ""black"", ""black"", ""white"", ""black"", ""black"", ""black"", ""black"", ""black"", ""black"", ""black"", ""black""]",13,70,6,2853,,,,,
SONA_0001,33,68,60,4,40,2,2026-02-24T12:40:52+00:00,2026-02-24T13:16:52+00:00,female,freshman,Sociology,Statistics,experiment,2,14,2026-02-24T12:56:44+00:00,green,68,black,"[""black"", ""black"", ""black"", ""black"", ""white"", ""black"", ""black"", ""black"", ""black"", ""black"", ""black"", ""black"", ""black"", ""black""]",14,70,7,2850,,,,,
SONA_0001,33,68,60,4,40,2,2026-02-24T12:40:52+00:00,2026-02-24T13:16:52+00:00,female,freshman,Sociology,Statistics,experiment,2,15,2026-02-24T12:58:37+00:00,green,68,black,"[""black"", ""black"", ""black"", ""black"", ""white"", ""black"", ""black"", ""black"", ""black"", ""black"", ""black"", ""black"", ""black"", ""black"", ""black""]",15,55,6,3350,,,,,
SONA_0001,33,68,60,4,40,2,2026-02-24T12:40:52+00:00,2026-02-24T13:16:52+00:00,female,freshman,Sociology,Statistics,experiment,2,16,2026-02-24T12:57:48+00:00,green,68,white,"[""black"", ""black"", ""black"", ""black"", ""white"", ""black"", ""black"", ""black"", ""black"", ""black"", ""black"", ""black"", ""black"", ""black"", ""black"", ""white""]",16,50,4,2887,,,,,
SONA_0001,33,68,60,4,40,2,2026-02-24T12:40:52+00:00,2026-02-24T13:16:52+00:00,female,freshman,Sociology,Statistics,experiment,2,17,2026-02-24T12:59:41+00:00,green,68,black,"[""black"", ""black"", ""black"", ""black"", ""white"", ""black"", ""black"", ""black"", ""black"", ""black"", ""black"", ""black"", ""black"", ""black"", ""black"", ""white"", ""black""]",17,50,5,2664,,,,,
SONA_0001,33,68,60,4,40,2,2026-02-24T12:40:52+00:00,2026-02-24T13:16:52+00:00,female,freshman,Sociology,Statistics,experiment,2,18,2026-02-24T12:59:22+00:00,green,68,black,"[""black"", ""black"", ""black"", ""black"", ""white"", ""black"", ""black"", ""black"", ""black"", ""black"", ""black"", ""black"", ""black"", ""black"", ""black"", ""white"", ""black"", ""black""]",18,50,6,3583,,,,,
SONA_0001,33,68,60,4,40,2,2026-02-24T12:40:52+00:00,2026-02-24T13:16:52+00:00,female,freshman,Sociology,Statistics,experiment,2,19,2026-02-24T13:00:15+00:00,green,68,white,"[""black"", ""black"", ""black"", ""black"", ""white"", ""black"", ""black"", ""black"", ""black"", ""black"", ""black"", ""black"", ""black"", ""black"", ""black"", ""white"", ""black"", ""black"", ""white""]",19,45,9,2862,,,,,
SONA_0001,33,68,60,4,40,2,2026-02-24T12:40:52+00:00,2026-02-24T13:16:52+00:00,female,freshman,Sociology,Statistics,experiment,2,20,2026-02-24T12:58:12+00:00,green,68,black,"[""black"", ""black"", ""black"", ""black"", ""white"", ""black"", ""black"", ""black"", ""black"", ""black"", ""black"", ""black"", ""black"", ""black"", ""black"", ""white"", ""black"", ""black"", ""white"", ""black""]",20,60,5,2677,,,,,
SONA_0001,33,68,60,4,40,2,2026-02-24T12:40:52+00:00,2026-02-24T13:16:52+00:00,female,freshman,Sociology,Statistics,experiment,2,21,2026-02-24T12:59:04+00:00,green,68,black,"[""black"", ""black"", ""black"", ""black"", ""white"", ""black"", ""black"", ""black"", ""black"", ""black"", ""black"", ""black"", ""black"", ""black"", ""black"", ""white"", ""black"", ""black"", ""white"", ""black"", ""black""]",21,70,7,2489,,,,,
SONA_0001,33,68,60,4,40,2,2026-02-24T12:40:52+00:00,2026-02-24T13:16:52+00:00,female,freshman,Sociology,Statistics,experiment,2,22,2026-02-24T12:58:10+00:00,green,68,white,"[""black"", ""black"", ""black"", ""black"", ""white"", ""black"", ""black"", ""black"", ""black"", ""black"", ""black"", ""black"", ""black"", ""black"", ""black"", ""white"", ""black"", ""black"", ""white"", ""black"", ""black"", ""white""]",22,65,4,2435,,,,,
SONA_0001,33,68,60,4,40,2,2026-02-24T12:40:52+00:00,2026-02-24T13:16:52+00:00,female,freshman,Sociology,Statistics,experiment,2,23,2026-02-24T12:58:42+00:00,green,68,white,"[""black"", ""black"", ""black"", ""black"", ""white"", ""black"", ""black"", ""black"", ""black"", ""black"", ""black"", ""black"", ""black"", ""black"", ""black"", ""white"", ""black"", ""black"", ""white"", ""black"", ""black"", ""white"", ""white""]",23,50,5,2367,,,,,
SONA_0001,33,68,60,4,40,2,2026-02-24T12:40:52+00:00,2026-02-24T13:16:52+00:00,female,freshman,Sociology,Statistics,experiment,2,24,2026-02-24T12:59:16+00:00,green,68,black,"[""black"", ""black"", ""black"", ""black"", ""white"", ""black"", ""black"", ""black"", ""black"", ""black"", ""black"", ""black"", ""black"", ""black"", ""black"", ""white"", ""black"", ""black"", ""white"", ""black"", ""black"", ""white"", ""white"", ""black""]",24,65,5,2824,,,,,
SONA_0001,33,68,60,4,40,2,2026-02-24T12:40:52+00:00,2026-02-24T13:16:52+00:00,female,freshman,Sociology,Statistics,experiment,2,25,2026-02-24T13:01:32+00:00,green,68,black,"[""black"", ""black"", ""black"", ""black"", ""white"", ""black"", ""black"", ""black"", ""black"", ""black"", ""black"", ""black"", ""black"", ""black"", ""black"", ""white"", ""black"", ""black"", ""white"", ""black"", ""black"", ""white"", ""white"", ""black"", ""black""]",25,65,6,3210,,,,,
SONA_0001,33,68,60,4,40,2,2026-02-24T12:40:52+00:00,2026-02-24T13:16:52+00:00,female,freshman,Sociology,Statistics,experiment,2,26,2026-02-24T12:59:12+00:00,green,68,black,"[""black"", ""black"", ""black"", ""black"", ""white"", ""black"", ""black"", ""black"", ""black"", ""black"", ""black"", ""black"", ""black"", ""black"", ""black"", ""white"", ""black"", ""black"", ""white"", ""black"", ""black"", ""white"", ""white"", ""black"", ""black"", ""black""]",26,60,6,2368,,,,,
SONA_0001,33,68,60,4,40,2,2026-02-24T12:40:52+00:00,2026-02-24T13:16:52+00:00,female,freshman,Sociology,Statistics,experiment,2,27,2026-02-24T13:01:10+00:00,green,68,white,"[""black"", ""black"", ""black"", ""black"", ""white"", ""black"", ""black"", ""black"", ""black"", ""black"", ""black"", ""black"", ""black"", ""black"", ""black"", ""white"", ""black"", ""black"", ""white"", ""black"", ""black"", ""white"", ""white"", ""black"", ""black"", ""black"", ""white""]",27,45,6,3194,,,,,
SONA_0001,33,68,60,4,40,2,2026-02-24T12:40:52+00:00,2026-02-24T13:16:52+00:00,female,freshman,Sociology,Statistics,experiment,2,28,2026-02-24T13:01:52+00:00,green,68,black,"[""black"", ""black"", ""black"", ""black"", ""white"", ""black"", ""black"", ""black"", ""black"", ""black"", ""black"", ""black"", ""black"", ""black"", ""black"", ""white"", ""black"", ""black"", ""white"", ""black"", ""black"", ""white"", ""white"", ""black"", ""black"", ""black"", ""white"", ""black""]",28,55,6,1827,,,,,
SONA_0001,33,68,60,4,40,2,2026-02-24T12:40:52+00:00,2026-02-24T13:16:52+00:00,female,freshman,Sociology,Statistics,experiment,2,29,2026-02-24T12:59:13+00:00,green,68,white,"[""black"", ""black"", ""black"", ""black"", ""white"", ""black"", ""black"", ""black"", ""black"", ""black"", ""black"", ""black"", ""black"", ""black"", ""black"", ""white"", ""black"", ""black"", ""white"", ""black"", ""black"", ""white"", ""white"", ""black"", ""black"", ""black"", ""white"", ""black"", ""white""]",29,50,5,3616,,,,,
SONA_0001,33,68,60,4,40,2,2026-02-24T12:40:52+00:00,2026-02-24T13:16:52+00:00,female,freshman,Sociology,Statistics,experiment,2,30,2026-02-24T12:59:22+00:00,green,68,black,"[""black"", ""black"", ""black"", ""black"", ""white"", ""black"", ""black"", ""black"", ""black"", ""black"", ""black"", ""black"", ""black"", ""black"", ""black"", ""white"", ""black"", ""black"", ""white"", ""black"", ""black"", ""white"", ""white"", ""black"", ""black"", ""black"", ""white"", ""black"", ""white"", ""black""]",30,55,8,2117,,,,,
SONA_0001,33,68,60,4,40,2,2026-02-24T12:40:52+00:00,2026-02-24T13:16:52+00:00,female,freshman,Sociology,Statistics,experiment,2,31,2026-02-24T13:01:04+00:00,green,68,black,"[""black"", ""black"", ""black"", ""black"", ""white"", ""black"", ""black"", ""black"", ""black"", ""black"", ""black"", ""black"", ""black"", ""black"", ""black"", ""white"", ""black"", ""black"", ""white"", ""black"", ""black"", ""white"", ""white"", ""black"", ""black"", ""black"", ""white"", ""black"", ""white"", ""black"", ""black""]",31,65,5,1866,,,,,
SONA_0001,33,68,60,4,40,2,2026-02-24T12:40:52+00:00,2026-02-24T13:16:52+00:00,female,freshman,Sociology,Statistics,experiment,2,32,2026-02-24T13:04:28+00:00,green,68,black,"[""black"", ""black"", ""black"", ""black"", ""white"", ""black"", ""black"", ""black"", ""black"", ""black"", ""black"", ""black"", ""black"", ""black"", ""black"", ""white"", ""black"", ""black"", ""white"", ""black"", ""black"", ""white"", ""white"", ""black"", ""black"", ""black"", ""white"", ""black"", ""white"", ""black"", ""black"", ""black""]",32,65,7,2124,,,,,
SONA_0001,33,68,60,4,40,2,2026-02-24T12:40:52+00:00,2026-02-24T13:16:52+00:00,female,freshman,Sociology,Statistics,experiment,2,33,2026-02-24T13:02:34+00:00,green,68,black,"[""black"", ""black"", ""black"", ""black"", ""white"", ""black"", ""black"", ""black"", ""black"", ""black"", ""black"", ""black"", ""black"", ""black"", ""black"", ""white"", ""black"", ""black"", ""white"", ""black"", ""black"", ""white"", ""white"", ""black"", ""black"", ""black"", ""white"", ""black"", ""white"", ""black"", ""black"", ""black"", ""black""]",33,65,7,1587,,,,,
SONA_0001,33,68,60,4,40,2,2026-02-24T12:40:52+00:00,2026-02-24T13:16:52+00:00,female,freshman,Sociology,Statistics,experiment,3,1,2026-02-24T13:04:04+00:00,red,33,white,"[""white""]",1,70,6,3559,,,,,
SONA_0001,33,68,60,4,40,2,2026-02-24T12:40:52+00:00,2026-02-24T13:16:52+00:00,female,freshman,Sociology,Statistics,experiment,3,2,2026-02-24T13:04:10+00:00,red,33,black,"[""white"", ""black""]",2,55,8,3153,,,,,
SONA_0001,33,68,60,4,40,2,2026-02-24T12:40:52+00:00,2026-02-24T13:16:52+00:00,female,freshman,Sociology,Statistics,experiment,3,3,2026-02-24T13:04:31+00:00,red,33,black,"[""white"", ""black"", ""black""]",3,75,6,2681,,,,,
SONA_0001,33,68,60,4,40,2,2026-02-24T12:40:52+00:00,2026-02-24T13:16:52+00:00,female,freshman,Sociology,Statistics,experiment,3,4,2026-02-24T13:05:00+00:00,red,33,black,"[""white"", ""black"", ""black"", ""black""]",4,60,6,2560,,,,,
SONA_0001,33,68,60,4,40,2,2026-02-24T12:40:52+00:00,2026-02-24T13:16:52+00:00,female,freshman,Sociology,Statistics,experiment,3,5,2026-02-24T13:04:47+00:00,red,33,white,"[""white"", ""black"", ""black"", ""black"", ""white""]",5,75,5,2650,,,,,
SONA_0001,33,68,60,4,40,2,2026-02-24T12:40:52+00:00,2026-02-24T13:16:52+00:00,female,freshman,Sociology,Statistics,experiment,3,6,2026-02-24T13:04:40+00:00,red,33,white,"[""white"", ""black"", ""black"", ""black"", ""white"", ""white""]",6,65,6,3109,,,,,
SONA_0001,33,68,60,4,40,2,2026-02-24T12:40:52+00:00,2026-02-24T13:16:52+00:00,female,freshman,Sociology,Statistics,experiment,3,7,2026-02-24T13:04:48+00:00,red,33,white,"[""white"", ""black"", ""black"", ""black"", ""white"", ""white"", ""white""]",7,65,7,2665,,,,,
SONA_0001,33,68,60,4,40,2,2026-02-24T12:40:52+00:00,2026-02-24T13:16:52+00:00,female,freshman,Sociology,Statistics,experiment,3,8,2026-02-24T13:05:04+00:00,red,33,black,"[""white"", ""black"", ""black"", ""black"", ""white"", ""white"", ""white"", ""black""]",8,60,7,3065,,,,,
SONA_0001,33,68,60,4,40,2,2026-02-24T12:40:52+00:00,2026-02-24T13:16:52+00:00,female,freshman,Sociology,Statistics,experiment,3,9,2026-02-24T13:05:22+00:00,red,33,black,"[""white"", ""black"", ""black"", ""black"", ""white"", ""white"", ""white"", ""black"", ""black""]",9,65,6,2001,,,,,
SONA_0001,33,68,60,4,40,2,2026-02-24T12:40:52+00:00,2026-02-24T13:16:52+00:00,female,freshman,Sociology,Statistics,experiment,3,10,2026-02-24T13:06:42+00:00,red,33,white,"[""white"", ""black"", ""black"", ""black"", ""white"", ""white"", ""white"", ""black"", ""black"", ""white""]",10,70,8,2846,,,,,
SONA_0001,33,68,60,4,40,2,2026-02-24T12:40:52+00:00,2026-02-24T13:16:52+00:00,female,freshman,Sociology,Statistics,experiment,3,11,2026-02-24T13:06:48+00:00,red,33,white,"[""white"", ""black"", ""black"", ""black"", ""white"", ""white"", ""white"", ""black"", ""black"", ""white"", ""white""]",11,85,7,2089,,,,,
SONA_0001,33,68,60,4,40,2,2026-02-24T12:40:52+00:00,2026-02-24T13:16:52+00:00,female,freshman,Sociology,Statistics,experiment,3,12,2026-02-24T13:05:52+00:00,red,33,white,"[""white"", ""black"", ""black"", ""black"", ""white"", ""white"", ""white"", ""black"", ""black"", ""white"", ""white"", ""white""]",12,55,6,3402,,,,,
SONA_0001,33,68,60,4,40,2,2026-02-24T12:40:52+00:00,2026-02-24T13:16:52+00:00,female,freshman,Sociology,Statistics,experiment,3,13,2026-02-24T13:05:36+00:00,red,33,black,"[""white"", ""black"", ""black"", ""black"", ""white"", ""white"", ""white"", ""black"", ""black"", ""white"", ""white"", ""white"", ""black""]",13,60,6,2640,,,,,
SONA_0001,33,68,60,4,40,2,2026-02-24T12:40:52+00:00,2026-02-24T13:16:52+00:00,female,freshman,Sociology,Statistics,experiment,3,14,2026-02-24T13:06:26+00:00,red,33,white,"[""white"", ""black"", ""black"", ""black"", ""white"", ""white"", ""white"", ""black"", ""black"", ""white"", ""white"", ""white"", ""black"", ""white""]",14,75,7,1865,,,,,
SONA_0001,33,68,60,4,40,2,2026-02-24T12:40:52+00:00,2026-02-24T13:16:52+00:00,female,freshman,Sociology,Statistics,experiment,3,15,2026-02-24T13:07:22+00:00,red,33,white,"[""white"", ""black"", ""black"", ""black"", ""white"", ""white"", ""white"", ""black"", ""black"", ""white"", ""white"", ""white"", ""black"", ""white"", ""white""]",15,85,6,2801,,,,,
SONA_0001,33,68,60,4,40,2,2026-02-24T12:40:52+00:00,2026-02-24T13:16:52+00:00,female,freshman,Sociology,Statistics,experiment,3,16,2026-02-24T13:08:24+00:00,red,33,white,"[""white"", ""black"", ""black"", ""black"", ""white"", ""white"", ""white"", ""black"", ""black"", ""white"", ""white"", ""white"", ""black"", ""white"", ""white"", ""white""]",16,90,7,2277,,,,,
SONA_0001,33,68,60,4,40,2,2026-02-24T12:40:52+00:00,2026-02-24T13:16:52+00:00,female,freshman,Sociology,Statistics,experiment,3,17,2026-02-24T13:06:25+00:00,red,33,black,"[""white"", ""black"", ""black"", ""black"", ""white"", ""white"", ""white"", ""black"", ""black"", ""white"", ""white"", ""white"", ""black"", ""white"", ""white"", ""white"", ""black""]",17,60,7,3211,,,,,
SONA_0001,33,68,60,4,40,2,2026-02-24T12:40:52+00:00,2026-02-24T13:16:52+00:00,female,freshman,Sociology,Statistics,experiment,3,18,2026-02-24T13:06:34+00:00,red,33,white,"[""white"", ""black"", ""black"", ""black"", ""white"", ""white"", ""white"", ""black"", ""black"", ""white"", ""white"", ""white"", ""black"", ""white"", ""white"", ""white"", ""black"", ""white""]",18,80,8,1758,,,,,
SONA_0001,33,68,60,4,40,2,2026-02-24T12:40:52+00:00,2026-02-24T13:16:52+00:00,female,freshman,Sociology,Statistics,experiment,3,19,2026-02-24T13:09:15+00:00,red,33,white,"[""white"", ""black"", ""black"", ""black"", ""white"", ""white"", ""white"", ""black"", ""black"", ""white"", ""white"", ""white"", ""black"", ""white"", ""white"", ""white"", ""black"", ""white"", ""white""]",19,75,6,2921,,,,,
SONA_0001,33,68,60,4,40,2,2026-02-24T12:40:52+00:00,2026-02-24T13:16:52+00:00,female,freshman,Sociology,Statistics,experiment,3,20,2026-02-24T13:08:12+00:00,red,33,white,"[""white"", ""black"", ""black"", ""black"", ""white"", ""white"", ""white"", ""black"", ""black"", ""white"", ""white"", ""white"", ""black"", ""white"", ""white"", ""white"", ""black"", ""white"", ""white"", ""white""]",20,80,5,1530,,,,,
SONA_0001,33,68,60,4,40,2,2026-02-24T12:40:52+00:00,2026-02-24T13:16:52+00:00,female,freshman,Sociology,Statistics,experiment,3,21,2026-02-24T13:07:43+00:00,red,33,white,"[""white"", ""black"", ""black"", ""black"", ""white"", ""white"", ""white"", ""black"", ""black"", ""white"", ""white"", ""white"", ""black"", ""white"", ""white"", ""white"", ""black"", ""white"", ""white"", ""white"", ""white""]",21,85,6,2236,,,,,
SONA_0001,33,68,60,4,40,2,2026-02-24T12:40:52+00:00,2026-02-24T13:16:52+00:00,female,freshman,Sociology,Statistics,experiment,3,22,2026-02-24T13:08:38+00:00,red,33,white,"[""white"", ""black"", ""black"", ""black"", ""white"", ""white"", ""white"", ""black"", ""black"", ""white"", ""white"", ""white"", ""black"", ""white"", ""white"", ""white"", ""black"", ""white"", ""white"", ""white"", ""white"", ""white""]",22,95,8,1518,,,,,
SONA_0001,33,68,60,4,40,2,2026-02-24T12:40:52+00:00,2026-02-24T13:16:52+00:00,female,freshman,Sociology,Statistics,experiment,3,23,2026-02-24T13:10:23+00:00,red,33,black,"[""white"", ""black"", ""black"", ""black"", ""white"", ""white"", ""white"", ""black"", ""black"", ""white"", ""white"", ""white"", ""black"", ""white"", ""white"", ""white"", ""black"", ""white"", ""white"", ""white"", ""white"", ""white"", ""black""]",23,80,7,2164,,,,,
SONA_0001,33,68,60,4,40,2,2026-02-24T12:40:52+00:00,2026-02-24T13:16:52+00:00,female,freshman,Sociology,Statistics,experiment,3,24,2026-02-24T13:09:52+00:00,red,33,black,"[""white"", ""black"", ""black"", ""black"", ""white"", ""white"", ""white"", ""black"", ""black"", ""white"", ""white"", ""white"", ""black"", ""white"", ""white"", ""white"", ""black"", ""white"", ""white"", ""white"", ""white"", ""white"", ""black"", ""black""]",24,80,9,1523,,,,,
SONA_0001,33,68,60,4,40,2,2026-02-24T12:40:52+00:00,2026-02-24T13:16:52+00:00,female,freshman,Sociology,Statistics,experiment,3,25,2026-02-24T13:11:22+00:00,red,33,white,"[""white"", ""black"", ""black"", ""black"", ""white"", ""white"", ""white"", ""black"", ""black"", ""white"", ""white"", ""white"", ""black"", ""white"", ""white"", ""white"", ""black"", ""white"", ""white"", ""white"", ""white"", ""white"", ""black"", ""black"", ""white""]",25,70,7,2439,,,,,
SONA_0001,33,68,60,4,40,2,2026-02-24T12:40:52+00:00,2026-02-24T13:16:52+00:00,female,freshman,Sociology,Statistics,experiment,3,26,2026-02-24T13:10:22+00:00,red,33,white,"[""white"", ""black"", ""black"", ""black"", ""white"", ""white"", ""white"", ""black"", ""black"", ""white"", ""white"", ""white"", ""black"", ""white"", ""white"", ""white"", ""black"", ""white"", ""white"", ""white"", ""white"", ""white"", ""black"", ""black"", ""white"", ""white""]",26,80,10,2618,,,,,
SONA_0001,33,68,60,4,40,2,2026-02-24T12:40:52+00:00,2026-02-24T13:16:52+00:00,female,freshman,Sociology,Statistics,experiment,3,27,2026-02-24T13:11:04+00:00,red,33,white,"[""white"", ""black"", ""black"", ""black"", ""white"", ""white"", ""white"", ""black"", ""black"", ""white"", ""white"", ""white"", ""black"", ""white"", ""white"", ""white"", ""black"", ""white"", ""white"", ""white"", ""white"", ""white"", ""black"", ""black"", ""white"", ""white"", ""white""]",27,85,7,1925,,,,,
SONA_0001,33,68,60,4,40,2,2026-02-24T12:40:52+00:00,2026-02-24T13:16:52+00:00,female,freshman,Sociology,Statistics,experiment,3,28,2026-02-24T13:09:56+00:00,red,33,white,"[""white"", ""black"", ""black"", ""black"", ""white"", ""white"", ""white"", ""black"", ""black"", ""white"", ""white"", ""white"", ""black"", ""white"", ""white"", ""white"", ""black"", ""white"", ""white"", ""white"", ""white"", ""white"", ""black"", ""black"", ""white"", ""white"", ""white"", ""white""]",28,95,9,1810,,,,,
SONA_0001,33,68,60,4,40,2,2026-02-24T12:40:52+00:00,2026-02-24T13:16:52+00:00,female,freshman,Sociology,Statistics,experiment,3,29,2026-02-24T13:12:34+00:00,red,33,white,"[""white"", ""black"", ""black"", ""black"", ""white"", ""white"", ""white"", ""black"", ""black"", ""white"", ""white"", ""white"", ""black"", ""white"", ""white"", ""white"", ""black"", ""white"", ""white"", ""white"", ""white"", ""white"", ""black"", ""black"", ""white"", ""white"", ""white"", ""white"", ""white""]",29,95,8,2209,,,,,
SONA_0001,33,68,60,4,40,2,2026-02-24T12:40:52+00:00,2026-02-24T13:16:52+00:00,female,freshman,Sociology,Statistics,experiment,3,30,2026-02-24T13:08:52+00:00,red,33,white,"[""white"", ""black"", ""black"", ""black"", ""white"", ""white"", ""white"", ""black"", ""black"", ""white"", ""white"", ""white"", ""black"", ""white"", ""white"", ""white"", ""black"", ""white"", ""white"", ""white"", ""white"", ""white"", ""black"", ""black"", ""white"", ""white"", ""white"", ""white"", ""white"", ""white""]",30,85,7,2359,,,,,
SONA_0001,33,68,60,4,40,2,2026-02-24T12:40:52+00:00,2026-02-24T13:16:52+00:00,female,freshman,Sociology,Statistics,experiment,3,31,2026-02-24T13:12:08+00:00,red,33,black,"[""white"", ""black"", ""black"", ""black"", ""white"", ""white"", ""white"", ""black"", ""black"", ""white"", ""white"", ""white"", ""black"", ""white"", ""white"", ""white"", ""black"", ""white"", ""white"", ""white"", ""white"", ""white"", ""black"", ""black"", ""white"", ""white"", ""white"", ""white"", ""white"", ""white"", ""black""]",31,100,8,2191,,,,,
SONA_0001,33,68,60,4,40,2,2026-02-24T12:40:52+00:00,2026-02-24T13:16:52+00:00,female,freshman,Sociology,Statistics,experiment,3,32,2026-02-24T13:09:12+00:00,red,33,black,"[""white"", ""black"", ""black"", ""black"", ""white"", ""white"", ""white"", ""black"", ""black"", ""white"", ""white"", ""white"", ""black"", ""white"", ""white"", ""white"", ""black"", ""white"", ""white"", ""white"", ""white"", ""white"", ""black"", ""black"", ""white"", ""white"", ""white"", ""white"", ""white"", ""white"", ""black"", ""black""]",32,90,6,1908,,,,,
SONA_0001,33,68,60,4,40,2,2026-02-24T12:40:52+00:00,2026-02-24T13:16:52+00:00,female,freshman,Sociology,Statistics,experiment,3,33,2026-02-24T13:12:40+00:00,red,33,white,"[""white"", ""black"", ""black"", ""black"", ""white"", ""white"", ""white"", ""black"", ""black"", ""white"", ""white"", ""white"", ""black"", ""white"", ""white"", ""white"", ""black"", ""white"", ""white"", ""white"", ""white"", ""white"", ""black"", ""black"", ""white"", ""white"", ""white"", ""white"", ""white"", ""white"", ""black"", ""black"", ""white""]",33,85,8,1736,,,,,
SONA_0002,10,100,55,4,50,8,2026-02-24T11:54:07+00:00,2026-02-24T12:39:07+00:00,male,sophomore,Economics,Data Science,experiment,1,1,2026-02-24T12:00:19+00:00,red,10,white,"[""white""]",1,65,7,3633,,,,,
SONA_0002,10,100,55,4,50,8,2026-02-24T11:54:07+00:00,2026-02-24T12:39:07+00:00,male,sophomore,Economics,Data Science,experiment,1,2,2026-02-24T12:00:23+00:00,red,10,white,"[""white"", ""white""]",2,60,5,4503,,,,,
SONA_0002,10,100,55,4,50,8,2026-02-24T11:54:07+00:00,2026-02-24T12:39:07+00:00,male,sophomore,Economics,Data Science,experiment,1,3,2026-02-24T12:00:49+00:00,red,10,white,"[""white"", ""white"", ""white""]",3,70,7,4933,,,,,
SONA_0002,10,100,55,4,50,8,2026-02-24T11:54:07+00:00,2026-02-24T12:39:07+00:00,male,sophomore,Economics,Data Science,experiment,1,4,2026-02-24T12:01:19+00:00,red,10,black,"[""white"", ""white"", ""white"", ""black""]",4,65,8,4692,,,,,
SONA_0002,10,100,55,4,50,8,2026-02-24T11:54:07+00:00,2026-02-24T12:39:07+00:00,male,sophomore,Economics,Data Science,experiment,1,5,2026-02-24T12:01:37+00:00,red,10,black,"[""white"", ""white"", ""white"", ""black"", ""black""]",5,45,8,4969,,,,,
SONA_0002,10,100,55,4,50,8,2026-02-24T11:54:07+00:00,2026-02-24T12:39:07+00:00,male,sophomore,Economics,Data Science,experiment,1,6,2026-02-24T12:00:55+00:00,red,10,white,"[""white"", ""white"", ""white"", ""black"", ""black"", ""white""]",6,50,5,4734,,,,,
SONA_0002,10,100,55,4,50,8,2026-02-24T11:54:07+00:00,2026-02-24T12:39:07+00:00,male,sophomore,Economics,Data Science,experiment,1,7,2026-02-24T12:01:45+00:00,red,10,white,"[""white"", ""white"", ""white"", ""black"", ""black"", ""white"", ""white""]",7,45,5,4529,,,,,
SONA_0002,10,100,55,4,50,8,2026-02-24T11:54:07+00:00,2026-02-24T12:39:07+00:00,male,sophomore,Economics,Data Science,experiment,1,8,2026-02-24T12:02:23+00:00,red,10,white,"[""white"", ""white"", ""white"", ""black"", ""black"", ""white"", ""white"", ""white""]",8,60,8,4622,,,,,
SONA_0002,10,100,55,4,50,8,2026-02-24T11:54:07+00:00,2026-02-24T12:39:07+00:00,male,sophomore,Economics,Data Science,experiment,1,9,2026-02-24T12:02:31+00:00,red,10,white,"[""white"", ""white"", ""white"", ""black"", ""black"", ""white"", ""white"", ""white"", ""white""]",9,65,7,4213,,,,,
SONA_0002,10,100,55,4,50,8,2026-02-24T11:54:07+00:00,2026-02-24T12:39:07+00:00,male,sophomore,Economics,Data Science,experiment,1,10,2026-02-24T12:02:57+00:00,red,10,white,"[""white"", ""white"", ""white"", ""black"", ""black"", ""white"", ""white"", ""white"", ""white"", ""white""]",10,70,7,3561,,,,,
SONA_0002,10,100,55,4,50,8,2026-02-24T11:54:07+00:00,2026-02-24T12:39:07+00:00,male,sophomore,Economics,Data Science,experiment,1,11,2026-02-24T12:01:35+00:00,red,10,white,"[""white"", ""white"", ""white"", ""black"", ""black"", ""white"", ""white"", ""white"", ""white"", ""white"", ""white""]",11,75,8,3967,,,,,
SONA_0002,10,100,55,4,50,8,2026-02-24T11:54:07+00:00,2026-02-24T12:39:07+00:00,male,sophomore,Economics,Data Science,experiment,1,12,2026-02-24T12:01:43+00:00,red,10,white,"[""white"", ""white"", ""white"", ""black"", ""black"", ""white"", ""white"", ""white"", ""white"", ""white"", ""white"", ""white""]",12,80,7,4180,,,,,
SONA_0002,10,100,55,4,50,8,2026-02-24T11:54:07+00:00,2026-02-24T12:39:07+00:00,male,sophomore,Economics,Data Science,experiment,1,13,2026-02-24T12:02:30+00:00,red,10,white,"[""white"", ""white"", ""white"", ""black"", ""black"", ""white"", ""white"", ""white"", ""white"", ""white"", ""white"", ""white"", ""white""]",13,85,8,3432,,,,,
SONA_0002,10,100,55,4,50,8,2026-02-24T11:54:07+00:00,2026-02-24T12:39:07+00:00,male,sophomore,Economics,Data Science,experiment,1,14,2026-02-24T12:02:41+00:00,red,10,white,"[""white"", ""white"", ""white"", ""black"", ""black"", ""white"", ""white"", ""white"", ""white"", ""white"", ""white"", ""white"", ""white"", ""white""]",14,90,10,3047,,,,,
SONA_0002,10,100,55,4,50,8,2026-02-24T11:54:07+00:00,2026-02-24T12:39:07+00:00,male,sophomore,Economics,Data Science,experiment,1,15,2026-02-24T12:02:07+00:00,red,10,white,"[""white"", ""white"", ""white"", ""black"", ""black"", ""white"", ""white"", ""white"", ""white"", ""white"", ""white"", ""white"", ""white"", ""white"", ""white""]",15,95,7,3192,,,,,
SONA_0002,10,100,55,4,50,8,2026-02-24T11:54:07+00:00,2026-02-24T12:39:07+00:00,male,sophomore,Economics,Data Science,experiment,1,16,2026-02-24T12:03:03+00:00,red,10,white,"[""white"", ""white"", ""white"", ""black"", ""black"", ""white"", ""white"", ""white"", ""white"", ""white"", ""white"", ""white"", ""white"", ""white"", ""white"", ""white""]",16,95,8,5019,,,,,
SONA_0002,10,100,55,4,50,8,2026-02-24T11:54:07+00:00,2026-02-24T12:39:07+00:00,male,sophomore,Economics,Data Science,experiment,1,17,2026-02-24T12:04:05+00:00,red,10,white,"[""white"", ""white"", ""white"", ""black"", ""black"", ""white"", ""white"", ""white"", ""white"", ""white"", ""white"", ""white"", ""white"", ""white"", ""white"", ""white"", ""white""]",17,95,7,3870,,,,,
SONA_0002,10,100,55,4,50,8,2026-02-24T11:54:07+00:00,2026-02-24T12:39:07+00:00,male,sophomore,Economics,Data Science,experiment,1,18,2026-02-24T12:05:13+00:00,red,10,white,"[""white"", ""white"", ""white"", ""black"", ""black"", ""white"", ""white"", ""white"", ""white"", ""white"", ""white"", ""white"", ""white"", ""white"", ""white"", ""white"", ""white"", ""white""]",18,100,8,4099,,,,,
SONA_0002,10,100,55,4,50,8,2026-02-24T11:54:07+00:00,2026-02-24T12:39:07+00:00,male,sophomore,Economics,Data Science,experiment,1,19,2026-02-24T12:04:33+00:00,red,10,white,"[""white"", ""white"", ""white"", ""black"", ""black"", ""white"", ""white"", ""white"", ""white"", ""white"", ""white"", ""white"", ""white"", ""white"", ""white"", ""white"", ""white"", ""white"", ""white""]",19,95,8,3793,,,,,
SONA_0002,10,100,55,4,50,8,2026-02-24T11:54:07+00:00,2026-02-24T12:39:07+00:00,male,sophomore,Economics,Data Science,experiment,1,20,2026-02-24T12:04:27+00:00,red,10,white,"[""white"", ""white"", ""white"", ""black"", ""black"", ""white"", ""white"", ""white"", ""white"", ""white"", ""white"", ""white"", ""white"", ""white"", ""white"", ""white"", ""white"", ""white"", ""white"", ""white""]",20,100,9,4182,,,,,
SONA_0002,10,100,55,4,50,8,2026-02-24T11:54:07+00:00,2026-02-24T12:39:07+00:00,male,sophomore,Economics,Data Science,experiment,1,21,2026-02-24T12:05:01+00:00,red,10,black,"[""white"", ""white"", ""white"", ""black"", ""black"", ""white"", ""white"", ""white"", ""white"", ""white"", ""white"", ""white"", ""white"", ""white"", ""white"", ""white"", ""white"", ""white"", ""white"", ""white"", ""black""]",21,95,10,3531,,,,,
SONA_0002,10,100,55,4,50,8,2026-02-24T11:54:07+00:00,2026-02-24T12:39:07+00:00,male,sophomore,Economics,Data Science,experiment,1,22,2026-02-24T12:03:25+00:00,red,10,white,"[""white"", ""white"", ""white"", ""black"", ""black"", ""white"", ""white"", ""white"", ""white"", ""white"", ""white"", ""white"", ""white"", ""white"", ""white"", ""white"", ""white"", ""white"", ""white"", ""white"", ""black"", ""white""]",22,95,10,4233,,,,,
SONA_0002,10,100,55,4,50,8,2026-02-24T11:54:07+00:00,2026-02-24T12:39:07+00:00,male,sophomore,Economics,Data Science,experiment,1,23,2026-02-24T12:05:06+00:00,red,10,white,"[""white"", ""white"", ""white"", ""black"", ""black"", ""white"", ""white"", ""white"", ""white"", ""white"", ""white"", ""white"", ""white"", ""white"", ""white"", ""white"", ""white"", ""white"", ""white"", ""white"", ""black"", ""white"", ""white""]",23,95,8,3999,,,,,
SONA_0002,10,100,55,4,50,8,2026-02-24T11:54:07+00:00,2026-02-24T12:39:07+00:00,male,sophomore,Economics,Data Science,experiment,1,24,2026-02-24T12:03:19+00:00,red,10,white,"[""white"", ""white"", ""white"", ""black"", ""black"", ""white"", ""white"", ""white"", ""white"", ""white"", ""white"", ""white"", ""white"", ""white"", ""white"", ""white"", ""white"", ""white"", ""white"", ""white"", ""black"", ""white"", ""white"", ""white""]",24,95,9,3388,,,,,
SONA_0002,10,100,55,4,50,8,2026-02-24T11:54:07+00:00,2026-02-24T12:39:07+00:00,male,sophomore,Economics,Data Science,experiment,1,25,2026-02-24T12:05:32+00:00,red,10,black,"[""white"", ""white"", ""white"", ""black"", ""black"", ""white"", ""white"", ""white"", ""white"", ""white"", ""white"", ""white"", ""white"", ""white"", ""white"", ""white"", ""white"", ""white"", ""white"", ""white"", ""black"", ""white"", ""white"", ""white"", ""black""]",25,90,10,3538,,,,,
SONA_0002,10,100,55,4,50,8,2026-02-24T11:54:07+00:00,2026-02-24T12:39:07+00:00,male,sophomore,Economics,Data Science,experiment,1,26,2026-02-24T12:07:55+00:00,red,10,white,"[""white"", ""white"", ""white"", ""black"", ""black"", ""white"", ""white"", ""white"", ""white"", ""white"", ""white"", ""white"", ""white"", ""white"", ""white"", ""white"", ""white"", ""white"", ""white"", ""white"", ""black"", ""white"", ""white"", ""white"", ""black"", ""white""]",26,95,9,3847,,,,,
SONA_0002,10,100,55,4,50,8,2026-02-24T11:54:07+00:00,2026-02-24T12:39:07+00:00,male,sophomore,Economics,Data Science,experiment,1,27,2026-02-24T12:05:04+00:00,red,10,white,"[""white"", ""white"", ""white"", ""black"", ""black"", ""white"", ""white"", ""white"", ""white"", ""white"", ""white"", ""white"", ""white"", ""white"", ""white"", ""white"", ""white"", ""white"", ""white"", ""white"", ""black"", ""white"", ""white"", ""white"", ""black"", ""white"", ""white""]",27,95,7,3453,,,,,
SONA_0002,10,100,55,4,50,8,2026-02-24T11:54:07+00:00,2026-02-24T12:39:07+00:00,male,sophomore,Economics,Data Science,experiment,1,28,2026-02-24T12:06:11+00:00,red,10,white,"[""white"", ""white"", ""white"", ""black"", ""black"", ""white"", ""white"", ""white"", ""white"", ""white"", ""white"", ""white"", ""white"", ""white"", ""white"", ""white"", ""white"", ""white"", ""white"", ""white"", ""black"", ""white"", ""white"", ""white"", ""black"", ""white"", ""white"", ""white""]",28,100,7,3406,,,,,
SONA_0002,10,100,55,4,50,8,2026-02-24T11:54:07+00:00,2026-02-24T12:39:07+00:00,male,sophomore,Economics,Data Science,experiment,1,29,2026-02-24T12:05:55+00:00,red,10,black,"[""white"", ""white"", ""white"", ""black"", ""black"", ""white"", ""white"", ""white"", ""white"", ""white"", ""white"", ""white"", ""white"", ""white"", ""white"", ""white"", ""white"", ""white"", ""white"", ""white"", ""black"", ""white"", ""white"", ""white"", ""black"", ""white"", ""white"", ""white"", ""black""]",29,90,10,3745,,,,,
SONA_0002,10,100,55,4,50,8,2026-02-24T11:54:07+00:00,2026-02-24T12:39:07+00:00,male,sophomore,Economics,Data Science,experiment,1,30,2026-02-24T12:07:07+00:00,red,10,black,"[""white"", ""white"", ""white"", ""black"", ""black"", ""white"", ""white"", ""white"", ""white"", ""white"", ""white"", ""white"", ""white"", ""white"", ""white"", ""white"", ""white"", ""white"", ""white"", ""white"", ""black"", ""white"", ""white"", ""white"", ""black"", ""white"", ""white"", ""white"", ""black"", ""black""]",30,70,8,4550,,,,,
SONA_0002,10,100,55,4,50,8,2026-02-24T11:54:07+00:00,2026-02-24T12:39:07+00:00,male,sophomore,Economics,Data Science,experiment,1,31,2026-02-24T12:07:52+00:00,red,10,white,"[""white"", ""white"", ""white"", ""black"", ""black"", ""white"", ""white"", ""white"", ""white"", ""white"", ""white"", ""white"", ""white"", ""white"", ""white"", ""white"", ""white"", ""white"", ""white"", ""white"", ""black"", ""white"", ""white"", ""white"", ""black"", ""white"", ""white"", ""white"", ""black"", ""black"", ""white""]",31,85,8,3247,,,,,
SONA_0002,10,100,55,4,50,8,2026-02-24T11:54:07+00:00,2026-02-24T12:39:07+00:00,male,sophomore,Economics,Data Science,experiment,1,32,2026-02-24T12:08:07+00:00,red,10,white,"[""white"", ""white"", ""white"", ""black"", ""black"", ""white"", ""white"", ""white"", ""white"", ""white"", ""white"", ""white"", ""white"", ""white"", ""white"", ""white"", ""white"", ""white"", ""white"", ""white"", ""black"", ""white"", ""white"", ""white"", ""black"", ""white"", ""white"", ""white"", ""black"", ""black"", ""white"", ""white""]",32,85,8,4085,,,,,
SONA_0002,10,100,55,4,50,8,2026-02-24T11:54:07+00:00,2026-02-24T12:39:07+00:00,male,sophomore,Economics,Data Science,experiment,1,33,2026-02-24T12:10:01+00:00,red,10,white,"[""white"", ""white"", ""white"", ""black"", ""black"", ""white"", ""white"", ""white"", ""white"", ""white"", ""white"", ""white"", ""white"", ""white"", ""white"", ""white"", ""white"", ""white"", ""white"", ""white"", ""black"", ""white"", ""white"", ""white"", ""black"", ""white"", ""white"", ""white"", ""black"", ""black"", ""white"", ""white"", ""white""]",33,90,8,3605,,,,,
SONA_0002,10,100,55,4,50,8,2026-02-24T11:54:07+00:00,2026-02-24T12:39:07+00:00,male,sophomore,Economics,Data Science,experiment,2,1,2026-02-24T12:13:21+00:00,green,100,black,"[""black""]",1,55,6,4368,,,,,
SONA_0002,10,100,55,4,50,8,2026-02-24T11:54:07+00:00,2026-02-24T12:39:07+00:00,male,sophomore,Economics,Data Science,experiment,2,2,2026-02-24T12:13:23+00:00,green,100,black,"[""black"", ""black""]",2,60,6,4030,,,,,
SONA_0002,10,100,55,4,50,8,2026-02-24T11:54:07+00:00,2026-02-24T12:39:07+00:00,male,sophomore,Economics,Data Science,experiment,2,3,2026-02-24T12:14:01+00:00,green,100,black,"[""black"", ""black"", ""black""]",3,60,7,4248,,,,,
SONA_0002,10,100,55,4,50,8,2026-02-24T11:54:07+00:00,2026-02-24T12:39:07+00:00,male,sophomore,Economics,Data Science,experiment,2,4,2026-02-24T12:14:19+00:00,green,100,black,"[""black"", ""black"", ""black"", ""black""]",4,70,7,4239,,,,,
SONA_0002,10,100,55,4,50,8,2026-02-24T11:54:07+00:00,2026-02-24T12:39:07+00:00,male,sophomore,Economics,Data Science,experiment,2,5,2026-02-24T12:14:12+00:00,green,100,black,"[""black"", ""black"", ""black"", ""black"", ""black""]",5,65,6,4233,,,,,
SONA_0002,10,100,55,4,50,8,2026-02-24T11:54:07+00:00,2026-02-24T12:39:07+00:00,male,sophomore,Economics,Data Science,experiment,2,6,2026-02-24T12:14:49+00:00,green,100,black,"[""black"", ""black"", ""black"", ""black"", ""black"", ""black""]",6,75,7,3289,,,,,
SONA_0002,10,100,55,4,50,8,2026-02-24T11:54:07+00:00,2026-02-24T12:39:07+00:00,male,sophomore,Economics,Data Science,experiment,2,7,2026-02-24T12:14:59+00:00,green,100,black,"[""black"", ""black"", ""black"", ""black"", ""black"", ""black"", ""black""]",7,70,7,4230,,,,,
SONA_0002,10,100,55,4,50,8,2026-02-24T11:54:07+00:00,2026-02-24T12:39:07+00:00,male,sophomore,Economics,Data Science,experiment,2,8,2026-02-24T12:14:59+00:00,green,100,black,"[""black"", ""black"", ""black"", ""black"", ""black"", ""black"", ""black"", ""black""]",8,80,10,3643,,,,,
SONA_0002,10,100,55,4,50,8,2026-02-24T11:54:07+00:00,2026-02-24T12:39:07+00:00,male,sophomore,Economics,Data Science,experiment,2,9,2026-02-24T12:15:40+00:00,green,100,black,"[""black"", ""black"", ""black"", ""black"", ""black"", ""black"", ""black"", ""black"", ""black""]",9,80,8,4595,,,,,
SONA_0002,10,100,55,4,50,8,2026-02-24T11:54:07+00:00,2026-02-24T12:39:07+00:00,male,sophomore,Economics,Data Science,experiment,2,10,2026-02-24T12:14:47+00:00,green,100,black,"[""black"", ""black"", ""black"", ""black"", ""black"", ""black"", ""black"", ""black"", ""black"", ""black""]",10,80,6,4703,,,,,
SONA_0002,10,100,55,4,50,8,2026-02-24T11:54:07+00:00,2026-02-24T12:39:07+00:00,male,sophomore,Economics,Data Science,experiment,2,11,2026-02-24T12:16:03+00:00,green,100,black,"[""black"", ""black"", ""black"", ""black"", ""black"", ""black"", ""black"", ""black"", ""black"", ""black"", ""black""]",11,80,7,4126,,,,,
SONA_0002,10,100,55,4,50,8,2026-02-24T11:54:07+00:00,2026-02-24T12:39:07+00:00,male,sophomore,Economics,Data Science,experiment,2,12,2026-02-24T12:15:55+00:00,green,100,black,"[""black"", ""black"", ""black"", ""black"", ""black"", ""black"", ""black"", ""black"", ""black"", ""black"", ""black"", ""black""]",12,80,6,3470,,,,,
SONA_0002,10,100,55,4,50,8,2026-02-24T11:54:07+00:00,2026-02-24T12:39:07+00:00,male,sophomore,Economics,Data Science,experiment,2,13,2026-02-24T12:16:22+00:00,green,100,black,"[""black"", ""black"", ""black"", ""black"", ""black"", ""black"", ""black"", ""black"", ""black"", ""black"", ""black"", ""black"", ""black""]",13,80,9,4342,,,,,
SONA_0002,10,100,55,4,50,8,2026-02-24T11:54:07+00:00,2026-02-24T12:39:07+00:00,male,sophomore,Economics,Data Science,experiment,2,14,2026-02-24T12:16:23+00:00,green,100,black,"[""black"", ""black"", ""black"", ""black"", ""black"", ""black"", ""black"", ""black"", ""black"", ""black"", ""black"", ""black"", ""black"", ""black""]",14,80,7,4566,,,,,
SONA_0002,10,100,55,4,50,8,2026-02-24T11:54:07+00:00,2026-02-24T12:39:07+00:00,male,sophomore,Economics,Data Science,experiment,2,15,2026-02-24T12:16:22+00:00,green,100,black,"[""black"", ""black"", ""black"", ""black"", ""black"", ""black"", ""black"", ""black"", ""black"", ""black"", ""black"", ""black"", ""black"", ""black"", ""black""]",15,80,6,3586,,,,,
SONA_0002,10,100,55,4,50,8,2026-02-24T11:54:07+00:00,2026-02-24T12:39:07+00:00,male,sophomore,Economics,Data Science,experiment,2,16,2026-02-24T12:15:47+00:00,green,100,black,"[""black"", ""black"", ""black"", ""black"", ""black"", ""black"", ""black"", ""black"", ""black"", ""black"", ""black"", ""black"", ""black"", ""black"", ""black"", ""black""]",16,90,9,4414,,,,,
SONA_0002,10,100,55,4,50,8,2026-02-24T11:54:07+00:00,2026-02-24T12:39:07+00:00,male,sophomore,Economics,Data Science,experiment,2,17,2026-02-24T12:15:23+00:00,green,100,black,"[""black"", ""black"", ""black"", ""black"", ""black"", ""black"", ""black"", ""black"", ""black"", ""black"", ""black"", ""black"", ""black"", ""black"", ""black"", ""black"", ""black""]",17,85,8,3975,,,,,
SONA_0002,10,100,55,4,50,8,2026-02-24T11:54:07+00:00,2026-02-24T12:39:07+00:00,male,sophomore,Economics,Data Science,experiment,2,18,2026-02-24T12:16:25+00:00,green,100,black,"[""black"", ""black"", ""black"", ""black"", ""black"", ""black"", ""black"", ""black"", ""black"", ""black"", ""black"", ""black"", ""black"", ""black"", ""black"", ""black"", ""black"", ""black""]",18,85,9,3801,,,,,
SONA_0002,10,100,55,4,50,8,2026-02-24T11:54:07+00:00,2026-02-24T12:39:07+00:00,male,sophomore,Economics,Data Science,experiment,2,19,2026-02-24T12:17:33+00:00,green,100,black,"[""black"", ""black"", ""black"", ""black"", ""black"", ""black"", ""black"", ""black"", ""black"", ""black"", ""black"", ""black"", ""black"", ""black"", ""black"", ""black"", ""black"", ""black"", ""black""]",19,85,9,3213,,,,,
SONA_0002,10,100,55,4,50,8,2026-02-24T11:54:07+00:00,2026-02-24T12:39:07+00:00,male,sophomore,Economics,Data Science,experiment,2,20,2026-02-24T12:15:47+00:00,green,100,black,"[""black"", ""black"", ""black"", ""black"", ""black"", ""black"", ""black"", ""black"", ""black"", ""black"", ""black"", ""black"", ""black"", ""black"", ""black"", ""black"", ""black"", ""black"", ""black"", ""black""]",20,85,10,3479,,,,,
SONA_0002,10,100,55,4,50,8,2026-02-24T11:54:07+00:00,2026-02-24T12:39:07+00:00,male,sophomore,Economics,Data Science,experiment,2,21,2026-02-24T12:17:19+00:00,green,100,black,"[""black"", ""black"", ""black"", ""black"", ""black"", ""black"", ""black"", ""black"", ""black"", ""black"", ""black"", ""black"", ""black"", ""black"", ""black"", ""black"", ""black"", ""black"", ""black"", ""black"", ""black""]",21,85,8,3086,,,,,
SONA_0002,10,100,55,4,50,8,2026-02-24T11:54:07+00:00,2026-02-24T12:39:07+00:00,male,sophomore,Economics,Data Science,experiment,2,22,2026-02-24T12:19:43+00:00,green,100,black,"[""black"", ""black"", ""black"", ""black"", ""black"", ""black"", ""black"", ""black"", ""black"", ""black"", ""black"", ""black"", ""black"", ""black"", ""black"", ""black"", ""black"", ""black"", ""black"", ""black"", ""black"", ""black""]",22,85,8,4066,,,,,
SONA_0002,10,100,55,4,50,8,2026-02-24T11:54:07+00:00,2026-02-24T12:39:07+00:00,male,sophomore,Economics,Data Science,experiment,2,23,2026-02-24T12:19:38+00:00,green,100,black,"[""black"", ""black"", ""black"", ""black"", ""black"", ""black"", ""black"", ""black"", ""black"", ""black"", ""black"", ""black"", ""black"", ""black"", ""black"", ""black"", ""black"", ""black"", ""black"", ""black"", ""black"", ""black"", ""black""]",23,90,6,4122,,,,,
SONA_0002,10,100,55,4,50,8,2026-02-24T11:54:07+00:00,2026-02-24T12:39:07+00:00,male,sophomore,Economics,Data Science,experiment,2,24,2026-02-24T12:18:19+00:00,green,100,black,"[""black"", ""black"", ""black"", ""black"", ""black"", ""black"", ""black"", ""black"", ""black"", ""black"", ""black"", ""black"", ""black"", ""black"", ""black"", ""black"", ""black"", ""black"", ""black"", ""black"", ""black"", ""black"", ""black"", ""black""]",24,85,8,3620,,,,,
SONA_0002,10,100,55,4,50,8,2026-02-24T11:54:07+00:00,2026-02-24T12:39:07+00:00,male,sophomore,Economics,Data Science,experiment,2,25,2026-02-24T12:18:07+00:00,green,100,black,"[""black"", ""black"", ""black"", ""black"", ""black"", ""black"", ""black"", ""black"", ""black"", ""black"", ""black"", ""black"", ""black"", ""black"", ""black"", ""black"", ""black"", ""black"", ""black"", ""black"", ""black"", ""black"", ""black"", ""black"", ""black""]",25,85,9,2936,,,,,
SONA_0002,10,100,55,4,50,8,2026-02-24T11:54:07+00:00,2026-02-24T12:39:07+00:00,male,sophomore,Economics,Data Science,experiment,2,26,2026-02-24T12:16:35+00:00,green,100,black,"[""black"", ""black"", ""black"", ""black"", ""black"", ""black"", ""black"", ""black"", ""black"", ""black"", ""black"", ""black"", ""black"", ""black"", ""black"", ""black"", ""black"", ""black"", ""black"", ""black"", ""black"", ""black"", ""black"", ""black"", ""black"", ""black""]",26,90,10,3478,,,,,
SONA_0002,10,100,55,4,50,8,2026-02-24T11:54:07+00:00,2026-02-24T12:39:07+00:00,male,sophomore,Economics,Data Science,experiment,2,27,2026-02-24T12:20:19+00:00,green,100,black,"[""black"", ""black"", ""black"", ""black"", ""black"", ""black"", ""black"", ""black"", ""black"", ""black"", ""black"", ""black"", ""black"", ""black"", ""black"", ""black"", ""black"", ""black"", ""black"", ""black"", ""black"", ""black"", ""black"", ""black"", ""black"", ""black"", ""black""]",27,85,7,3051,,,,,
SONA_0002,10,100,55,4,50,8,2026-02-24T11:54:07+00:00,2026-02-24T12:39:07+00:00,male,sophomore,Economics,Data Science,experiment,2,28,2026-02-24T12:17:19+00:00,green,100,black,"[""black"", ""black"", ""black"", ""black"", ""black"", ""black"", ""black"", ""black"", ""black"", ""black"", ""black"", ""black"", ""black"", ""black"", ""black"", ""black"", ""black"", ""black"", ""black"", ""black"", ""black"", ""black"", ""black"", ""black"", ""black"", ""black"", ""black"", ""black""]",28,90,9,3619,,,,,
SONA_0002,10,100,55,4,50,8,2026-02-24T11:54:07+00:00,2026-02-24T12:39:07+00:00,male,sophomore,Economics,Data Science,experiment,2,29,2026-02-24T12:16:59+00:00,green,100,black,"[""black"", ""black"", ""black"", ""black"", ""black"", ""black"", ""black"", ""black"", ""black"", ""black"", ""black"", ""black"", ""black"", ""black"", ""black"", ""black"", ""black"", ""black"", ""black"", ""black"", ""black"", ""black"", ""black"", ""black"", ""black"", ""black"", ""black"", ""black"", ""black""]",29,90,9,3648,,,,,
SONA_0002,10,100,55,4,50,8,2026-02-24T11:54:07+00:00,2026-02-24T12:39:07+00:00,male,sophomore,Economics,Data Science,experiment,2,30,2026-02-24T12:22:07+00:00,green,100,black,"[""black"", ""black"", ""black"", ""black"", ""black"", ""black"", ""black"", ""black"", ""black"", ""black"", ""black"", ""black"", ""black"", ""black"", ""black"", ""black"", ""black"", ""black"", ""black"", ""black"", ""black"", ""black"", ""black"", ""black"", ""black"", ""black"", ""black"", ""black"", ""black"", ""black""]",30,85,9,3520,,,,,
SONA_0002,10,100,55,4,50,8,2026-02-24T11:54:07+00:00,2026-02-24T12:39:07+00:00,male,sophomore,Economics,Data Science,experiment,2,31,2026-02-24T12:17:15+00:00,green,100,black,"[""black"", ""black"", ""black"", ""black"", ""black"", ""black"", ""black"", ""black"", ""black"", ""black"", ""black"", ""black"", ""black"", ""black"", ""black"", ""black"", ""black"", ""black"", ""black"", ""black"", ""black"", ""black"", ""black"", ""black"", ""black"", ""black"", ""black"", ""black"", ""black"", ""black"", ""black""]",31,90,10,3509,,,,,
SONA_0002,10,100,55,4,50,8,2026-02-24T11:54:07+00:00,2026-02-24T12:39:07+00:00,male,sophomore,Economics,Data Science,experiment,2,32,2026-02-24T12:19:31+00:00,green,100,black,"[""black"", ""black"", ""black"", ""black"", ""black"", ""black"", ""black"", ""black"", ""black"", ""black"", ""black"", ""black"", ""black"", ""black"", ""black"", ""black"", ""black"", ""black"", ""black"", ""black"", ""black"", ""black"", ""black"", ""black"", ""black"", ""black"", ""black"", ""black"", ""black"", ""black"", ""black"", ""black""]",32,90,9,3920,,,,,
SONA_0002,10,100,55,4,50,8,2026-02-24T11:54:07+00:00,2026-02-24T12:39:07+00:00,male,sophomore,Economics,Data Science,experiment,2,33,2026-02-24T12:18:04+00:00,green,100,black,"[""black"", ""black"", ""black"", ""black"", ""black"", ""black"", ""black"", ""black"", ""black"", ""black"", ""black"", ""black"", ""black"", ""black"", ""black"", ""black"", ""black"", ""black"", ""black"", ""black"", ""black"", ""black"", ""black"", ""black"", ""black"", ""black"", ""black"", ""black"", ""black"", ""black"", ""black"", ""black"", ""black""]",33,95,9,3236,,,,,
SONA_0002,10,100,55,4,50,8,2026-02-24T11:54:07+00:00,2026-02-24T12:39:07+00:00,male,sophomore,Economics,Data Science,experiment,3,1,2026-02-24T12:27:19+00:00,red,10,white,"[""white""]",1,90,10,4059,,,,,
SONA_0002,10,100,55,4,50,8,2026-02-24T11:54:07+00:00,2026-02-24T12:39:07+00:00,male,sophomore,Economics,Data Science,experiment,3,2,2026-02-24T12:27:41+00:00,red,10,black,"[""white"", ""black""]",2,80,9,3749,,,,,
SONA_0002,10,100,55,4,50,8,2026-02-24T11:54:07+00:00,2026-02-24T12:39:07+00:00,male,sophomore,Economics,Data Science,experiment,3,3,2026-02-24T12:27:46+00:00,red,10,white,"[""white"", ""black"", ""white""]",3,85,8,4537,,,,,
SONA_0002,10,100,55,4,50,8,2026-02-24T11:54:07+00:00,2026-02-24T12:39:07+00:00,male,sophomore,Economics,Data Science,experiment,3,4,2026-02-24T12:28:07+00:00,red,10,white,"[""white"", ""black"", ""white"", ""white""]",4,90,8,3823,,,,,
SONA_0002,10,100,55,4,50,8,2026-02-24T11:54:07+00:00,2026-02-24T12:39:07+00:00,male,sophomore,Economics,Data Science,experiment,3,5,2026-02-24T12:28:07+00:00,red,10,black,"[""white"", ""black"", ""white"", ""white"", ""black""]",5,80,6,4216,,,,,
SONA_0002,10,100,55,4,50,8,2026-02-24T11:54:07+00:00,2026-02-24T12:39:07+00:00,male,sophomore,Economics,Data Science,experiment,3,6,2026-02-24T12:28:37+00:00,red,10,white,"[""white"", ""black"", ""white"", ""white"", ""black"", ""white""]",6,85,7,4384,,,,,
SONA_0002,10,100,55,4,50,8,2026-02-24T11:54:07+00:00,2026-02-24T12:39:07+00:00,male,sophomore,Economics,Data Science,experiment,3,7,2026-02-24T12:29:06+00:00,red,10,white,"[""white"", ""black"", ""white"", ""white"", ""black"", ""white"", ""white""]",7,85,6,3137,,,,,
SONA_0002,10,100,55,4,50,8,2026-02-24T11:54:07+00:00,2026-02-24T12:39:07+00:00,male,sophomore,Economics,Data Science,experiment,3,8,2026-02-24T12:28:27+00:00,red,10,white,"[""white"", ""black"", ""white"", ""white"", ""black"", ""white"", ""white"", ""white""]",8,85,8,4744,,,,,
SONA_0002,10,100,55,4,50,8,2026-02-24T11:54:07+00:00,2026-02-24T12:39:07+00:00,male,sophomore,Economics,Data Science,experiment,3,9,2026-02-24T12:29:49+00:00,red,10,white,"[""white"", ""black"", ""white"", ""white"", ""black"", ""white"", ""white"", ""white"", ""white""]",9,95,7,3219,,,,,
SONA_0002,10,100,55,4,50,8,2026-02-24T11:54:07+00:00,2026-02-24T12:39:07+00:00,male,sophomore,Economics,Data Science,experiment,3,10,2026-02-24T12:29:27+00:00,red,10,white,"[""white"", ""black"", ""white"", ""white"", ""black"", ""white"", ""white"", ""white"", ""white"", ""white""]",10,90,8,3780,,,,,
SONA_0002,10,100,55,4,50,8,2026-02-24T11:54:07+00:00,2026-02-24T12:39:07+00:00,male,sophomore,Economics,Data Science,experiment,3,11,2026-02-24T12:28:57+00:00,red,10,white,"[""white"", ""black"", ""white"", ""white"", ""black"", ""white"", ""white"", ""white"", ""white"", ""white"", ""white""]",11,95,7,3894,,,,,
SONA_0002,10,100,55,4,50,8,2026-02-24T11:54:07+00:00,2026-02-24T12:39:07+00:00,male,sophomore,Economics,Data Science,experiment,3,12,2026-02-24T12:29:19+00:00,red,10,white,"[""white"", ""black"", ""white"", ""white"", ""black"", ""white"", ""white"", ""white"", ""white"", ""white"", ""white"", ""white""]",12,95,9,4242,,,,,
SONA_0002,10,100,55,4,50,8,2026-02-24T11:54:07+00:00,2026-02-24T12:39:07+00:00,male,sophomore,Economics,Data Science,experiment,3,13,2026-02-24T12:30:09+00:00,red,10,white,"[""white"", ""black"", ""white"", ""white"", ""black"", ""white"", ""white"", ""white"", ""white"", ""white"", ""white"", ""white"", ""white""]",13,100,8,3836,,,,,
SONA_0002,10,100,55,4,50,8,2026-02-24T11:54:07+00:00,2026-02-24T12:39:07+00:00,male,sophomore,Economics,Data Science,experiment,3,14,2026-02-24T12:29:55+00:00,red,10,white,"[""white"", ""black"", ""white"", ""white"", ""black"", ""white"", ""white"", ""white"", ""white"", ""white"", ""white"", ""white"", ""white"", ""white""]",14,100,9,3994,,,,,
SONA_0002,10,100,55,4,50,8,2026-02-24T11:54:07+00:00,2026-02-24T12:39:07+00:00,male,sophomore,Economics,Data Science,experiment,3,15,2026-02-24T12:29:52+00:00,red,10,white,"[""white"", ""black"", ""white"", ""white"", ""black"", ""white"", ""white"", ""white"", ""white"", ""white"", ""white"", ""white"", ""white"", ""white"", ""white""]",15,95,7,3799,,,,,
SONA_0002,10,100,55,4,50,8,2026-02-24T11:54:07+00:00,2026-02-24T12:39:07+00:00,male,sophomore,Economics,Data Science,experiment,3,16,2026-02-24T12:29:15+00:00,red,10,white,"[""white"", ""black"", ""white"", ""white"", ""black"", ""white"", ""white"", ""white"", ""white"", ""white"", ""white"", ""white"", ""white"", ""white"", ""white"", ""white""]",16,95,10,3362,,,,,
SONA_0002,10,100,55,4,50,8,2026-02-24T11:54:07+00:00,2026-02-24T12:39:07+00:00,male,sophomore,Economics,Data Science,experiment,3,17,2026-02-24T12:29:40+00:00,red,10,white,"[""white"", ""black"", ""white"", ""white"", ""black"", ""white"", ""white"", ""white"", ""white"", ""white"", ""white"", ""white"", ""white"", ""white"", ""white"", ""white"", ""white""]",17,95,9,3467,,,,,
SONA_0002,10,100,55,4,50,8,2026-02-24T11:54:07+00:00,2026-02-24T12:39:07+00:00,male,sophomore,Economics,Data Science,experiment,3,18,2026-02-24T12:30:07+00:00,red,10,white,"[""white"", ""black"", ""white"", ""white"", ""black"", ""white"", ""white"", ""white"", ""white"", ""white"", ""white"", ""white"", ""white"", ""white"", ""white"", ""white"", ""white"", ""white""]",18,100,8,3689,,,,,
SONA_0002,10,100,55,4,50,8,2026-02-24T11:54:07+00:00,2026-02-24T12:39:07+00:00,male,sophomore,Economics,Data Science,experiment,3,19,2026-02-24T12:31:14+00:00,red,10,white,"[""white"", ""black"", ""white"", ""white"", ""black"", ""white"", ""white"", ""white"", ""white"", ""white"", ""white"", ""white"", ""white"", ""white"", ""white"", ""white"", ""white"", ""white"", ""white""]",19,95,8,4188,,,,,
SONA_0002,10,100,55,4,50,8,2026-02-24T11:54:07+00:00,2026-02-24T12:39:07+00:00,male,sophomore,Economics,Data Science,experiment,3,20,2026-02-24T12:32:47+00:00,red,10,white,"[""white"", ""black"", ""white"", ""white"", ""black"", ""white"", ""white"", ""white"", ""white"", ""white"", ""white"", ""white"", ""white"", ""white"", ""white"", ""white"", ""white"", ""white"", ""white"", ""white""]",20,100,9,3638,,,,,
SONA_0002,10,100,55,4,50,8,2026-02-24T11:54:07+00:00,2026-02-24T12:39:07+00:00,male,sophomore,Economics,Data Science,experiment,3,21,2026-02-24T12:31:40+00:00,red,10,white,"[""white"", ""black"", ""white"", ""white"", ""black"", ""white"", ""white"", ""white"", ""white"", ""white"", ""white"", ""white"", ""white"", ""white"", ""white"", ""white"", ""white"", ""white"", ""white"", ""white"", ""white""]",21,100,7,3487,,,,,
SONA_0002,10,100,55,4,50,8,2026-02-24T11:54:07+00:00,2026-02-24T12:39:07+00:00,male,sophomore,Economics,Data Science,experiment,3,22,2026-02-24T12:33:21+00:00,red,10,white,"[""white"", ""black"", ""white"", ""white"", ""black"", ""white"", ""white"", ""white"", ""white"", ""white"", ""white"", ""white"", ""white"", ""white"", ""white"", ""white"", ""white"", ""white"", ""white"", ""white"", ""white"", ""white""]",22,100,10,3681,,,,,
SONA_0002,10,100,55,4,50,8,2026-02-24T11:54:07+00:00,2026-02-24T12:39:07+00:00,male,sophomore,Economics,Data Science,experiment,3,23,2026-02-24T12:33:38+00:00,red,10,white,"[""white"", ""black"", ""white"", ""white"", ""black"", ""white"", ""white"", ""white"", ""white"", ""white"", ""white"", ""white"", ""white"", ""white"", ""white"", ""white"", ""white"", ""white"", ""white"", ""white"", ""white"", ""white"", ""white""]",23,100,7,3713,,,,,
SONA_0002,10,100,55,4,50,8,2026-02-24T11:54:07+00:00,2026-02-24T12:39:07+00:00,male,sophomore,Economics,Data Science,experiment,3,24,2026-02-24T12:30:43+00:00,red,10,white,"[""white"", ""black"", ""white"", ""white"", ""black"", ""white"", ""white"", ""white"", ""white"", ""white"", ""white"", ""white"", ""white"", ""white"", ""white"", ""white"", ""white"", ""white"", ""white"", ""white"", ""white"", ""white"", ""white"", ""white""]",24,100,8,3937,,,,,
SONA_0002,10,100,55,4,50,8,2026-02-24T11:54:07+00:00,2026-02-24T12:39:07+00:00,male,sophomore,Economics,Data Science,experiment,3,25,2026-02-24T12:32:07+00:00,red,10,white,"[""white"", ""black"", ""white"", ""white"", ""black"", ""white"", ""white"", ""white"", ""white"", ""white"", ""white"", ""white"", ""white"", ""white"", ""white"", ""white"", ""white"", ""white"", ""white"", ""white"", ""white"", ""white"", ""white"", ""white"", ""white""]",25,100,9,4174,,,,,
SONA_0002,10,100,55,4,50,8,2026-02-24T11:54:07+00:00,2026-02-24T12:39:07+00:00,male,sophomore,Economics,Data Science,experiment,3,26,2026-02-24T12:33:37+00:00,red,10,white,"[""white"", ""black"", ""white"", ""white"", ""black"", ""white"", ""white"", ""white"", ""white"", ""white"", ""white"", ""white"", ""white"", ""white"", ""white"", ""white"", ""white"", ""white"", ""white"", ""white"", ""white"", ""white"", ""white"", ""white"", ""white"", ""white""]",26,95,10,3417,,,,,
SONA_0002,10,100,55,4,50,8,2026-02-24T11:54:07+00:00,2026-02-24T12:39:07+00:00,male,sophomore,Economics,Data Science,experiment,3,27,2026-02-24T12:35:13+00:00,red,10,white,"[""white"", ""black"", ""white"", ""white"", ""black"", ""white"", ""white"", ""white"", ""white"", ""white"", ""white"", ""white"", ""white"", ""white"", ""white"", ""white"", ""white"", ""white"", ""white"", ""white"", ""white"", ""white"", ""white"", ""white"", ""white"", ""white"", ""white""]",27,100,10,2626,,,,,
SONA_0002,10,100,55,4,50,8,2026-02-24T11:54:07+00:00,2026-02-24T12:39:07+00:00,male,sophomore,Economics,Data Science,experiment,3,28,2026-02-24T12:34:07+00:00,red,10,black,"[""white"", ""black"", ""white"", ""white"", ""black"", ""white"", ""white"", ""white"", ""white"", ""white"", ""white"", ""white"", ""white"", ""white"", ""white"", ""white"", ""white"", ""white"", ""white"", ""white"", ""white"", ""white"", ""white"", ""white"", ""white"", ""white"", ""white"", ""black""]",28,95,9,4319,,,,,
SONA_0002,10,100,55,4,50,8,2026-02-24T11:54:07+00:00,2026-02-24T12:39:07+00:00,male,sophomore,Economics,Data Science,experiment,3,29,2026-02-24T12:34:51+00:00,red,10,white,"[""white"", ""black"", ""white"", ""white"", ""black"", ""white"", ""white"", ""white"", ""white"", ""white"", ""white"", ""white"", ""white"", ""white"", ""white"", ""white"", ""white"", ""white"", ""white"", ""white"", ""white"", ""white"", ""white"", ""white"", ""white"", ""white"", ""white"", ""black"", ""white""]",29,100,9,3532,,,,,
SONA_0002,10,100,55,4,50,8,2026-02-24T11:54:07+00:00,2026-02-24T12:39:07+00:00,male,sophomore,Economics,Data Science,experiment,3,30,2026-02-24T12:32:07+00:00,red,10,white,"[""white"", ""black"", ""white"", ""white"", ""black"", ""white"", ""white"", ""white"", ""white"", ""white"", ""white"", ""white"", ""white"", ""white"", ""white"", ""white"", ""white"", ""white"", ""white"", ""white"", ""white"", ""white"", ""white"", ""white"", ""white"", ""white"", ""white"", ""black"", ""white"", ""white""]",30,95,8,3551,,,,,
SONA_0002,10,100,55,4,50,8,2026-02-24T11:54:07+00:00,2026-02-24T12:39:07+00:00,male,sophomore,Economics,Data Science,experiment,3,31,2026-02-24T12:35:54+00:00,red,10,white,"[""white"", ""black"", ""white"", ""white"", ""black"", ""white"", ""white"", ""white"", ""white"", ""white"", ""white"", ""white"", ""white"", ""white"", ""white"", ""white"", ""white"", ""white"", ""white"", ""white"", ""white"", ""white"", ""white"", ""white"", ""white"", ""white"", ""white"", ""black"", ""white"", ""white"", ""white""]",31,100,9,2926,,,,,
SONA_0002,10,100,55,4,50,8,2026-02-24T11:54:07+00:00,2026-02-24T12:39:07+00:00,male,sophomore,Economics,Data Science,experiment,3,32,2026-02-24T12:34:03+00:00,red,10,white,"[""white"", ""black"", ""white"", ""white"", ""black"", ""white"", ""white"", ""white"", ""white"", ""white"", ""white"", ""white"", ""white"", ""white"", ""white"", ""white"", ""white"", ""white"", ""white"", ""white"", ""white"", ""white"", ""white"", ""white"", ""white"", ""white"", ""white"", ""black"", ""white"", ""white"", ""white"", ""white""]",32,100,9,3634,,,,,
SONA_0002,10,100,55,4,50,8,2026-02-24T11:54:07+00:00,2026-02-24T12:39:07+00:00,male,sophomore,Economics,Data Science,experiment,3,33,2026-02-24T12:37:01+00:00,red,10,white,"[""white"", ""black"", ""white"", ""white"", ""black"", ""white"", ""white"", ""white"", ""white"", ""white"", ""white"", ""white"", ""white"", ""white"", ""white"", ""white"", ""white"", ""white"", ""white"", ""white"", ""white"", ""white"", ""white"", ""white"", ""white"", ""white"", ""white"", ""black"", ""white"", ""white"", ""white"", ""white"", ""white""]",33,100,8,3343,,,,,
SONA_0003,68,46,45,3,40,7,2026-02-24T10:29:11+00:00,2026-02-24T11:03:11+00:00,male,freshman,Philosophy,,experiment,1,1,2026-02-24T10:32:24+00:00,red,68,black,"[""black""]",1,45,5,5715,,,,,
SONA_0003,68,46,45,3,40,7,2026-02-24T10:29:11+00:00,2026-02-24T11:03:11+00:00,male,freshman,Philosophy,,experiment,1,2,2026-02-24T10:32:29+00:00,red,68,black,"[""black"", ""black""]",2,55,5,5439,,,,,
SONA_0003,68,46,45,3,40,7,2026-02-24T10:29:11+00:00,2026-02-24T11:03:11+00:00,male,freshman,Philosophy,,experiment,1,3,2026-02-24T10:32:56+00:00,red,68,black,"[""black"", ""black"", ""black""]",3,50,4,5682,,,,,
SONA_0003,68,46,45,3,40,7,2026-02-24T10:29:11+00:00,2026-02-24T11:03:11+00:00,male,freshman,Philosophy,,experiment,1,4,2026-02-24T10:32:55+00:00,red,68,black,"[""black"", ""black"", ""black"", ""black""]",4,60,5,6075,,,,,
SONA_0003,68,46,45,3,40,7,2026-02-24T10:29:11+00:00,2026-02-24T11:03:11+00:00,male,freshman,Philosophy,,experiment,1,5,2026-02-24T10:32:56+00:00,red,68,black,"[""black"", ""black"", ""black"", ""black"", ""black""]",5,55,6,5237,,,,,
SONA_0003,68,46,45,3,40,7,2026-02-24T10:29:11+00:00,2026-02-24T11:03:11+00:00,male,freshman,Philosophy,,experiment,1,6,2026-02-24T10:33:17+00:00,red,68,black,"[""black"", ""black"", ""black"", ""black"", ""black"", ""black""]",6,60,5,5376,,,,,
SONA_0003,68,46,45,3,40,7,2026-02-24T10:29:11+00:00,2026-02-24T11:03:11+00:00,male,freshman,Philosophy,,experiment,1,7,2026-02-24T10:33:14+00:00,red,68,white,"[""black"", ""black"", ""black"", ""black"", ""black"", ""black"", ""white""]",7,60,5,5036,,,,,
SONA_0003,68,46,45,3,40,7,2026-02-24T10:29:11+00:00,2026-02-24T11:03:11+00:00,male,freshman,Philosophy,,experiment,1,8,2026-02-24T10:34:19+00:00,red,68,white,"[""black"", ""black"", ""black"", ""black"", ""black"", ""black"", ""white"", ""white""]",8,45,4,5708,,,,,
SONA_0003,68,46,45,3,40,7,2026-02-24T10:29:11+00:00,2026-02-24T11:03:11+00:00,male,freshman,Philosophy,,experiment,1,9,2026-02-24T10:33:32+00:00,red,68,black,"[""black"", ""black"", ""black"", ""black"", ""black"", ""black"", ""white"", ""white"", ""black""]",9,50,3,5438,,,,,
SONA_0003,68,46,45,3,40,7,2026-02-24T10:29:11+00:00,2026-02-24T11:03:11+00:00,male,freshman,Philosophy,,experiment,1,10,2026-02-24T10:34:51+00:00,red,68,black,"[""black"", ""black"", ""black"", ""black"", ""black"", ""black"", ""white"", ""white"", ""black"", ""black""]",10,60,5,5679,,,,,
SONA_0003,68,46,45,3,40,7,2026-02-24T10:29:11+00:00,2026-02-24T11:03:11+00:00,male,freshman,Philosophy,,experiment,1,11,2026-02-24T10:34:23+00:00,red,68,black,"[""black"", ""black"", ""black"", ""black"", ""black"", ""black"", ""white"", ""white"", ""black"", ""black"", ""black""]",11,55,4,5383,,,,,
SONA_0003,68,46,45,3,40,7,2026-02-24T10:29:11+00:00,2026-02-24T11:03:11+00:00,male,freshman,Philosophy,,experiment,1,12,2026-02-24T10:33:47+00:00,red,68,white,"[""black"", ""black"", ""black"", ""black"", ""black"", ""black"", ""white"", ""white"", ""black"", ""black"", ""black"", ""white""]",12,60,6,4872,,,,,
SONA_0003,68,46,45,3,40,7,2026-02-24T10:29:11+00:00,2026-02-24T11:03:11+00:00,male,freshman,Philosophy,,experiment,1,13,2026-02-24T10:36:05+00:00,red,68,white,"[""black"", ""black"", ""black"", ""black"", ""black"", ""black"", ""white"", ""white"", ""black"", ""black"", ""black"", ""white"", ""white""]",13,50,4,5411,,,,,
SONA_0003,68,46,45,3,40,7,2026-02-24T10:29:11+00:00,2026-02-24T11:03:11+00:00,male,freshman,Philosophy,,experiment,1,14,2026-02-24T10:35:41+00:00,red,68,white,"[""black"", ""black"", ""black"", ""black"", ""black"", ""black"", ""white"", ""white"", ""black"", ""black"", ""black"", ""white"", ""white"", ""white""]",14,50,3,4678,,,,,
SONA_0003,68,46,45,3,40,7,2026-02-24T10:29:11+00:00,2026-02-24T11:03:11+00:00,male,freshman,Philosophy,,experiment,1,15,2026-02-24T10:34:11+00:00,red,68,white,"[""black"", ""black"", ""black"", ""black"", ""black"", ""black"", ""white"", ""white"", ""black"", ""black"", ""black"", ""white"", ""white"", ""white"", ""white""]",15,50,5,4531,,,,,
SONA_0003,68,46,45,3,40,7,2026-02-24T10:29:11+00:00,2026-02-24T11:03:11+00:00,male,freshman,Philosophy,,experiment,1,16,2026-02-24T10:36:59+00:00,red,68,white,"[""black"", ""black"", ""black"", ""black"", ""black"", ""black"", ""white"", ""white"", ""black"", ""black"", ""black"", ""white"", ""white"", ""white"", ""white"", ""white""]",16,40,6,4709,,,,,
SONA_0003,68,46,45,3,40,7,2026-02-24T10:29:11+00:00,2026-02-24T11:03:11+00:00,male,freshman,Philosophy,,experiment,1,17,2026-02-24T10:35:18+00:00,red,68,black,"[""black"", ""black"", ""black"", ""black"", ""black"", ""black"", ""white"", ""white"", ""black"", ""black"", ""black"", ""white"", ""white"", ""white"", ""white"", ""white"", ""black""]",17,45,5,5527,,,,,
SONA_0003,68,46,45,3,40,7,2026-02-24T10:29:11+00:00,2026-02-24T11:03:11+00:00,male,freshman,Philosophy,,experiment,1,18,2026-02-24T10:37:17+00:00,red,68,black,"[""black"", ""black"", ""black"", ""black"", ""black"", ""black"", ""white"", ""white"", ""black"", ""black"", ""black"", ""white"", ""white"", ""white"", ""white"", ""white"", ""black"", ""black""]",18,45,4,5380,,,,,
SONA_0003,68,46,45,3,40,7,2026-02-24T10:29:11+00:00,2026-02-24T11:03:11+00:00,male,freshman,Philosophy,,experiment,1,19,2026-02-24T10:37:53+00:00,red,68,black,"[""black"", ""black"", ""black"", ""black"", ""black"", ""black"", ""white"", ""white"", ""black"", ""black"", ""black"", ""white"", ""white"", ""white"", ""white"", ""white"", ""black"", ""black"", ""black""]",19,55,4,5285,,,,,
SONA_0003,68,46,45,3,40,7,2026-02-24T10:29:11+00:00,2026-02-24T11:03:11+00:00,male,freshman,Philosophy,,experiment,1,20,2026-02-24T10:34:51+00:00,red,68,white,"[""black"", ""black"", ""black"", ""black"", ""black"", ""black"", ""white"", ""white"", ""black"", ""black"", ""black"", ""white"", ""white"", ""white"", ""white"", ""white"", ""black"", ""black"", ""black"", ""white""]",20,40,5,5312,,,,,
SONA_0003,68,46,45,3,40,7,2026-02-24T10:29:11+00:00,2026-02-24T11:03:11+00:00,male,freshman,Philosophy,,experiment,1,21,2026-02-24T10:37:47+00:00,red,68,black,"[""black"", ""black"", ""black"", ""black"", ""black"", ""black"", ""white"", ""white"", ""black"", ""black"", ""black"", ""white"", ""white"", ""white"", ""white"", ""white"", ""black"", ""black"", ""black"", ""white"", ""black""]",21,60,6,5518,,,,,
SONA_0003,68,46,45,3,40,7,2026-02-24T10:29:11+00:00,2026-02-24T11:03:11+00:00,male,freshman,Philosophy,,experiment,1,22,2026-02-24T10:35:29+00:00,red,68,black,"[""black"", ""black"", ""black"", ""black"", ""black"", ""black"", ""white"", ""white"", ""black"", ""black"", ""black"", ""white"", ""white"", ""white"", ""white"", ""white"", ""black"", ""black"", ""black"", ""white"", ""black"", ""black""]",22,60,4,6041,,,,,
SONA_0003,68,46,45,3,40,7,2026-02-24T10:29:11+00:00,2026-02-24T11:03:11+00:00,male,freshman,Philosophy,,experiment,1,23,2026-02-24T10:35:15+00:00,red,68,black,"[""black"", ""black"", ""black"", ""black"", ""black"", ""black"", ""white"", ""white"", ""black"", ""black"", ""black"", ""white"", ""white"", ""white"", ""white"", ""white"", ""black"", ""black"", ""black"", ""white"", ""black"", ""black"", ""black""]",23,50,4,5368,,,,,
SONA_0003,68,46,45,3,40,7,2026-02-24T10:29:11+00:00,2026-02-24T11:03:11+00:00,male,freshman,Philosophy,,experiment,1,24,2026-02-24T10:38:35+00:00,red,68,black,"[""black"", ""black"", ""black"", ""black"", ""black"", ""black"", ""white"", ""white"", ""black"", ""black"", ""black"", ""white"", ""white"", ""white"", ""white"", ""white"", ""black"", ""black"", ""black"", ""white"", ""black"", ""black"", ""black"", ""black""]",24,65,7,4952,,,,,
SONA_0003,68,46,45,3,40,7,2026-02-24T10:29:11+00:00,2026-02-24T11:03:11+00:00,male,freshman,Philosophy,,experiment,1,25,2026-02-24T10:35:56+00:00,red,68,black,"[""black"", ""black"", ""black"", ""black"", ""black"", ""black"", ""white"", ""white"", ""black"", ""black"", ""black"", ""white"", ""white"", ""white"", ""white"", ""white"", ""black"", ""black"", ""black"", ""white"", ""black"", ""black"", ""black"", ""black"", ""black""]",25,60,5,5225,,,,,
SONA_0003,68,46,45,3,40,7,2026-02-24T10:29:11+00:00,2026-02-24T11:03:11+00:00,male,freshman,Philosophy,,experiment,1,26,2026-02-24T10:35:39+00:00,red,68,black,"[""black"", ""black"", ""black"", ""black"", ""black"", ""black"", ""white"", ""white"", ""black"", ""black"", ""black"", ""white"", ""white"", ""white"", ""white"", ""white"", ""black"", ""black"", ""black"", ""white"", ""black"", ""black"", ""black"", ""black"", ""black"", ""black""]",26,40,6,5023,,,,,
SONA_0003,68,46,45,3,40,7,2026-02-24T10:29:11+00:00,2026-02-24T11:03:11+00:00,male,freshman,Philosophy,,experiment,1,27,2026-02-24T10:40:17+00:00,red,68,black,"[""black"", ""black"", ""black"", ""black"", ""black"", ""black"", ""white"", ""white"", ""black"", ""black"", ""black"", ""white"", ""white"", ""white"", ""white"", ""white"", ""black"", ""black"", ""black"", ""white"", ""black"", ""black"", ""black"", ""black"", ""black"", ""black"", ""black""]",27,55,6,5706,,,,,
SONA_0003,68,46,45,3,40,7,2026-02-24T10:29:11+00:00,2026-02-24T11:03:11+00:00,male,freshman,Philosophy,,experiment,1,28,2026-02-24T10:39:39+00:00,red,68,white,"[""black"", ""black"", ""black"", ""black"", ""black"", ""black"", ""white"", ""white"", ""black"", ""black"", ""black"", ""white"", ""white"", ""white"", ""white"", ""white"", ""black"", ""black"", ""black"", ""white"", ""black"", ""black"", ""black"", ""black"", ""black"", ""black"", ""black"", ""white""]",28,50,4,4844,,,,,
SONA_0003,68,46,45,3,40,7,2026-02-24T10:29:11+00:00,2026-02-24T11:03:11+00:00,male,freshman,Philosophy,,experiment,1,29,2026-02-24T10:39:55+00:00,red,68,black,"[""black"", ""black"", ""black"", ""black"", ""black"", ""black"", ""white"", ""white"", ""black"", ""black"", ""black"", ""white"", ""white"", ""white"", ""white"", ""white"", ""black"", ""black"", ""black"", ""white"", ""black"", ""black"", ""black"", ""black"", ""black"", ""black"", ""black"", ""white"", ""black""]",29,65,6,5128,,,,,
SONA_0003,68,46,45,3,40,7,2026-02-24T10:29:11+00:00,2026-02-24T11:03:11+00:00,male,freshman,Philosophy,,experiment,1,30,2026-02-24T10:39:41+00:00,red,68,white,"[""black"", ""black"", ""black"", ""black"", ""black"", ""black"", ""white"", ""white"", ""black"", ""black"", ""black"", ""white"", ""white"", ""white"", ""white"", ""white"", ""black"", ""black"", ""black"", ""white"", ""black"", ""black"", ""black"", ""black"", ""black"", ""black"", ""black"", ""white"", ""black"", ""white""]",30,65,5,5408,,,,,
SONA_0003,68,46,45,3,40,7,2026-02-24T10:29:11+00:00,2026-02-24T11:03:11+00:00,male,freshman,Philosophy,,experiment,1,31,2026-02-24T10:38:54+00:00,red,68,white,"[""black"", ""black"", ""black"", ""black"", ""black"", ""black"", ""white"", ""white"", ""black"", ""black"", ""black"", ""white"", ""white"", ""white"", ""white"", ""white"", ""black"", ""black"", ""black"", ""white"", ""black"", ""black"", ""black"", ""black"", ""black"", ""black"", ""black"", ""white"", ""black"", ""white"", ""white""]",31,65,5,5233,,,,,
SONA_0003,68,46,45,3,40,7,2026-02-24T10:29:11+00:00,2026-02-24T11:03:11+00:00,male,freshman,Philosophy,,experiment,1,32,2026-02-24T10:39:07+00:00,red,68,black,"[""black"", ""black"", ""black"", ""black"", ""black"", ""black"", ""white"", ""white"", ""black"", ""black"", ""black"", ""white"", ""white"", ""white"", ""white"", ""white"", ""black"", ""black"", ""black"", ""white"", ""black"", ""black"", ""black"", ""black"", ""black"", ""black"", ""black"", ""white"", ""black"", ""white"", ""white"", ""black""]",32,55,5,4823,,,,,
SONA_0003,68,46,45,3,40,7,2026-02-24T10:29:11+00:00,2026-02-24T11:03:11+00:00,male,freshman,Philosophy,,experiment,1,33,2026-02-24T10:36:35+00:00,red,68,black,"[""black"", ""black"", ""black"", ""black"", ""black"", ""black"", ""white"", ""white"", ""black"", ""black"", ""black"", ""white"", ""white"", ""white"", ""white"", ""white"", ""black"", ""black"", ""black"", ""white"", ""black"", ""black"", ""black"", ""black"", ""black"", ""black"", ""black"", ""white"", ""black"", ""white"", ""white"", ""black"", ""black""]",33,55,4,4740,,,,,
SONA_0003,68,46,45,3,40,7,2026-02-24T10:29:11+00:00,2026-02-24T11:03:11+00:00,male,freshman,Philosophy,,experiment,2,1,2026-02-24T10:44:20+00:00,green,46,black,"[""black""]",1,45,5,5550,,,,,
SONA_0003,68,46,45,3,40,7,2026-02-24T10:29:11+00:00,2026-02-24T11:03:11+00:00,male,freshman,Philosophy,,experiment,2,2,2026-02-24T10:44:43+00:00,green,46,white,"[""black"", ""white""]",2,30,4,5255,,,,,
SONA_0003,68,46,45,3,40,7,2026-02-24T10:29:11+00:00,2026-02-24T11:03:11+00:00,male,freshman,Philosophy,,experiment,2,3,2026-02-24T10:44:47+00:00,green,46,white,"[""black"", ""white"", ""white""]",3,30,6,5350,,,,,
SONA_0003,68,46,45,3,40,7,2026-02-24T10:29:11+00:00,2026-02-24T11:03:11+00:00,male,freshman,Philosophy,,experiment,2,4,2026-02-24T10:45:15+00:00,green,46,black,"[""black"", ""white"", ""white"", ""black""]",4,40,4,5553,,,,,
SONA_0003,68,46,45,3,40,7,2026-02-24T10:29:11+00:00,2026-02-24T11:03:11+00:00,male,freshman,Philosophy,,experiment,2,5,2026-02-24T10:45:36+00:00,green,46,black,"[""black"", ""white"", ""white"", ""black"", ""black""]",5,45,5,6015,,,,,
SONA_0003,68,46,45,3,40,7,2026-02-24T10:29:11+00:00,2026-02-24T11:03:11+00:00,male,freshman,Philosophy,,experiment,2,6,2026-02-24T10:45:11+00:00,green,46,white,"[""black"", ""white"", ""white"", ""black"", ""black"", ""white""]",6,45,3,4794,,,,,
SONA_0003,68,46,45,3,40,7,2026-02-24T10:29:11+00:00,2026-02-24T11:03:11+00:00,male,freshman,Philosophy,,experiment,2,7,2026-02-24T10:46:17+00:00,green,46,black,"[""black"", ""white"", ""white"", ""black"", ""black"", ""white"", ""black""]",7,50,5,6243,,,,,
SONA_0003,68,46,45,3,40,7,2026-02-24T10:29:11+00:00,2026-02-24T11:03:11+00:00,male,freshman,Philosophy,,experiment,2,8,2026-02-24T10:45:47+00:00,green,46,white,"[""black"", ""white"", ""white"", ""black"", ""black"", ""white"", ""black"", ""white""]",8,50,4,5293,,,,,
SONA_0003,68,46,45,3,40,7,2026-02-24T10:29:11+00:00,2026-02-24T11:03:11+00:00,male,freshman,Philosophy,,experiment,2,9,2026-02-24T10:45:23+00:00,green,46,white,"[""black"", ""white"", ""white"", ""black"", ""black"", ""white"", ""black"", ""white"", ""white""]",9,40,4,5576,,,,,
SONA_0003,68,46,45,3,40,7,2026-02-24T10:29:11+00:00,2026-02-24T11:03:11+00:00,male,freshman,Philosophy,,experiment,2,10,2026-02-24T10:46:41+00:00,green,46,white,"[""black"", ""white"", ""white"", ""black"", ""black"", ""white"", ""black"", ""white"", ""white"", ""white""]",10,50,4,5753,,,,,
SONA_0003,68,46,45,3,40,7,2026-02-24T10:29:11+00:00,2026-02-24T11:03:11+00:00,male,freshman,Philosophy,,experiment,2,11,2026-02-24T10:46:56+00:00,green,46,white,"[""black"", ""white"", ""white"", ""black"", ""black"", ""white"", ""black"", ""white"", ""white"", ""white"", ""white""]",11,45,2,5143,,,,,
SONA_0003,68,46,45,3,40,7,2026-02-24T10:29:11+00:00,2026-02-24T11:03:11+00:00,male,freshman,Philosophy,,experiment,2,12,2026-02-24T10:46:11+00:00,green,46,black,"[""black"", ""white"", ""white"", ""black"", ""black"", ""white"", ""black"", ""white"", ""white"", ""white"", ""white"", ""black""]",12,45,7,5396,,,,,
SONA_0003,68,46,45,3,40,7,2026-02-24T10:29:11+00:00,2026-02-24T11:03:11+00:00,male,freshman,Philosophy,,experiment,2,13,2026-02-24T10:47:52+00:00,green,46,black,"[""black"", ""white"", ""white"", ""black"", ""black"", ""white"", ""black"", ""white"", ""white"", ""white"", ""white"", ""black"", ""black""]",13,45,4,5606,,,,,
SONA_0003,68,46,45,3,40,7,2026-02-24T10:29:11+00:00,2026-02-24T11:03:11+00:00,male,freshman,Philosophy,,experiment,2,14,2026-02-24T10:47:55+00:00,green,46,white,"[""black"", ""white"", ""white"", ""black"", ""black"", ""white"", ""black"", ""white"", ""white"", ""white"", ""white"", ""black"", ""black"", ""white""]",14,25,6,5039,,,,,
SONA_0003,68,46,45,3,40,7,2026-02-24T10:29:11+00:00,2026-02-24T11:03:11+00:00,male,freshman,Philosophy,,experiment,2,15,2026-02-24T10:48:41+00:00,green,46,black,"[""black"", ""white"", ""white"", ""black"", ""black"", ""white"", ""black"", ""white"", ""white"", ""white"", ""white"", ""black"", ""black"", ""white"", ""black""]",15,40,4,4198,,,,,
SONA_0003,68,46,45,3,40,7,2026-02-24T10:29:11+00:00,2026-02-24T11:03:11+00:00,male,freshman,Philosophy,,experiment,2,16,2026-02-24T10:47:55+00:00,green,46,white,"[""black"", ""white"", ""white"", ""black"", ""black"", ""white"", ""black"", ""white"", ""white"", ""white"", ""white"", ""black"", ""black"", ""white"", ""black"", ""white""]",16,50,6,4912,,,,,
SONA_0003,68,46,45,3,40,7,2026-02-24T10:29:11+00:00,2026-02-24T11:03:11+00:00,male,freshman,Philosophy,,experiment,2,17,2026-02-24T10:48:26+00:00,green,46,black,"[""black"", ""white"", ""white"", ""black"", ""black"", ""white"", ""black"", ""white"", ""white"", ""white"", ""white"", ""black"", ""black"", ""white"", ""black"", ""white"", ""black""]",17,30,5,5269,,,,,
SONA_0003,68,46,45,3,40,7,2026-02-24T10:29:11+00:00,2026-02-24T11:03:11+00:00,male,freshman,Philosophy,,experiment,2,18,2026-02-24T10:46:53+00:00,green,46,white,"[""black"", ""white"", ""white"", ""black"", ""black"", ""white"", ""black"", ""white"", ""white"", ""white"", ""white"", ""black"", ""black"", ""white"", ""black"", ""white"", ""black"", ""white""]",18,55,3,5191,,,,,
SONA_0003,68,46,45,3,40,7,2026-02-24T10:29:11+00:00,2026-02-24T11:03:11+00:00,male,freshman,Philosophy,,experiment,2,19,2026-02-24T10:48:37+00:00,green,46,black,"[""black"", ""white"", ""white"", ""black"", ""black"", ""white"", ""black"", ""white"", ""white"", ""white"", ""white"", ""black"", ""black"", ""white"", ""black"", ""white"", ""black"", ""white"", ""black""]",19,55,5,5177,,,,,
SONA_0003,68,46,45,3,40,7,2026-02-24T10:29:11+00:00,2026-02-24T11:03:11+00:00,male,freshman,Philosophy,,experiment,2,20,2026-02-24T10:47:11+00:00,green,46,white,"[""black"", ""white"", ""white"", ""black"", ""black"", ""white"", ""black"", ""white"", ""white"", ""white"", ""white"", ""black"", ""black"", ""white"", ""black"", ""white"", ""black"", ""white"", ""black"", ""white""]",20,40,5,4887,,,,,
SONA_0003,68,46,45,3,40,7,2026-02-24T10:29:11+00:00,2026-02-24T11:03:11+00:00,male,freshman,Philosophy,,experiment,2,21,2026-02-24T10:48:02+00:00,green,46,white,"[""black"", ""white"", ""white"", ""black"", ""black"", ""white"", ""black"", ""white"", ""white"", ""white"", ""white"", ""black"", ""black"", ""white"", ""black"", ""white"", ""black"", ""white"", ""black"", ""white"", ""white""]",21,50,6,5663,,,,,
SONA_0003,68,46,45,3,40,7,2026-02-24T10:29:11+00:00,2026-02-24T11:03:11+00:00,male,freshman,Philosophy,,experiment,2,22,2026-02-24T10:47:29+00:00,green,46,white,"[""black"", ""white"", ""white"", ""black"", ""black"", ""white"", ""black"", ""white"", ""white"", ""white"", ""white"", ""black"", ""black"", ""white"", ""black"", ""white"", ""black"", ""white"", ""black"", ""white"", ""white"", ""white""]",22,45,6,5252,,,,,
SONA_0003,68,46,45,3,40,7,2026-02-24T10:29:11+00:00,2026-02-24T11:03:11+00:00,male,freshman,Philosophy,,experiment,2,23,2026-02-24T10:50:19+00:00,green,46,white,"[""black"", ""white"", ""white"", ""black"", ""black"", ""white"", ""black"", ""white"", ""white"", ""white"", ""white"", ""black"", ""black"", ""white"", ""black"", ""white"", ""black"", ""white"", ""black"", ""white"", ""white"", ""white"", ""white""]",23,35,6,5348,,,,,
SONA_0003,68,46,45,3,40,7,2026-02-24T10:29:11+00:00,2026-02-24T11:03:11+00:00,male,freshman,Philosophy,,experiment,2,24,2026-02-24T10:50:59+00:00,green,46,black,"[""black"", ""white"", ""white"", ""black"", ""black"", ""white"", ""black"", ""white"", ""white"", ""white"", ""white"", ""black"", ""black"", ""white"", ""black"", ""white"", ""black"", ""white"", ""black"", ""white"", ""white"", ""white"", ""white"", ""black""]",24,35,6,4888,,,,,
SONA_0003,68,46,45,3,40,7,2026-02-24T10:29:11+00:00,2026-02-24T11:03:11+00:00,male,freshman,Philosophy,,experiment,2,25,2026-02-24T10:49:36+00:00,green,46,black,"[""black"", ""white"", ""white"", ""black"", ""black"", ""white"", ""black"", ""white"", ""white"", ""white"", ""white"", ""black"", ""black"", ""white"", ""black"", ""white"", ""black"", ""white"", ""black"", ""white"", ""white"", ""white"", ""white"", ""black"", ""black""]",25,50,6,5836,,,,,
SONA_0003,68,46,45,3,40,7,2026-02-24T10:29:11+00:00,2026-02-24T11:03:11+00:00,male,freshman,Philosophy,,experiment,2,26,2026-02-24T10:49:49+00:00,green,46,white,"[""black"", ""white"", ""white"", ""black"", ""black"", ""white"", ""black"", ""white"", ""white"", ""white"", ""white"", ""black"", ""black"", ""white"", ""black"", ""white"", ""black"", ""white"", ""black"", ""white"", ""white"", ""white"", ""white"", ""black"", ""black"", ""white""]",26,30,6,4983,,,,,
SONA_0003,68,46,45,3,40,7,2026-02-24T10:29:11+00:00,2026-02-24T11:03:11+00:00,male,freshman,Philosophy,,experiment,2,27,2026-02-24T10:50:29+00:00,green,46,black,"[""black"", ""white"", ""white"", ""black"", ""black"", ""white"", ""black"", ""white"", ""white"", ""white"", ""white"", ""black"", ""black"", ""white"", ""black"", ""white"", ""black"", ""white"", ""black"", ""white"", ""white"", ""white"", ""white"", ""black"", ""black"", ""white"", ""black""]",27,50,5,4970,,,,,
SONA_0003,68,46,45,3,40,7,2026-02-24T10:29:11+00:00,2026-02-24T11:03:11+00:00,male,freshman,Philosophy,,experiment,2,28,2026-02-24T10:49:47+00:00,green,46,white,"[""black"", ""white"", ""white"", ""black"", ""black"", ""white"", ""black"", ""white"", ""white"", ""white"", ""white"", ""black"", ""black"", ""white"", ""black"", ""white"", ""black"", ""white"", ""black"", ""white"", ""white"", ""white"", ""white"", ""black"", ""black"", ""white"", ""black"", ""white""]",28,40,4,4898,,,,,
SONA_0003,68,46,45,3,40,7,2026-02-24T10:29:11+00:00,2026-02-24T11:03:11+00:00,male,freshman,Philosophy,,experiment,2,29,2026-02-24T10:52:53+00:00,green,46,white,"[""black"", ""white"", ""white"", ""black"", ""black"", ""white"", ""black"", ""white"", ""white"", ""white"", ""white"", ""black"", ""black"", ""white"", ""black"", ""white"", ""black"", ""white"", ""black"", ""white"", ""white"", ""white"", ""white"", ""black"", ""black"", ""white"", ""black"", ""white"", ""white""]",29,30,5,5413,,,,,
SONA_0003,68,46,45,3,40,7,2026-02-24T10:29:11+00:00,2026-02-24T11:03:11+00:00,male,freshman,Philosophy,,experiment,2,30,2026-02-24T10:49:41+00:00,green,46,white,"[""black"", ""white"", ""white"", ""black"", ""black"", ""white"", ""black"", ""white"", ""white"", ""white"", ""white"", ""black"", ""black"", ""white"", ""black"", ""white"", ""black"", ""white"", ""black"", ""white"", ""white"", ""white"", ""white"", ""black"", ""black"", ""white"", ""black"", ""white"", ""white"", ""white""]",30,35,4,5141,,,,,
SONA_0003,68,46,45,3,40,7,2026-02-24T10:29:11+00:00,2026-02-24T11:03:11+00:00,male,freshman,Philosophy,,experiment,2,31,2026-02-24T10:48:19+00:00,green,46,black,"[""black"", ""white"", ""white"", ""black"", ""black"", ""white"", ""black"", ""white"", ""white"", ""white"", ""white"", ""black"", ""black"", ""white"", ""black"", ""white"", ""black"", ""white"", ""black"", ""white"", ""white"", ""white"", ""white"", ""black"", ""black"", ""white"", ""black"", ""white"", ""white"", ""white"", ""black""]",31,35,4,4748,,,,,
SONA_0003,68,46,45,3,40,7,2026-02-24T10:29:11+00:00,2026-02-24T11:03:11+00:00,male,freshman,Philosophy,,experiment,2,32,2026-02-24T10:48:27+00:00,green,46,black,"[""black"", ""white"", ""white"", ""black"", ""black"", ""white"", ""black"", ""white"", ""white"", ""white"", ""white"", ""black"", ""black"", ""white"", ""black"", ""white"", ""black"", ""white"", ""black"", ""white"", ""white"", ""white"", ""white"", ""black"", ""black"", ""white"", ""black"", ""white"", ""white"", ""white"", ""black"", ""black""]",32,35,5,5342,,,,,
SONA_0003,68,46,45,3,40,7,2026-02-24T10:29:11+00:00,2026-02-24T11:03:11+00:00,male,freshman,Philosophy,,experiment,2,33,2026-02-24T10:49:41+00:00,green,46,white,"[""black"", ""white"", ""white"", ""black"", ""black"", ""white"", ""black"", ""white"", ""white"", ""white"", ""white"", ""black"", ""black"", ""white"", ""black"", ""white"", ""black"", ""white"", ""black"", ""white"", ""white"", ""white"", ""white"", ""black"", ""black"", ""white"", ""black"", ""white"", ""white"", ""white"", ""black"", ""black"", ""white""]",33,45,5,4858,,,,,
SONA_0003,68,46,45,3,40,7,2026-02-24T10:29:11+00:00,2026-02-24T11:03:11+00:00,male,freshman,Philosophy,,experiment,3,1,2026-02-24T10:54:26+00:00,red,68,black,"[""black""]",1,60,5,5735,,,,,
SONA_0003,68,46,45,3,40,7,2026-02-24T10:29:11+00:00,2026-02-24T11:03:11+00:00,male,freshman,Philosophy,,experiment,3,2,2026-02-24T10:54:45+00:00,red,68,white,"[""black"", ""white""]",2,50,4,5409,,,,,
SONA_0003,68,46,45,3,40,7,2026-02-24T10:29:11+00:00,2026-02-24T11:03:11+00:00,male,freshman,Philosophy,,experiment,3,3,2026-02-24T10:54:41+00:00,red,68,black,"[""black"", ""white"", ""black""]",3,55,3,5440,,,,,
SONA_0003,68,46,45,3,40,7,2026-02-24T10:29:11+00:00,2026-02-24T11:03:11+00:00,male,freshman,Philosophy,,experiment,3,4,2026-02-24T10:55:03+00:00,red,68,black,"[""black"", ""white"", ""black"", ""black""]",4,55,3,4913,,,,,
SONA_0003,68,46,45,3,40,7,2026-02-24T10:29:11+00:00,2026-02-24T11:03:11+00:00,male,freshman,Philosophy,,experiment,3,5,2026-02-24T10:54:56+00:00,red,68,black,"[""black"", ""white"", ""black"", ""black"", ""black""]",5,70,6,5098,,,,,
SONA_0003,68,46,45,3,40,7,2026-02-24T10:29:11+00:00,2026-02-24T11:03:11+00:00,male,freshman,Philosophy,,experiment,3,6,2026-02-24T10:55:35+00:00,red,68,black,"[""black"", ""white"", ""black"", ""black"", ""black"", ""black""]",6,70,4,4538,,,,,
SONA_0003,68,46,45,3,40,7,2026-02-24T10:29:11+00:00,2026-02-24T11:03:11+00:00,male,freshman,Philosophy,,experiment,3,7,2026-02-24T10:56:17+00:00,red,68,black,"[""black"", ""white"", ""black"", ""black"", ""black"", ""black"", ""black""]",7,60,6,6532,,,,,
SONA_0003,68,46,45,3,40,7,2026-02-24T10:29:11+00:00,2026-02-24T11:03:11+00:00,male,freshman,Philosophy,,experiment,3,8,2026-02-24T10:55:23+00:00,red,68,black,"[""black"", ""white"", ""black"", ""black"", ""black"", ""black"", ""black"", ""black""]",8,60,4,5185,,,,,
SONA_0003,68,46,45,3,40,7,2026-02-24T10:29:11+00:00,2026-02-24T11:03:11+00:00,male,freshman,Philosophy,,experiment,3,9,2026-02-24T10:56:35+00:00,red,68,black,"[""black"", ""white"", ""black"", ""black"", ""black"", ""black"", ""black"", ""black"", ""black""]",9,60,6,5931,,,,,
SONA_0003,68,46,45,3,40,7,2026-02-24T10:29:11+00:00,2026-02-24T11:03:11+00:00,male,freshman,Philosophy,,experiment,3,10,2026-02-24T10:55:41+00:00,red,68,white,"[""black"", ""white"", ""black"", ""black"", ""black"", ""black"", ""black"", ""black"", ""black"", ""white""]",10,55,3,5415,,,,,
SONA_0003,68,46,45,3,40,7,2026-02-24T10:29:11+00:00,2026-02-24T11:03:11+00:00,male,freshman,Philosophy,,experiment,3,11,2026-02-24T10:56:45+00:00,red,68,black,"[""black"", ""white"", ""black"", ""black"", ""black"", ""black"", ""black"", ""black"", ""black"", ""white"", ""black""]",11,70,6,5716,,,,,
SONA_0003,68,46,45,3,40,7,2026-02-24T10:29:11+00:00,2026-02-24T11:03:11+00:00,male,freshman,Philosophy,,experiment,3,12,2026-02-24T10:57:47+00:00,red,68,white,"[""black"", ""white"", ""black"", ""black"", ""black"", ""black"", ""black"", ""black"", ""black"", ""white"", ""black"", ""white""]",12,55,6,6319,,,,,
SONA_0003,68,46,45,3,40,7,2026-02-24T10:29:11+00:00,2026-02-24T11:03:11+00:00,male,freshman,Philosophy,,experiment,3,13,2026-02-24T10:56:21+00:00,red,68,white,"[""black"", ""white"", ""black"", ""black"", ""black"", ""black"", ""black"", ""black"", ""black"", ""white"", ""black"", ""white"", ""white""]",13,65,6,6184,,,,,
SONA_0003,68,46,45,3,40,7,2026-02-24T10:29:11+00:00,2026-02-24T11:03:11+00:00,male,freshman,Philosophy,,experiment,3,14,2026-02-24T10:57:27+00:00,red,68,black,"[""black"", ""white"", ""black"", ""black"", ""black"", ""black"", ""black"", ""black"", ""black"", ""white"", ""black"", ""white"", ""white"", ""black""]",14,55,5,5626,,,,,
SONA_0003,68,46,45,3,40,7,2026-02-24T10:29:11+00:00,2026-02-24T11:03:11+00:00,male,freshman,Philosophy,,experiment,3,15,2026-02-24T10:56:41+00:00,red,68,black,"[""black"", ""white"", ""black"", ""black"", ""black"", ""black"", ""black"", ""black"", ""black"", ""white"", ""black"", ""white"", ""white"", ""black"", ""black""]",15,55,6,5491,,,,,
SONA_0003,68,46,45,3,40,7,2026-02-24T10:29:11+00:00,2026-02-24T11:03:11+00:00,male,freshman,Philosophy,,experiment,3,16,2026-02-24T10:58:11+00:00,red,68,black,"[""black"", ""white"", ""black"", ""black"", ""black"", ""black"", ""black"", ""black"", ""black"", ""white"", ""black"", ""white"", ""white"", ""black"", ""black"", ""black""]",16,70,5,5134,,,,,
SONA_0003,68,46,45,3,40,7,2026-02-24T10:29:11+00:00,2026-02-24T11:03:11+00:00,male,freshman,Philosophy,,experiment,3,17,2026-02-24T10:57:18+00:00,red,68,black,"[""black"", ""white"", ""black"", ""black"", ""black"", ""black"", ""black"", ""black"", ""black"", ""white"", ""black"", ""white"", ""white"", ""black"", ""black"", ""black"", ""black""]",17,55,4,4496,,,,,
SONA_0003,68,46,45,3,40,7,2026-02-24T10:29:11+00:00,2026-02-24T11:03:11+00:00,male,freshman,Philosophy,,experiment,3,18,2026-02-24T10:58:41+00:00,red,68,black,"[""black"", ""white"", ""black"", ""black"", ""black"", ""black"", ""black"", ""black"", ""black"", ""white"", ""black"", ""white"", ""white"", ""black"", ""black"", ""black"", ""black"", ""black""]",18,55,5,5360,,,,,
SONA_0003,68,46,45,3,40,7,2026-02-24T10:29:11+00:00,2026-02-24T11:03:11+00:00,male,freshman,Philosophy,,experiment,3,19,2026-02-24T10:59:53+00:00,red,68,black,"[""black"", ""white"", ""black"", ""black"", ""black"", ""black"", ""black"", ""black"", ""black"", ""white"", ""black"", ""white"", ""white"", ""black"", ""black"", ""black"", ""black"", ""black"", ""black""]",19,70,6,4852,,,,,
SONA_0003,68,46,45,3,40,7,2026-02-24T10:29:11+00:00,2026-02-24T11:03:11+00:00,male,freshman,Philosophy,,experiment,3,20,2026-02-24T10:59:51+00:00,red,68,black,"[""black"", ""white"", ""black"", ""black"", ""black"", ""black"", ""black"", ""black"", ""black"", ""white"", ""black"", ""white"", ""white"", ""black"", ""black"", ""black"", ""black"", ""black"", ""black"", ""black""]",20,65,5,4932,,,,,
SONA_0003,68,46,45,3,40,7,2026-02-24T10:29:11+00:00,2026-02-24T11:03:11+00:00,male,freshman,Philosophy,,experiment,3,21,2026-02-24T10:58:23+00:00,red,68,black,"[""black"", ""white"", ""black"", ""black"", ""black"", ""black"", ""black"", ""black"", ""black"", ""white"", ""black"", ""white"", ""white"", ""black"", ""black"", ""black"", ""black"", ""black"", ""black"", ""black"", ""black""]",21,65,5,5120,,,,,
SONA_0003,68,46,45,3,40,7,2026-02-24T10:29:11+00:00,2026-02-24T11:03:11+00:00,male,freshman,Philosophy,,experiment,3,22,2026-02-24T10:58:57+00:00,red,68,black,"[""black"", ""white"", ""black"", ""black"", ""black"", ""black"", ""black"", ""black"", ""black"", ""white"", ""black"", ""white"", ""white"", ""black"", ""black"", ""black"", ""black"", ""black"", ""black"", ""black"", ""black"", ""black""]",22,55,4,5004,,,,,
SONA_0003,68,46,45,3,40,7,2026-02-24T10:29:11+00:00,2026-02-24T11:03:11+00:00,male,freshman,Philosophy,,experiment,3,23,2026-02-24T10:58:01+00:00,red,68,black,"[""black"", ""white"", ""black"", ""black"", ""black"", ""black"", ""black"", ""black"", ""black"", ""white"", ""black"", ""white"", ""white"", ""black"", ""black"", ""black"", ""black"", ""black"", ""black"", ""black"", ""black"", ""black"", ""black""]",23,75,8,4033,,,,,
SONA_0003,68,46,45,3,40,7,2026-02-24T10:29:11+00:00,2026-02-24T11:03:11+00:00,male,freshman,Philosophy,,experiment,3,24,2026-02-24T11:00:35+00:00,red,68,white,"[""black"", ""white"", ""black"", ""black"", ""black"", ""black"", ""black"", ""black"", ""black"", ""white"", ""black"", ""white"", ""white"", ""black"", ""black"", ""black"", ""black"", ""black"", ""black"", ""black"", ""black"", ""black"", ""black"", ""white""]",24,55,6,4777,,,,,
SONA_0003,68,46,45,3,40,7,2026-02-24T10:29:11+00:00,2026-02-24T11:03:11+00:00,male,freshman,Philosophy,,experiment,3,25,2026-02-24T10:58:21+00:00,red,68,white,"[""black"", ""white"", ""black"", ""black"", ""black"", ""black"", ""black"", ""black"", ""black"", ""white"", ""black"", ""white"", ""white"", ""black"", ""black"", ""black"", ""black"", ""black"", ""black"", ""black"", ""black"", ""black"", ""black"", ""white"", ""white""]",25,70,5,5034,,,,,
SONA_0003,68,46,45,3,40,7,2026-02-24T10:29:11+00:00,2026-02-24T11:03:11+00:00,male,freshman,Philosophy,,experiment,3,26,2026-02-24T11:01:33+00:00,red,68,white,"[""black"", ""white"", ""black"", ""black"", ""black"", ""black"", ""black"", ""black"", ""black"", ""white"", ""black"", ""white"", ""white"", ""black"", ""black"", ""black"", ""black"", ""black"", ""black"", ""black"", ""black"", ""black"", ""black"", ""white"", ""white"", ""white""]",26,65,6,5436,,,,,
SONA_0003,68,46,45,3,40,7,2026-02-24T10:29:11+00:00,2026-02-24T11:03:11+00:00,male,freshman,Philosophy,,experiment,3,27,2026-02-24T11:01:50+00:00,red,68,black,"[""black"", ""white"", ""black"", ""black"", ""black"", ""black"", ""black"", ""black"", ""black"", ""white"", ""black"", ""white"", ""white"", ""black"", ""black"", ""black"", ""black"", ""black"", ""black"", ""black"", ""black"", ""black"", ""black"", ""white"", ""white"", ""white"", ""black""]",27,65,6,5628,,,,,
SONA_0003,68,46,45,3,40,7,2026-02-24T10:29:11+00:00,2026-02-24T11:03:11+00:00,male,freshman,Philosophy,,experiment,3,28,2026-02-24T11:00:43+00:00,red,68,black,"[""black"", ""white"", ""black"", ""black"", ""black"", ""black"", ""black"", ""black"", ""black"", ""white"", ""black"", ""white"", ""white"", ""black"", ""black"", ""black"", ""black"", ""black"", ""black"", ""black"", ""black"", ""black"", ""black"", ""white"", ""white"", ""white"", ""black"", ""black""]",28,65,6,4360,,,,,
SONA_0003,68,46,45,3,40,7,2026-02-24T10:29:11+00:00,2026-02-24T11:03:11+00:00,male,freshman,Philosophy,,experiment,3,29,2026-02-24T11:02:24+00:00,red,68,black,"[""black"", ""white"", ""black"", ""black"", ""black"", ""black"", ""black"", ""black"", ""black"", ""white"", ""black"", ""white"", ""white"", ""black"", ""black"", ""black"", ""black"", ""black"", ""black"", ""black"", ""black"", ""black"", ""black"", ""white"", ""white"", ""white"", ""black"", ""black"", ""black""]",29,70,6,4853,,,,,
SONA_0003,68,46,45,3,40,7,2026-02-24T10:29:11+00:00,2026-02-24T11:03:11+00:00,male,freshman,Philosophy,,experiment,3,30,2026-02-24T10:59:11+00:00,red,68,black,"[""black"", ""white"", ""black"", ""black"", ""black"", ""black"", ""black"", ""black"", ""black"", ""white"", ""black"", ""white"", ""white"", ""black"", ""black"", ""black"", ""black"", ""black"", ""black"", ""black"", ""black"", ""black"", ""black"", ""white"", ""white"", ""white"", ""black"", ""black"", ""black"", ""black""]",30,70,7,4879,,,,,
SONA_0003,68,46,45,3,40,7,2026-02-24T10:29:11+00:00,2026-02-24T11:03:11+00:00,male,freshman,Philosophy,,experiment,3,31,2026-02-24T11:00:23+00:00,red,68,black,"[""black"", ""white"", ""black"", ""black"", ""black"", ""black"", ""black"", ""black"", ""black"", ""white"", ""black"", ""white"", ""white"", ""black"", ""black"", ""black"", ""black"", ""black"", ""black"", ""black"", ""black"", ""black"", ""black"", ""white"", ""white"", ""white"", ""black"", ""black"", ""black"", ""black"", ""black""]",31,80,5,3825,,,,,
SONA_0003,68,46,45,3,40,7,2026-02-24T10:29:11+00:00,2026-02-24T11:03:11+00:00,male,freshman,Philosophy,,experiment,3,32,2026-02-24T10:58:27+00:00,red,68,white,"[""black"", ""white"", ""black"", ""black"", ""black"", ""black"", ""black"", ""black"", ""black"", ""white"", ""black"", ""white"", ""white"", ""black"", ""black"", ""black"", ""black"", ""black"", ""black"", ""black"", ""black"", ""black"", ""black"", ""white"", ""white"", ""white"", ""black"", ""black"", ""black"", ""black"", ""black"", ""white""]",32,65,8,4994,,,,,
SONA_0003,68,46,45,3,40,7,2026-02-24T10:29:11+00:00,2026-02-24T11:03:11+00:00,male,freshman,Philosophy,,experiment,3,33,2026-02-24T10:58:35+00:00,red,68,white,"[""black"", ""white"", ""black"", ""black"", ""black"", ""black"", ""black"", ""black"", ""black"", ""white"", ""black"", ""white"", ""white"", ""black"", ""black"", ""black"", ""black"", ""black"", ""black"", ""black"", ""black"", ""black"", ""black"", ""white"", ""white"", ""white"", ""black"", ""black"", ""black"", ""black"", ""black"", ""white"", ""white""]",33,60,4,4601,,,,,
SONA_0004,68,36,45,1,45,3,2026-02-24T15:20:27+00:00,2026-02-24T15:51:27+00:00,non-binary,junior,History,,experiment,1,1,2026-02-24T15:23:35+00:00,red,68,black,"[""black""]",1,50,8,4090,,,,,
SONA_0004,68,36,45,1,45,3,2026-02-24T15:20:27+00:00,2026-02-24T15:51:27+00:00,non-binary,junior,History,,experiment,1,2,2026-02-24T15:23:59+00:00,red,68,white,"[""black"", ""white""]",2,45,7,3636,,,,,
SONA_0004,68,36,45,1,45,3,2026-02-24T15:20:27+00:00,2026-02-24T15:51:27+00:00,non-binary,junior,History,,experiment,1,3,2026-02-24T15:24:06+00:00,red,68,black,"[""black"", ""white"", ""black""]",3,55,6,4444,,,,,
SONA_0004,68,36,45,1,45,3,2026-02-24T15:20:27+00:00,2026-02-24T15:51:27+00:00,non-binary,junior,History,,experiment,1,4,2026-02-24T15:24:23+00:00,red,68,white,"[""black"", ""white"", ""black"", ""white""]",4,50,8,4064,,,,,
SONA_0004,68,36,45,1,45,3,2026-02-24T15:20:27+00:00,2026-02-24T15:51:27+00:00,non-binary,junior,History,,experiment,1,5,2026-02-24T15:24:47+00:00,red,68,white,"[""black"", ""white"", ""black"", ""white"", ""white""]",5,45,6,4157,,,,,
SONA_0004,68,36,45,1,45,3,2026-02-24T15:20:27+00:00,2026-02-24T15:51:27+00:00,non-binary,junior,History,,experiment,1,6,2026-02-24T15:24:39+00:00,red,68,black,"[""black"", ""white"", ""black"", ""white"", ""white"", ""black""]",6,45,6,2719,,,,,
SONA_0004,68,36,45,1,45,3,2026-02-24T15:20:27+00:00,2026-02-24T15:51:27+00:00,non-binary,junior,History,,experiment,1,7,2026-02-24T15:24:30+00:00,red,68,black,"[""black"", ""white"", ""black"", ""white"", ""white"", ""black"", ""black""]",7,50,7,3580,,,,,
SONA_0004,68,36,45,1,45,3,2026-02-24T15:20:27+00:00,2026-02-24T15:51:27+00:00,non-binary,junior,History,,experiment,1,8,2026-02-24T15:24:55+00:00,red,68,white,"[""black"", ""white"", ""black"", ""white"", ""white"", ""black"", ""black"", ""white""]",8,40,6,3718,,,,,
SONA_0004,68,36,45,1,45,3,2026-02-24T15:20:27+00:00,2026-02-24T15:51:27+00:00,non-binary,junior,History,,experiment,1,9,2026-02-24T15:25:24+00:00,red,68,white,"[""black"", ""white"", ""black"", ""white"", ""white"", ""black"", ""black"", ""white"", ""white""]",9,40,7,3675,,,,,
SONA_0004,68,36,45,1,45,3,2026-02-24T15:20:27+00:00,2026-02-24T15:51:27+00:00,non-binary,junior,History,,experiment,1,10,2026-02-24T15:25:57+00:00,red,68,black,"[""black"", ""white"", ""black"", ""white"", ""white"", ""black"", ""black"", ""white"", ""white"", ""black""]",10,45,7,2918,,,,,
SONA_0004,68,36,45,1,45,3,2026-02-24T15:20:27+00:00,2026-02-24T15:51:27+00:00,non-binary,junior,History,,experiment,1,11,2026-02-24T15:25:39+00:00,red,68,black,"[""black"", ""white"", ""black"", ""white"", ""white"", ""black"", ""black"", ""white"", ""white"", ""black"", ""black""]",11,45,6,3886,,,,,
SONA_0004,68,36,45,1,45,3,2026-02-24T15:20:27+00:00,2026-02-24T15:51:27+00:00,non-binary,junior,History,,experiment,1,12,2026-02-24T15:25:15+00:00,red,68,black,"[""black"", ""white"", ""black"", ""white"", ""white"", ""black"", ""black"", ""white"", ""white"", ""black"", ""black"", ""black""]",12,50,7,3644,,,,,
SONA_0004,68,36,45,1,45,3,2026-02-24T15:20:27+00:00,2026-02-24T15:51:27+00:00,non-binary,junior,History,,experiment,1,13,2026-02-24T15:25:11+00:00,red,68,black,"[""black"", ""white"", ""black"", ""white"", ""white"", ""black"", ""black"", ""white"", ""white"", ""black"", ""black"", ""black"", ""black""]",13,55,6,3516,,,,,
SONA_0004,68,36,45,1,45,3,2026-02-24T15:20:27+00:00,2026-02-24T15:51:27+00:00,non-binary,junior,History,,experiment,1,14,2026-02-24T15:27:11+00:00,red,68,black,"[""black"", ""white"", ""black"", ""white"", ""white"", ""black"", ""black"", ""white"", ""white"", ""black"", ""black"", ""black"", ""black"", ""black""]",14,50,6,3196,,,,,
SONA_0004,68,36,45,1,45,3,2026-02-24T15:20:27+00:00,2026-02-24T15:51:27+00:00,non-binary,junior,History,,experiment,1,15,2026-02-24T15:27:12+00:00,red,68,black,"[""black"", ""white"", ""black"", ""white"", ""white"", ""black"", ""black"", ""white"", ""white"", ""black"", ""black"", ""black"", ""black"", ""black"", ""black""]",15,70,7,3074,,,,,
SONA_0004,68,36,45,1,45,3,2026-02-24T15:20:27+00:00,2026-02-24T15:51:27+00:00,non-binary,junior,History,,experiment,1,16,2026-02-24T15:26:23+00:00,red,68,black,"[""black"", ""white"", ""black"", ""white"", ""white"", ""black"", ""black"", ""white"", ""white"", ""black"", ""black"", ""black"", ""black"", ""black"", ""black"", ""black""]",16,65,8,2868,,,,,
SONA_0004,68,36,45,1,45,3,2026-02-24T15:20:27+00:00,2026-02-24T15:51:27+00:00,non-binary,junior,History,,experiment,1,17,2026-02-24T15:25:43+00:00,red,68,black,"[""black"", ""white"", ""black"", ""white"", ""white"", ""black"", ""black"", ""white"", ""white"", ""black"", ""black"", ""black"", ""black"", ""black"", ""black"", ""black"", ""black""]",17,70,7,3928,,,,,
SONA_0004,68,36,45,1,45,3,2026-02-24T15:20:27+00:00,2026-02-24T15:51:27+00:00,non-binary,junior,History,,experiment,1,18,2026-02-24T15:26:27+00:00,red,68,black,"[""black"", ""white"", ""black"", ""white"", ""white"", ""black"", ""black"", ""white"", ""white"", ""black"", ""black"", ""black"", ""black"", ""black"", ""black"", ""black"", ""black"", ""black""]",18,65,7,3191,,,,,
SONA_0004,68,36,45,1,45,3,2026-02-24T15:20:27+00:00,2026-02-24T15:51:27+00:00,non-binary,junior,History,,experiment,1,19,2026-02-24T15:28:31+00:00,red,68,black,"[""black"", ""white"", ""black"", ""white"", ""white"", ""black"", ""black"", ""white"", ""white"", ""black"", ""black"", ""black"", ""black"", ""black"", ""black"", ""black"", ""black"", ""black"", ""black""]",19,65,6,4451,,,,,
SONA_0004,68,36,45,1,45,3,2026-02-24T15:20:27+00:00,2026-02-24T15:51:27+00:00,non-binary,junior,History,,experiment,1,20,2026-02-24T15:26:07+00:00,red,68,white,"[""black"", ""white"", ""black"", ""white"", ""white"", ""black"", ""black"", ""white"", ""white"", ""black"", ""black"", ""black"", ""black"", ""black"", ""black"", ""black"", ""black"", ""black"", ""black"", ""white""]",20,65,8,2685,,,,,
SONA_0004,68,36,45,1,45,3,2026-02-24T15:20:27+00:00,2026-02-24T15:51:27+00:00,non-binary,junior,History,,experiment,1,21,2026-02-24T15:28:42+00:00,red,68,white,"[""black"", ""white"", ""black"", ""white"", ""white"", ""black"", ""black"", ""white"", ""white"", ""black"", ""black"", ""black"", ""black"", ""black"", ""black"", ""black"", ""black"", ""black"", ""black"", ""white"", ""white""]",21,65,8,3100,,,,,
SONA_0004,68,36,45,1,45,3,2026-02-24T15:20:27+00:00,2026-02-24T15:51:27+00:00,non-binary,junior,History,,experiment,1,22,2026-02-24T15:30:03+00:00,red,68,black,"[""black"", ""white"", ""black"", ""white"", ""white"", ""black"", ""black"", ""white"", ""white"", ""black"", ""black"", ""black"", ""black"", ""black"", ""black"", ""black"", ""black"", ""black"", ""black"", ""white"", ""white"", ""black""]",22,60,9,3516,,,,,
SONA_0004,68,36,45,1,45,3,2026-02-24T15:20:27+00:00,2026-02-24T15:51:27+00:00,non-binary,junior,History,,experiment,1,23,2026-02-24T15:27:17+00:00,red,68,black,"[""black"", ""white"", ""black"", ""white"", ""white"", ""black"", ""black"", ""white"", ""white"", ""black"", ""black"", ""black"", ""black"", ""black"", ""black"", ""black"", ""black"", ""black"", ""black"", ""white"", ""white"", ""black"", ""black""]",23,65,7,2764,,,,,
SONA_0004,68,36,45,1,45,3,2026-02-24T15:20:27+00:00,2026-02-24T15:51:27+00:00,non-binary,junior,History,,experiment,1,24,2026-02-24T15:27:03+00:00,red,68,black,"[""black"", ""white"", ""black"", ""white"", ""white"", ""black"", ""black"", ""white"", ""white"", ""black"", ""black"", ""black"", ""black"", ""black"", ""black"", ""black"", ""black"", ""black"", ""black"", ""white"", ""white"", ""black"", ""black"", ""black""]",24,65,8,3338,,,,,
SONA_0004,68,36,45,1,45,3,2026-02-24T15:20:27+00:00,2026-02-24T15:51:27+00:00,non-binary,junior,History,,experiment,1,25,2026-02-24T15:30:57+00:00,red,68,black,"[""black"", ""white"", ""black"", ""white"", ""white"", ""black"", ""black"", ""white"", ""white"", ""black"", ""black"", ""black"", ""black"", ""black"", ""black"", ""black"", ""black"", ""black"", ""black"", ""white"", ""white"", ""black"", ""black"", ""black"", ""black""]",25,65,8,3398,,,,,
SONA_0004,68,36,45,1,45,3,2026-02-24T15:20:27+00:00,2026-02-24T15:51:27+00:00,non-binary,junior,History,,experiment,1,26,2026-02-24T15:31:15+00:00,red,68,black,"[""black"", ""white"", ""black"", ""white"", ""white"", ""black"", ""black"", ""white"", ""white"", ""black"", ""black"", ""black"", ""black"", ""black"", ""black"", ""black"", ""black"", ""black"", ""black"", ""white"", ""white"", ""black"", ""black"", ""black"", ""black"", ""black""]",26,55,6,3978,,,,,
SONA_0004,68,36,45,1,45,3,2026-02-24T15:20:27+00:00,2026-02-24T15:51:27+00:00,non-binary,junior,History,,experiment,1,27,2026-02-24T15:28:24+00:00,red,68,black,"[""black"", ""white"", ""black"", ""white"", ""white"", ""black"", ""black"", ""white"", ""white"", ""black"", ""black"", ""black"", ""black"", ""black"", ""black"", ""black"", ""black"", ""black"", ""black"", ""white"", ""white"", ""black"", ""black"", ""black"", ""black"", ""black"", ""black""]",27,55,7,3138,,,,,
SONA_0004,68,36,45,1,45,3,2026-02-24T15:20:27+00:00,2026-02-24T15:51:27+00:00,non-binary,junior,History,,experiment,1,28,2026-02-24T15:27:39+00:00,red,68,white,"[""black"", ""white"", ""black"", ""white"", ""white"", ""black"", ""black"", ""white"", ""white"", ""black"", ""black"", ""black"", ""black"", ""black"", ""black"", ""black"", ""black"", ""black"", ""black"", ""white"", ""white"", ""black"", ""black"", ""black"", ""black"", ""black"", ""black"", ""white""]",28,65,8,2610,,,,,
SONA_0004,68,36,45,1,45,3,2026-02-24T15:20:27+00:00,2026-02-24T15:51:27+00:00,non-binary,junior,History,,experiment,1,29,2026-02-24T15:31:11+00:00,red,68,black,"[""black"", ""white"", ""black"", ""white"", ""white"", ""black"", ""black"", ""white"", ""white"", ""black"", ""black"", ""black"", ""black"", ""black"", ""black"", ""black"", ""black"", ""black"", ""black"", ""white"", ""white"", ""black"", ""black"", ""black"", ""black"", ""black"", ""black"", ""white"", ""black""]",29,60,8,2751,,,,,
SONA_0004,68,36,45,1,45,3,2026-02-24T15:20:27+00:00,2026-02-24T15:51:27+00:00,non-binary,junior,History,,experiment,1,30,2026-02-24T15:31:27+00:00,red,68,black,"[""black"", ""white"", ""black"", ""white"", ""white"", ""black"", ""black"", ""white"", ""white"", ""black"", ""black"", ""black"", ""black"", ""black"", ""black"", ""black"", ""black"", ""black"", ""black"", ""white"", ""white"", ""black"", ""black"", ""black"", ""black"", ""black"", ""black"", ""white"", ""black"", ""black""]",30,60,7,3622,,,,,
SONA_0004,68,36,45,1,45,3,2026-02-24T15:20:27+00:00,2026-02-24T15:51:27+00:00,non-binary,junior,History,,experiment,1,31,2026-02-24T15:28:06+00:00,red,68,black,"[""black"", ""white"", ""black"", ""white"", ""white"", ""black"", ""black"", ""white"", ""white"", ""black"", ""black"", ""black"", ""black"", ""black"", ""black"", ""black"", ""black"", ""black"", ""black"", ""white"", ""white"", ""black"", ""black"", ""black"", ""black"", ""black"", ""black"", ""white"", ""black"", ""black"", ""black""]",31,60,8,2840,,,,,
SONA_0004,68,36,45,1,45,3,2026-02-24T15:20:27+00:00,2026-02-24T15:51:27+00:00,non-binary,junior,History,,experiment,1,32,2026-02-24T15:31:27+00:00,red,68,black,"[""black"", ""white"", ""black"", ""white"", ""white"", ""black"", ""black"", ""white"", ""white"", ""black"", ""black"", ""black"", ""black"", ""black"", ""black"", ""black"", ""black"", ""black"", ""black"", ""white"", ""white"", ""black"", ""black"", ""black"", ""black"", ""black"", ""black"", ""white"", ""black"", ""black"", ""black"", ""black""]",32,60,10,2845,,,,,
SONA_0004,68,36,45,1,45,3,2026-02-24T15:20:27+00:00,2026-02-24T15:51:27+00:00,non-binary,junior,History,,experiment,1,33,2026-02-24T15:32:48+00:00,red,68,black,"[""black"", ""white"", ""black"", ""white"", ""white"", ""black"", ""black"", ""white"", ""white"", ""black"", ""black"", ""black"", ""black"", ""black"", ""black"", ""black"", ""black"", ""black"", ""black"", ""white"", ""white"", ""black"", ""black"", ""black"", ""black"", ""black"", ""black"", ""white"", ""black"", ""black"", ""black"", ""black"", ""black""]",33,60,6,3314,,,,,
SONA_0004,68,36,45,1,45,3,2026-02-24T15:20:27+00:00,2026-02-24T15:51:27+00:00,non-binary,junior,History,,experiment,2,1,2026-02-24T15:31:41+00:00,green,36,white,"[""white""]",1,50,6,3842,,,,,
SONA_0004,68,36,45,1,45,3,2026-02-24T15:20:27+00:00,2026-02-24T15:51:27+00:00,non-binary,junior,History,,experiment,2,2,2026-02-24T15:31:45+00:00,green,36,black,"[""white"", ""black""]",2,40,7,3787,,,,,
SONA_0004,68,36,45,1,45,3,2026-02-24T15:20:27+00:00,2026-02-24T15:51:27+00:00,non-binary,junior,History,,experiment,2,3,2026-02-24T15:31:54+00:00,green,36,black,"[""white"", ""black"", ""black""]",3,45,8,3917,,,,,
SONA_0004,68,36,45,1,45,3,2026-02-24T15:20:27+00:00,2026-02-24T15:51:27+00:00,non-binary,junior,History,,experiment,2,4,2026-02-24T15:32:11+00:00,green,36,white,"[""white"", ""black"", ""black"", ""white""]",4,45,6,4285,,,,,
SONA_0004,68,36,45,1,45,3,2026-02-24T15:20:27+00:00,2026-02-24T15:51:27+00:00,non-binary,junior,History,,experiment,2,5,2026-02-24T15:32:22+00:00,green,36,black,"[""white"", ""black"", ""black"", ""white"", ""black""]",5,40,6,3316,,,,,
SONA_0004,68,36,45,1,45,3,2026-02-24T15:20:27+00:00,2026-02-24T15:51:27+00:00,non-binary,junior,History,,experiment,2,6,2026-02-24T15:32:15+00:00,green,36,white,"[""white"", ""black"", ""black"", ""white"", ""black"", ""white""]",6,55,7,4108,,,,,
SONA_0004,68,36,45,1,45,3,2026-02-24T15:20:27+00:00,2026-02-24T15:51:27+00:00,non-binary,junior,History,,experiment,2,7,2026-02-24T15:32:30+00:00,green,36,black,"[""white"", ""black"", ""black"", ""white"", ""black"", ""white"", ""black""]",7,40,9,3736,,,,,
SONA_0004,68,36,45,1,45,3,2026-02-24T15:20:27+00:00,2026-02-24T15:51:27+00:00,non-binary,junior,History,,experiment,2,8,2026-02-24T15:33:19+00:00,green,36,black,"[""white"", ""black"", ""black"", ""white"", ""black"", ""white"", ""black"", ""black""]",8,35,7,3149,,,,,
SONA_0004,68,36,45,1,45,3,2026-02-24T15:20:27+00:00,2026-02-24T15:51:27+00:00,non-binary,junior,History,,experiment,2,9,2026-02-24T15:33:42+00:00,green,36,black,"[""white"", ""black"", ""black"", ""white"", ""black"", ""white"", ""black"", ""black"", ""black""]",9,35,9,3233,,,,,
SONA_0004,68,36,45,1,45,3,2026-02-24T15:20:27+00:00,2026-02-24T15:51:27+00:00,non-binary,junior,History,,experiment,2,10,2026-02-24T15:33:47+00:00,green,36,white,"[""white"", ""black"", ""black"", ""white"", ""black"", ""white"", ""black"", ""black"", ""black"", ""white""]",10,40,7,3221,,,,,
SONA_0004,68,36,45,1,45,3,2026-02-24T15:20:27+00:00,2026-02-24T15:51:27+00:00,non-binary,junior,History,,experiment,2,11,2026-02-24T15:34:45+00:00,green,36,black,"[""white"", ""black"", ""black"", ""white"", ""black"", ""white"", ""black"", ""black"", ""black"", ""white"", ""black""]",11,25,8,3639,,,,,
SONA_0004,68,36,45,1,45,3,2026-02-24T15:20:27+00:00,2026-02-24T15:51:27+00:00,non-binary,junior,History,,experiment,2,12,2026-02-24T15:34:27+00:00,green,36,white,"[""white"", ""black"", ""black"", ""white"", ""black"", ""white"", ""black"", ""black"", ""black"", ""white"", ""black"", ""white""]",12,40,7,3282,,,,,
SONA_0004,68,36,45,1,45,3,2026-02-24T15:20:27+00:00,2026-02-24T15:51:27+00:00,non-binary,junior,History,,experiment,2,13,2026-02-24T15:35:21+00:00,green,36,black,"[""white"", ""black"", ""black"", ""white"", ""black"", ""white"", ""black"", ""black"", ""black"", ""white"", ""black"", ""white"", ""black""]",13,40,8,4436,,,,,
SONA_0004,68,36,45,1,45,3,2026-02-24T15:20:27+00:00,2026-02-24T15:51:27+00:00,non-binary,junior,History,,experiment,2,14,2026-02-24T15:35:25+00:00,green,36,white,"[""white"", ""black"", ""black"", ""white"", ""black"", ""white"", ""black"", ""black"", ""black"", ""white"", ""black"", ""white"", ""black"", ""white""]",14,35,8,3347,,,,,
SONA_0004,68,36,45,1,45,3,2026-02-24T15:20:27+00:00,2026-02-24T15:51:27+00:00,non-binary,junior,History,,experiment,2,15,2026-02-24T15:33:57+00:00,green,36,black,"[""white"", ""black"", ""black"", ""white"", ""black"", ""white"", ""black"", ""black"", ""black"", ""white"", ""black"", ""white"", ""black"", ""white"", ""black""]",15,25,5,3451,,,,,
SONA_0004,68,36,45,1,45,3,2026-02-24T15:20:27+00:00,2026-02-24T15:51:27+00:00,non-binary,junior,History,,experiment,2,16,2026-02-24T15:34:39+00:00,green,36,white,"[""white"", ""black"", ""black"", ""white"", ""black"", ""white"", ""black"", ""black"", ""black"", ""white"", ""black"", ""white"", ""black"", ""white"", ""black"", ""white""]",16,45,5,2760,,,,,
SONA_0004,68,36,45,1,45,3,2026-02-24T15:20:27+00:00,2026-02-24T15:51:27+00:00,non-binary,junior,History,,experiment,2,17,2026-02-24T15:34:00+00:00,green,36,black,"[""white"", ""black"", ""black"", ""white"", ""black"", ""white"", ""black"", ""black"", ""black"", ""white"", ""black"", ""white"", ""black"", ""white"", ""black"", ""white"", ""black""]",17,40,5,3527,,,,,
SONA_0004,68,36,45,1,45,3,2026-02-24T15:20:27+00:00,2026-02-24T15:51:27+00:00,non-binary,junior,History,,experiment,2,18,2026-02-24T15:35:39+00:00,green,36,white,"[""white"", ""black"", ""black"", ""white"", ""black"", ""white"", ""black"", ""black"", ""black"", ""white"", ""black"", ""white"", ""black"", ""white"", ""black"", ""white"", ""black"", ""white""]",18,30,7,3343,,,,,
SONA_0004,68,36,45,1,45,3,2026-02-24T15:20:27+00:00,2026-02-24T15:51:27+00:00,non-binary,junior,History,,experiment,2,19,2026-02-24T15:34:56+00:00,green,36,white,"[""white"", ""black"", ""black"", ""white"", ""black"", ""white"", ""black"", ""black"", ""black"", ""white"", ""black"", ""white"", ""black"", ""white"", ""black"", ""white"", ""black"", ""white"", ""white""]",19,45,6,3044,,,,,
SONA_0004,68,36,45,1,45,3,2026-02-24T15:20:27+00:00,2026-02-24T15:51:27+00:00,non-binary,junior,History,,experiment,2,20,2026-02-24T15:34:47+00:00,green,36,black,"[""white"", ""black"", ""black"", ""white"", ""black"", ""white"", ""black"", ""black"", ""black"", ""white"", ""black"", ""white"", ""black"", ""white"", ""black"", ""white"", ""black"", ""white"", ""white"", ""black""]",20,40,7,3720,,,,,
SONA_0004,68,36,45,1,45,3,2026-02-24T15:20:27+00:00,2026-02-24T15:51:27+00:00,non-binary,junior,History,,experiment,2,21,2026-02-24T15:36:00+00:00,green,36,black,"[""white"", ""black"", ""black"", ""white"", ""black"", ""white"", ""black"", ""black"", ""black"", ""white"", ""black"", ""white"", ""black"", ""white"", ""black"", ""white"", ""black"", ""white"", ""white"", ""black"", ""black""]",21,35,7,2935,,,,,
SONA_0004,68,36,45,1,45,3,2026-02-24T15:20:27+00:00,2026-02-24T15:51:27+00:00,non-binary,junior,History,,experiment,2,22,2026-02-24T15:37:41+00:00,green,36,white,"[""white"", ""black"", ""black"", ""white"", ""black"", ""white"", ""black"", ""black"", ""black"", ""white"", ""black"", ""white"", ""black"", ""white"", ""black"", ""white"", ""black"", ""white"", ""white"", ""black"", ""black"", ""white""]",22,35,7,2849,,,,,
SONA_0004,68,36,45,1,45,3,2026-02-24T15:20:27+00:00,2026-02-24T15:51:27+00:00,non-binary,junior,History,,experiment,2,23,2026-02-24T15:37:58+00:00,green,36,white,"[""white"", ""black"", ""black"", ""white"", ""black"", ""white"", ""black"", ""black"", ""black"", ""white"", ""black"", ""white"", ""black"", ""white"", ""black"", ""white"", ""black"", ""white"", ""white"", ""black"", ""black"", ""white"", ""white""]",23,40,6,3866,,,,,
SONA_0004,68,36,45,1,45,3,2026-02-24T15:20:27+00:00,2026-02-24T15:51:27+00:00,non-binary,junior,History,,experiment,2,24,2026-02-24T15:37:27+00:00,green,36,white,"[""white"", ""black"", ""black"", ""white"", ""black"", ""white"", ""black"", ""black"", ""black"", ""white"", ""black"", ""white"", ""black"", ""white"", ""black"", ""white"", ""black"", ""white"", ""white"", ""black"", ""black"", ""white"", ""white"", ""white""]",24,35,8,3155,,,,,
SONA_0004,68,36,45,1,45,3,2026-02-24T15:20:27+00:00,2026-02-24T15:51:27+00:00,non-binary,junior,History,,experiment,2,25,2026-02-24T15:36:27+00:00,green,36,white,"[""white"", ""black"", ""black"", ""white"", ""black"", ""white"", ""black"", ""black"", ""black"", ""white"", ""black"", ""white"", ""black"", ""white"", ""black"", ""white"", ""black"", ""white"", ""white"", ""black"", ""black"", ""white"", ""white"", ""white"", ""white""]",25,40,8,3231,,,,,
SONA_0004,68,36,45,1,45,3,2026-02-24T15:20:27+00:00,2026-02-24T15:51:27+00:00,non-binary,junior,History,,experiment,2,26,2026-02-24T15:35:47+00:00,green,36,white,"[""white"", ""black"", ""black"", ""white"", ""black"", ""white"", ""black"", ""black"", ""black"", ""white"", ""black"", ""white"", ""black"", ""white"", ""black"", ""white"", ""black"", ""white"", ""white"", ""black"", ""black"", ""white"", ""white"", ""white"", ""white"", ""white""]",26,30,9,3149,,,,,
SONA_0004,68,36,45,1,45,3,2026-02-24T15:20:27+00:00,2026-02-24T15:51:27+00:00,non-binary,junior,History,,experiment,2,27,2026-02-24T15:35:57+00:00,green,36,black,"[""white"", ""black"", ""black"", ""white"", ""black"", ""white"", ""black"", ""black"", ""black"", ""white"", ""black"", ""white"", ""black"", ""white"", ""black"", ""white"", ""black"", ""white"", ""white"", ""black"", ""black"", ""white"", ""white"", ""white"", ""white"", ""white"", ""black""]",27,35,6,3875,,,,,
SONA_0004,68,36,45,1,45,3,2026-02-24T15:20:27+00:00,2026-02-24T15:51:27+00:00,non-binary,junior,History,,experiment,2,28,2026-02-24T15:37:31+00:00,green,36,white,"[""white"", ""black"", ""black"", ""white"", ""black"", ""white"", ""black"", ""black"", ""black"", ""white"", ""black"", ""white"", ""black"", ""white"", ""black"", ""white"", ""black"", ""white"", ""white"", ""black"", ""black"", ""white"", ""white"", ""white"", ""white"", ""white"", ""black"", ""white""]",28,35,7,3718,,,,,
SONA_0004,68,36,45,1,45,3,2026-02-24T15:20:27+00:00,2026-02-24T15:51:27+00:00,non-binary,junior,History,,experiment,2,29,2026-02-24T15:36:46+00:00,green,36,black,"[""white"", ""black"", ""black"", ""white"", ""black"", ""white"", ""black"", ""black"", ""black"", ""white"", ""black"", ""white"", ""black"", ""white"", ""black"", ""white"", ""black"", ""white"", ""white"", ""black"", ""black"", ""white"", ""white"", ""white"", ""white"", ""white"", ""black"", ""white"", ""black""]",29,45,6,3126,,,,,
SONA_0004,68,36,45,1,45,3,2026-02-24T15:20:27+00:00,2026-02-24T15:51:27+00:00,non-binary,junior,History,,experiment,2,30,2026-02-24T15:38:27+00:00,green,36,white,"[""white"", ""black"", ""black"", ""white"", ""black"", ""white"", ""black"", ""black"", ""black"", ""white"", ""black"", ""white"", ""black"", ""white"", ""black"", ""white"", ""black"", ""white"", ""white"", ""black"", ""black"", ""white"", ""white"", ""white"", ""white"", ""white"", ""black"", ""white"", ""black"", ""white""]",30,30,8,2030,,,,,
SONA_0004,68,36,45,1,45,3,2026-02-24T15:20:27+00:00,2026-02-24T15:51:27+00:00,non-binary,junior,History,,experiment,2,31,2026-02-24T15:36:06+00:00,green,36,white,"[""white"", ""black"", ""black"", ""white"", ""black"", ""white"", ""black"", ""black"", ""black"", ""white"", ""black"", ""white"", ""black"", ""white"", ""black"", ""white"", ""black"", ""white"", ""white"", ""black"", ""black"", ""white"", ""white"", ""white"", ""white"", ""white"", ""black"", ""white"", ""black"", ""white"", ""white""]",31,40,9,3957,,,,,
SONA_0004,68,36,45,1,45,3,2026-02-24T15:20:27+00:00,2026-02-24T15:51:27+00:00,non-binary,junior,History,,experiment,2,32,2026-02-24T15:36:15+00:00,green,36,white,"[""white"", ""black"", ""black"", ""white"", ""black"", ""white"", ""black"", ""black"", ""black"", ""white"", ""black"", ""white"", ""black"", ""white"", ""black"", ""white"", ""black"", ""white"", ""white"", ""black"", ""black"", ""white"", ""white"", ""white"", ""white"", ""white"", ""black"", ""white"", ""black"", ""white"", ""white"", ""white""]",32,30,8,3065,,,,,
SONA_0004,68,36,45,1,45,3,2026-02-24T15:20:27+00:00,2026-02-24T15:51:27+00:00,non-binary,junior,History,,experiment,2,33,2026-02-24T15:38:36+00:00,green,36,black,"[""white"", ""black"", ""black"", ""white"", ""black"", ""white"", ""black"", ""black"", ""black"", ""white"", ""black"", ""white"", ""black"", ""white"", ""black"", ""white"", ""black"", ""white"", ""white"", ""black"", ""black"", ""white"", ""white"", ""white"", ""white"", ""white"", ""black"", ""white"", ""black"", ""white"", ""white"", ""white"", ""black""]",33,55,6,3581,,,,,
SONA_0004,68,36,45,1,45,3,2026-02-24T15:20:27+00:00,2026-02-24T15:51:27+00:00,non-binary,junior,History,,experiment,3,1,2026-02-24T15:43:44+00:00,red,68,black,"[""black""]",1,65,8,3299,,,,,
SONA_0004,68,36,45,1,45,3,2026-02-24T15:20:27+00:00,2026-02-24T15:51:27+00:00,non-binary,junior,History,,experiment,3,2,2026-02-24T15:43:49+00:00,red,68,black,"[""black"", ""black""]",2,60,6,3742,,,,,
SONA_0004,68,36,45,1,45,3,2026-02-24T15:20:27+00:00,2026-02-24T15:51:27+00:00,non-binary,junior,History,,experiment,3,3,2026-02-24T15:44:09+00:00,red,68,black,"[""black"", ""black"", ""black""]",3,70,7,3746,,,,,
SONA_0004,68,36,45,1,45,3,2026-02-24T15:20:27+00:00,2026-02-24T15:51:27+00:00,non-binary,junior,History,,experiment,3,4,2026-02-24T15:44:31+00:00,red,68,white,"[""black"", ""black"", ""black"", ""white""]",4,60,8,3547,,,,,
SONA_0004,68,36,45,1,45,3,2026-02-24T15:20:27+00:00,2026-02-24T15:51:27+00:00,non-binary,junior,History,,experiment,3,5,2026-02-24T15:44:27+00:00,red,68,black,"[""black"", ""black"", ""black"", ""white"", ""black""]",5,60,8,3294,,,,,
SONA_0004,68,36,45,1,45,3,2026-02-24T15:20:27+00:00,2026-02-24T15:51:27+00:00,non-binary,junior,History,,experiment,3,6,2026-02-24T15:44:27+00:00,red,68,white,"[""black"", ""black"", ""black"", ""white"", ""black"", ""white""]",6,60,6,2803,,,,,
SONA_0004,68,36,45,1,45,3,2026-02-24T15:20:27+00:00,2026-02-24T15:51:27+00:00,non-binary,junior,History,,experiment,3,7,2026-02-24T15:45:12+00:00,red,68,black,"[""black"", ""black"", ""black"", ""white"", ""black"", ""white"", ""black""]",7,75,9,3688,,,,,
SONA_0004,68,36,45,1,45,3,2026-02-24T15:20:27+00:00,2026-02-24T15:51:27+00:00,non-binary,junior,History,,experiment,3,8,2026-02-24T15:45:43+00:00,red,68,black,"[""black"", ""black"", ""black"", ""white"", ""black"", ""white"", ""black"", ""black""]",8,55,5,3463,,,,,
SONA_0004,68,36,45,1,45,3,2026-02-24T15:20:27+00:00,2026-02-24T15:51:27+00:00,non-binary,junior,History,,experiment,3,9,2026-02-24T15:44:39+00:00,red,68,black,"[""black"", ""black"", ""black"", ""white"", ""black"", ""white"", ""black"", ""black"", ""black""]",9,75,7,3047,,,,,
SONA_0004,68,36,45,1,45,3,2026-02-24T15:20:27+00:00,2026-02-24T15:51:27+00:00,non-binary,junior,History,,experiment,3,10,2026-02-24T15:46:27+00:00,red,68,black,"[""black"", ""black"", ""black"", ""white"", ""black"", ""white"", ""black"", ""black"", ""black"", ""black""]",10,60,8,3918,,,,,
SONA_0004,68,36,45,1,45,3,2026-02-24T15:20:27+00:00,2026-02-24T15:51:27+00:00,non-binary,junior,History,,experiment,3,11,2026-02-24T15:46:34+00:00,red,68,white,"[""black"", ""black"", ""black"", ""white"", ""black"", ""white"", ""black"", ""black"", ""black"", ""black"", ""white""]",11,55,6,3751,,,,,
SONA_0004,68,36,45,1,45,3,2026-02-24T15:20:27+00:00,2026-02-24T15:51:27+00:00,non-binary,junior,History,,experiment,3,12,2026-02-24T15:46:15+00:00,red,68,black,"[""black"", ""black"", ""black"", ""white"", ""black"", ""white"", ""black"", ""black"", ""black"", ""black"", ""white"", ""black""]",12,65,7,3656,,,,,
SONA_0004,68,36,45,1,45,3,2026-02-24T15:20:27+00:00,2026-02-24T15:51:27+00:00,non-binary,junior,History,,experiment,3,13,2026-02-24T15:47:08+00:00,red,68,white,"[""black"", ""black"", ""black"", ""white"", ""black"", ""white"", ""black"", ""black"", ""black"", ""black"", ""white"", ""black"", ""white""]",13,55,8,3985,,,,,
SONA_0004,68,36,45,1,45,3,2026-02-24T15:20:27+00:00,2026-02-24T15:51:27+00:00,non-binary,junior,History,,experiment,3,14,2026-02-24T15:46:43+00:00,red,68,white,"[""black"", ""black"", ""black"", ""white"", ""black"", ""white"", ""black"", ""black"", ""black"", ""black"", ""white"", ""black"", ""white"", ""white""]",14,70,9,3500,,,,,
SONA_0004,68,36,45,1,45,3,2026-02-24T15:20:27+00:00,2026-02-24T15:51:27+00:00,non-binary,junior,History,,experiment,3,15,2026-02-24T15:47:57+00:00,red,68,black,"[""black"", ""black"", ""black"", ""white"", ""black"", ""white"", ""black"", ""black"", ""black"", ""black"", ""white"", ""black"", ""white"", ""white"", ""black""]",15,50,8,3485,,,,,
SONA_0004,68,36,45,1,45,3,2026-02-24T15:20:27+00:00,2026-02-24T15:51:27+00:00,non-binary,junior,History,,experiment,3,16,2026-02-24T15:46:23+00:00,red,68,white,"[""black"", ""black"", ""black"", ""white"", ""black"", ""white"", ""black"", ""black"", ""black"", ""black"", ""white"", ""black"", ""white"", ""white"", ""black"", ""white""]",16,60,5,3670,,,,,
SONA_0004,68,36,45,1,45,3,2026-02-24T15:20:27+00:00,2026-02-24T15:51:27+00:00,non-binary,junior,History,,experiment,3,17,2026-02-24T15:46:51+00:00,red,68,white,"[""black"", ""black"", ""black"", ""white"", ""black"", ""white"", ""black"", ""black"", ""black"", ""black"", ""white"", ""black"", ""white"", ""white"", ""black"", ""white"", ""white""]",17,60,8,2783,,,,,
SONA_0004,68,36,45,1,45,3,2026-02-24T15:20:27+00:00,2026-02-24T15:51:27+00:00,non-binary,junior,History,,experiment,3,18,2026-02-24T15:46:45+00:00,red,68,white,"[""black"", ""black"", ""black"", ""white"", ""black"", ""white"", ""black"", ""black"", ""black"", ""black"", ""white"", ""black"", ""white"", ""white"", ""black"", ""white"", ""white"", ""white""]",18,55,7,3002,,,,,
SONA_0004,68,36,45,1,45,3,2026-02-24T15:20:27+00:00,2026-02-24T15:51:27+00:00,non-binary,junior,History,,experiment,3,19,2026-02-24T15:46:18+00:00,red,68,black,"[""black"", ""black"", ""black"", ""white"", ""black"", ""white"", ""black"", ""black"", ""black"", ""black"", ""white"", ""black"", ""white"", ""white"", ""black"", ""white"", ""white"", ""white"", ""black""]",19,55,6,2969,,,,,
SONA_0004,68,36,45,1,45,3,2026-02-24T15:20:27+00:00,2026-02-24T15:51:27+00:00,non-binary,junior,History,,experiment,3,20,2026-02-24T15:47:47+00:00,red,68,black,"[""black"", ""black"", ""black"", ""white"", ""black"", ""white"", ""black"", ""black"", ""black"", ""black"", ""white"", ""black"", ""white"", ""white"", ""black"", ""white"", ""white"", ""white"", ""black"", ""black""]",20,65,7,3321,,,,,
SONA_0004,68,36,45,1,45,3,2026-02-24T15:20:27+00:00,2026-02-24T15:51:27+00:00,non-binary,junior,History,,experiment,3,21,2026-02-24T15:48:42+00:00,red,68,black,"[""black"", ""black"", ""black"", ""white"", ""black"", ""white"", ""black"", ""black"", ""black"", ""black"", ""white"", ""black"", ""white"", ""white"", ""black"", ""white"", ""white"", ""white"", ""black"", ""black"", ""black""]",21,60,9,1956,,,,,
SONA_0004,68,36,45,1,45,3,2026-02-24T15:20:27+00:00,2026-02-24T15:51:27+00:00,non-binary,junior,History,,experiment,3,22,2026-02-24T15:49:19+00:00,red,68,black,"[""black"", ""black"", ""black"", ""white"", ""black"", ""white"", ""black"", ""black"", ""black"", ""black"", ""white"", ""black"", ""white"", ""white"", ""black"", ""white"", ""white"", ""white"", ""black"", ""black"", ""black"", ""black""]",22,60,7,3656,,,,,
SONA_0004,68,36,45,1,45,3,2026-02-24T15:20:27+00:00,2026-02-24T15:51:27+00:00,non-binary,junior,History,,experiment,3,23,2026-02-24T15:50:21+00:00,red,68,black,"[""black"", ""black"", ""black"", ""white"", ""black"", ""white"", ""black"", ""black"", ""black"", ""black"", ""white"", ""black"", ""white"", ""white"", ""black"", ""white"", ""white"", ""white"", ""black"", ""black"", ""black"", ""black"", ""black""]",23,60,6,3197,,,,,
SONA_0004,68,36,45,1,45,3,2026-02-24T15:20:27+00:00,2026-02-24T15:51:27+00:00,non-binary,junior,History,,experiment,3,24,2026-02-24T15:49:03+00:00,red,68,black,"[""black"", ""black"", ""black"", ""white"", ""black"", ""white"", ""black"", ""black"", ""black"", ""black"", ""white"", ""black"", ""white"", ""white"", ""black"", ""white"", ""white"", ""white"", ""black"", ""black"", ""black"", ""black"", ""black"", ""black""]",24,65,7,3361,,,,,
SONA_0004,68,36,45,1,45,3,2026-02-24T15:20:27+00:00,2026-02-24T15:51:27+00:00,non-binary,junior,History,,experiment,3,25,2026-02-24T15:49:42+00:00,red,68,white,"[""black"", ""black"", ""black"", ""white"", ""black"", ""white"", ""black"", ""black"", ""black"", ""black"", ""white"", ""black"", ""white"", ""white"", ""black"", ""white"", ""white"", ""white"", ""black"", ""black"", ""black"", ""black"", ""black"", ""black"", ""white""]",25,70,6,3591,,,,,
SONA_0004,68,36,45,1,45,3,2026-02-24T15:20:27+00:00,2026-02-24T15:51:27+00:00,non-binary,junior,History,,experiment,3,26,2026-02-24T15:50:23+00:00,red,68,white,"[""black"", ""black"", ""black"", ""white"", ""black"", ""white"", ""black"", ""black"", ""black"", ""black"", ""white"", ""black"", ""white"", ""white"", ""black"", ""white"", ""white"", ""white"", ""black"", ""black"", ""black"", ""black"", ""black"", ""black"", ""white"", ""white""]",26,60,6,2644,,,,,
SONA_0004,68,36,45,1,45,3,2026-02-24T15:20:27+00:00,2026-02-24T15:51:27+00:00,non-binary,junior,History,,experiment,3,27,2026-02-24T15:47:30+00:00,red,68,black,"[""black"", ""black"", ""black"", ""white"", ""black"", ""white"", ""black"", ""black"", ""black"", ""black"", ""white"", ""black"", ""white"", ""white"", ""black"", ""white"", ""white"", ""white"", ""black"", ""black"", ""black"", ""black"", ""black"", ""black"", ""white"", ""white"", ""black""]",27,60,7,3591,,,,,
SONA_0004,68,36,45,1,45,3,2026-02-24T15:20:27+00:00,2026-02-24T15:51:27+00:00,non-binary,junior,History,,experiment,3,28,2026-02-24T15:48:35+00:00,red,68,white,"[""black"", ""black"", ""black"", ""white"", ""black"", ""white"", ""black"", ""black"", ""black"", ""black"", ""white"", ""black"", ""white"", ""white"", ""black"", ""white"", ""white"", ""white"", ""black"", ""black"", ""black"", ""black"", ""black"", ""black"", ""white"", ""white"", ""black"", ""white""]",28,60,7,3512,,,,,
SONA_0004,68,36,45,1,45,3,2026-02-24T15:20:27+00:00,2026-02-24T15:51:27+00:00,non-binary,junior,History,,experiment,3,29,2026-02-24T15:51:11+00:00,red,68,black,"[""black"", ""black"", ""black"", ""white"", ""black"", ""white"", ""black"", ""black"", ""black"", ""black"", ""white"", ""black"", ""white"", ""white"", ""black"", ""white"", ""white"", ""white"", ""black"", ""black"", ""black"", ""black"", ""black"", ""black"", ""white"", ""white"", ""black"", ""white"", ""black""]",29,55,7,3276,,,,,
SONA_0004,68,36,45,1,45,3,2026-02-24T15:20:27+00:00,2026-02-24T15:51:27+00:00,non-binary,junior,History,,experiment,3,30,2026-02-24T15:48:57+00:00,red,68,black,"[""black"", ""black"", ""black"", ""white"", ""black"", ""white"", ""black"", ""black"", ""black"", ""black"", ""white"", ""black"", ""white"", ""white"", ""black"", ""white"", ""white"", ""white"", ""black"", ""black"", ""black"", ""black"", ""black"", ""black"", ""white"", ""white"", ""black"", ""white"", ""black"", ""black""]",30,60,6,2977,,,,,
SONA_0004,68,36,45,1,45,3,2026-02-24T15:20:27+00:00,2026-02-24T15:51:27+00:00,non-binary,junior,History,,experiment,3,31,2026-02-24T15:51:12+00:00,red,68,black,"[""black"", ""black"", ""black"", ""white"", ""black"", ""white"", ""black"", ""black"", ""black"", ""black"", ""white"", ""black"", ""white"", ""white"", ""black"", ""white"", ""white"", ""white"", ""black"", ""black"", ""black"", ""black"", ""black"", ""black"", ""white"", ""white"", ""black"", ""white"", ""black"", ""black"", ""black""]",31,70,8,2934,,,,,
SONA_0004,68,36,45,1,45,3,2026-02-24T15:20:27+00:00,2026-02-24T15:51:27+00:00,non-binary,junior,History,,experiment,3,32,2026-02-24T15:51:27+00:00,red,68,black,"[""black"", ""black"", ""black"", ""white"", ""black"", ""white"", ""black"", ""black"", ""black"", ""black"", ""white"", ""black"", ""white"", ""white"", ""black"", ""white"", ""white"", ""white"", ""black"", ""black"", ""black"", ""black"", ""black"", ""black"", ""white"", ""white"", ""black"", ""white"", ""black"", ""black"", ""black"", ""black""]",32,60,8,3593,,,,,
SONA_0004,68,36,45,1,45,3,2026-02-24T15:20:27+00:00,2026-02-24T15:51:27+00:00,non-binary,junior,History,,experiment,3,33,2026-02-24T15:50:36+00:00,red,68,black,"[""black"", ""black"", ""black"", ""white"", ""black"", ""white"", ""black"", ""black"", ""black"", ""black"", ""white"", ""black"", ""white"", ""white"", ""black"", ""white"", ""white"", ""white"", ""black"", ""black"", ""black"", ""black"", ""black"", ""black"", ""white"", ""white"", ""black"", ""white"", ""black"", ""black"", ""black"", ""black"", ""black""]",33,65,5,2428,,,,,
SONA_0005,38,24,55,3,45,6,2026-02-24T10:14:44+00:00,2026-02-24T10:49:44+00:00,male,masters,Biology,Statistics,experiment,1,1,2026-02-24T10:18:52+00:00,red,38,black,"[""black""]",1,55,6,4131,,,,,
SONA_0005,38,24,55,3,45,6,2026-02-24T10:14:44+00:00,2026-02-24T10:49:44+00:00,male,masters,Biology,Statistics,experiment,1,2,2026-02-24T10:19:10+00:00,red,38,white,"[""black"", ""white""]",2,60,7,3827,,,,,
SONA_0005,38,24,55,3,45,6,2026-02-24T10:14:44+00:00,2026-02-24T10:49:44+00:00,male,masters,Biology,Statistics,experiment,1,3,2026-02-24T10:19:20+00:00,red,38,white,"[""black"", ""white"", ""white""]",3,60,9,4151,,,,,
SONA_0005,38,24,55,3,45,6,2026-02-24T10:14:44+00:00,2026-02-24T10:49:44+00:00,male,masters,Biology,Statistics,experiment,1,4,2026-02-24T10:19:32+00:00,red,38,black,"[""black"", ""white"", ""white"", ""black""]",4,50,5,3967,,,,,
SONA_0005,38,24,55,3,45,6,2026-02-24T10:14:44+00:00,2026-02-24T10:49:44+00:00,male,masters,Biology,Statistics,experiment,1,5,2026-02-24T10:20:09+00:00,red,38,white,"[""black"", ""white"", ""white"", ""black"", ""white""]",5,50,8,3619,,,,,
SONA_0005,38,24,55,3,45,6,2026-02-24T10:14:44+00:00,2026-02-24T10:49:44+00:00,male,masters,Biology,Statistics,experiment,1,6,2026-02-24T10:20:20+00:00,red,38,black,"[""black"", ""white"", ""white"", ""black"", ""white"", ""black""]",6,55,7,3869,,,,,
SONA_0005,38,24,55,3,45,6,2026-02-24T10:14:44+00:00,2026-02-24T10:49:44+00:00,male,masters,Biology,Statistics,experiment,1,7,2026-02-24T10:19:54+00:00,red,38,black,"[""black"", ""white"", ""white"", ""black"", ""white"", ""black"", ""black""]",7,35,9,3659,,,,,
SONA_0005,38,24,55,3,45,6,2026-02-24T10:14:44+00:00,2026-02-24T10:49:44+00:00,male,masters,Biology,Statistics,experiment,1,8,2026-02-24T10:21:08+00:00,red,38,black,"[""black"", ""white"", ""white"", ""black"", ""white"", ""black"", ""black"", ""black""]",8,50,7,4294,,,,,
SONA_0005,38,24,55,3,45,6,2026-02-24T10:14:44+00:00,2026-02-24T10:49:44+00:00,male,masters,Biology,Statistics,experiment,1,9,2026-02-24T10:21:08+00:00,red,38,white,"[""black"", ""white"", ""white"", ""black"", ""white"", ""black"", ""black"", ""black"", ""white""]",9,40,8,3356,,,,,
SONA_0005,38,24,55,3,45,6,2026-02-24T10:14:44+00:00,2026-02-24T10:49:44+00:00,male,masters,Biology,Statistics,experiment,1,10,2026-02-24T10:20:44+00:00,red,38,black,"[""black"", ""white"", ""white"", ""black"", ""white"", ""black"", ""black"", ""black"", ""white"", ""black""]",10,40,7,3535,,,,,
SONA_0005,38,24,55,3,45,6,2026-02-24T10:14:44+00:00,2026-02-24T10:49:44+00:00,male,masters,Biology,Statistics,experiment,1,11,2026-02-24T10:22:02+00:00,red,38,white,"[""black"", ""white"", ""white"", ""black"", ""white"", ""black"", ""black"", ""black"", ""white"", ""black"", ""white""]",11,45,7,3822,,,,,
SONA_0005,38,24,55,3,45,6,2026-02-24T10:14:44+00:00,2026-02-24T10:49:44+00:00,male,masters,Biology,Statistics,experiment,1,12,2026-02-24T10:22:08+00:00,red,38,black,"[""black"", ""white"", ""white"", ""black"", ""white"", ""black"", ""black"", ""black"", ""white"", ""black"", ""white"", ""black""]",12,35,9,3349,,,,,
SONA_0005,38,24,55,3,45,6,2026-02-24T10:14:44+00:00,2026-02-24T10:49:44+00:00,male,masters,Biology,Statistics,experiment,1,13,2026-02-24T10:20:41+00:00,red,38,black,"[""black"", ""white"", ""white"", ""black"", ""white"", ""black"", ""black"", ""black"", ""white"", ""black"", ""white"", ""black"", ""black""]",13,60,9,3789,,,,,
SONA_0005,38,24,55,3,45,6,2026-02-24T10:14:44+00:00,2026-02-24T10:49:44+00:00,male,masters,Biology,Statistics,experiment,1,14,2026-02-24T10:21:32+00:00,red,38,white,"[""black"", ""white"", ""white"", ""black"", ""white"", ""black"", ""black"", ""black"", ""white"", ""black"", ""white"", ""black"", ""black"", ""white""]",14,50,8,3839,,,,,
SONA_0005,38,24,55,3,45,6,2026-02-24T10:14:44+00:00,2026-02-24T10:49:44+00:00,male,masters,Biology,Statistics,experiment,1,15,2026-02-24T10:22:44+00:00,red,38,black,"[""black"", ""white"", ""white"", ""black"", ""white"", ""black"", ""black"", ""black"", ""white"", ""black"", ""white"", ""black"", ""black"", ""white"", ""black""]",15,55,9,3422,,,,,
SONA_0005,38,24,55,3,45,6,2026-02-24T10:14:44+00:00,2026-02-24T10:49:44+00:00,male,masters,Biology,Statistics,experiment,1,16,2026-02-24T10:22:28+00:00,red,38,black,"[""black"", ""white"", ""white"", ""black"", ""white"", ""black"", ""black"", ""black"", ""white"", ""black"", ""white"", ""black"", ""black"", ""white"", ""black"", ""black""]",16,50,7,4499,,,,,
SONA_0005,38,24,55,3,45,6,2026-02-24T10:14:44+00:00,2026-02-24T10:49:44+00:00,male,masters,Biology,Statistics,experiment,1,17,2026-02-24T10:22:25+00:00,red,38,white,"[""black"", ""white"", ""white"", ""black"", ""white"", ""black"", ""black"", ""black"", ""white"", ""black"", ""white"", ""black"", ""black"", ""white"", ""black"", ""black"", ""white""]",17,40,7,3483,,,,,
SONA_0005,38,24,55,3,45,6,2026-02-24T10:14:44+00:00,2026-02-24T10:49:44+00:00,male,masters,Biology,Statistics,experiment,1,18,2026-02-24T10:22:38+00:00,red,38,white,"[""black"", ""white"", ""white"", ""black"", ""white"", ""black"", ""black"", ""black"", ""white"", ""black"", ""white"", ""black"", ""black"", ""white"", ""black"", ""black"", ""white"", ""white""]",18,50,10,3641,,,,,
SONA_0005,38,24,55,3,45,6,2026-02-24T10:14:44+00:00,2026-02-24T10:49:44+00:00,male,masters,Biology,Statistics,experiment,1,19,2026-02-24T10:21:35+00:00,red,38,white,"[""black"", ""white"", ""white"", ""black"", ""white"", ""black"", ""black"", ""black"", ""white"", ""black"", ""white"", ""black"", ""black"", ""white"", ""black"", ""black"", ""white"", ""white"", ""white""]",19,50,7,3938,,,,,
SONA_0005,38,24,55,3,45,6,2026-02-24T10:14:44+00:00,2026-02-24T10:49:44+00:00,male,masters,Biology,Statistics,experiment,1,20,2026-02-24T10:24:44+00:00,red,38,black,"[""black"", ""white"", ""white"", ""black"", ""white"", ""black"", ""black"", ""black"", ""white"", ""black"", ""white"", ""black"", ""black"", ""white"", ""black"", ""black"", ""white"", ""white"", ""white"", ""black""]",20,50,8,3962,,,,,
SONA_0005,38,24,55,3,45,6,2026-02-24T10:14:44+00:00,2026-02-24T10:49:44+00:00,male,masters,Biology,Statistics,experiment,1,21,2026-02-24T10:21:53+00:00,red,38,black,"[""black"", ""white"", ""white"", ""black"", ""white"", ""black"", ""black"", ""black"", ""white"", ""black"", ""white"", ""black"", ""black"", ""white"", ""black"", ""black"", ""white"", ""white"", ""white"", ""black"", ""black""]",21,45,8,3204,,,,,
SONA_0005,38,24,55,3,45,6,2026-02-24T10:14:44+00:00,2026-02-24T10:49:44+00:00,male,masters,Biology,Statistics,experiment,1,22,2026-02-24T10:24:58+00:00,red,38,white,"[""black"", ""white"", ""white"", ""black"", ""white"", ""black"", ""black"", ""black"", ""white"", ""black"", ""white"", ""black"", ""black"", ""white"", ""black"", ""black"", ""white"", ""white"", ""white"", ""black"", ""black"", ""white""]",22,35,8,3304,,,,,
SONA_0005,38,24,55,3,45,6,2026-02-24T10:14:44+00:00,2026-02-24T10:49:44+00:00,male,masters,Biology,Statistics,experiment,1,23,2026-02-24T10:21:48+00:00,red,38,white,"[""black"", ""white"", ""white"", ""black"", ""white"", ""black"", ""black"", ""black"", ""white"", ""black"", ""white"", ""black"", ""black"", ""white"", ""black"", ""black"", ""white"", ""white"", ""white"", ""black"", ""black"", ""white"", ""white""]",23,35,9,3266,,,,,
SONA_0005,38,24,55,3,45,6,2026-02-24T10:14:44+00:00,2026-02-24T10:49:44+00:00,male,masters,Biology,Statistics,experiment,1,24,2026-02-24T10:25:08+00:00,red,38,white,"[""black"", ""white"", ""white"", ""black"", ""white"", ""black"", ""black"", ""black"", ""white"", ""black"", ""white"", ""black"", ""black"", ""white"", ""black"", ""black"", ""white"", ""white"", ""white"", ""black"", ""black"", ""white"", ""white"", ""white""]",24,50,7,3168,,,,,
SONA_0005,38,24,55,3,45,6,2026-02-24T10:14:44+00:00,2026-02-24T10:49:44+00:00,male,masters,Biology,Statistics,experiment,1,25,2026-02-24T10:25:49+00:00,red,38,white,"[""black"", ""white"", ""white"", ""black"", ""white"", ""black"", ""black"", ""black"", ""white"", ""black"", ""white"", ""black"", ""black"", ""white"", ""black"", ""black"", ""white"", ""white"", ""white"", ""black"", ""black"", ""white"", ""white"", ""white"", ""white""]",25,40,8,3796,,,,,
SONA_0005,38,24,55,3,45,6,2026-02-24T10:14:44+00:00,2026-02-24T10:49:44+00:00,male,masters,Biology,Statistics,experiment,1,26,2026-02-24T10:25:40+00:00,red,38,black,"[""black"", ""white"", ""white"", ""black"", ""white"", ""black"", ""black"", ""black"", ""white"", ""black"", ""white"", ""black"", ""black"", ""white"", ""black"", ""black"", ""white"", ""white"", ""white"", ""black"", ""black"", ""white"", ""white"", ""white"", ""white"", ""black""]",26,50,9,3851,,,,,
SONA_0005,38,24,55,3,45,6,2026-02-24T10:14:44+00:00,2026-02-24T10:49:44+00:00,male,masters,Biology,Statistics,experiment,1,27,2026-02-24T10:25:29+00:00,red,38,white,"[""black"", ""white"", ""white"", ""black"", ""white"", ""black"", ""black"", ""black"", ""white"", ""black"", ""white"", ""black"", ""black"", ""white"", ""black"", ""black"", ""white"", ""white"", ""white"", ""black"", ""black"", ""white"", ""white"", ""white"", ""white"", ""black"", ""white""]",27,40,7,2966,,,,,
SONA_0005,38,24,55,3,45,6,2026-02-24T10:14:44+00:00,2026-02-24T10:49:44+00:00,male,masters,Biology,Statistics,experiment,1,28,2026-02-24T10:22:56+00:00,red,38,black,"[""black"", ""white"", ""white"", ""black"", ""white"", ""black"", ""black"", ""black"", ""white"", ""black"", ""white"", ""black"", ""black"", ""white"", ""black"", ""black"", ""white"", ""white"", ""white"", ""black"", ""black"", ""white"", ""white"", ""white"", ""white"", ""black"", ""white"", ""black""]",28,35,6,2443,,,,,
SONA_0005,38,24,55,3,45,6,2026-02-24T10:14:44+00:00,2026-02-24T10:49:44+00:00,male,masters,Biology,Statistics,experiment,1,29,2026-02-24T10:27:26+00:00,red,38,black,"[""black"", ""white"", ""white"", ""black"", ""white"", ""black"", ""black"", ""black"", ""white"", ""black"", ""white"", ""black"", ""black"", ""white"", ""black"", ""black"", ""white"", ""white"", ""white"", ""black"", ""black"", ""white"", ""white"", ""white"", ""white"", ""black"", ""white"", ""black"", ""black""]",29,50,7,3228,,,,,
SONA_0005,38,24,55,3,45,6,2026-02-24T10:14:44+00:00,2026-02-24T10:49:44+00:00,male,masters,Biology,Statistics,experiment,1,30,2026-02-24T10:23:14+00:00,red,38,white,"[""black"", ""white"", ""white"", ""black"", ""white"", ""black"", ""black"", ""black"", ""white"", ""black"", ""white"", ""black"", ""black"", ""white"", ""black"", ""black"", ""white"", ""white"", ""white"", ""black"", ""black"", ""white"", ""white"", ""white"", ""white"", ""black"", ""white"", ""black"", ""black"", ""white""]",30,45,7,3132,,,,,
SONA_0005,38,24,55,3,45,6,2026-02-24T10:14:44+00:00,2026-02-24T10:49:44+00:00,male,masters,Biology,Statistics,experiment,1,31,2026-02-24T10:23:54+00:00,red,38,white,"[""black"", ""white"", ""white"", ""black"", ""white"", ""black"", ""black"", ""black"", ""white"", ""black"", ""white"", ""black"", ""black"", ""white"", ""black"", ""black"", ""white"", ""white"", ""white"", ""black"", ""black"", ""white"", ""white"", ""white"", ""white"", ""black"", ""white"", ""black"", ""black"", ""white"", ""white""]",31,40,8,3418,,,,,
SONA_0005,38,24,55,3,45,6,2026-02-24T10:14:44+00:00,2026-02-24T10:49:44+00:00,male,masters,Biology,Statistics,experiment,1,32,2026-02-24T10:26:44+00:00,red,38,white,"[""black"", ""white"", ""white"", ""black"", ""white"", ""black"", ""black"", ""black"", ""white"", ""black"", ""white"", ""black"", ""black"", ""white"", ""black"", ""black"", ""white"", ""white"", ""white"", ""black"", ""black"", ""white"", ""white"", ""white"", ""white"", ""black"", ""white"", ""black"", ""black"", ""white"", ""white"", ""white""]",32,50,7,4023,,,,,
SONA_0005,38,24,55,3,45,6,2026-02-24T10:14:44+00:00,2026-02-24T10:49:44+00:00,male,masters,Biology,Statistics,experiment,1,33,2026-02-24T10:26:59+00:00,red,38,black,"[""black"", ""white"", ""white"", ""black"", ""white"", ""black"", ""black"", ""black"", ""white"", ""black"", ""white"", ""black"", ""black"", ""white"", ""black"", ""black"", ""white"", ""white"", ""white"", ""black"", ""black"", ""white"", ""white"", ""white"", ""white"", ""black"", ""white"", ""black"", ""black"", ""white"", ""white"", ""white"", ""black""]",33,50,7,3720,,,,,
SONA_0005,38,24,55,3,45,6,2026-02-24T10:14:44+00:00,2026-02-24T10:49:44+00:00,male,masters,Biology,Statistics,experiment,2,1,2026-02-24T10:28:53+00:00,green,24,white,"[""white""]",1,45,8,3823,,,,,
SONA_0005,38,24,55,3,45,6,2026-02-24T10:14:44+00:00,2026-02-24T10:49:44+00:00,male,masters,Biology,Statistics,experiment,2,2,2026-02-24T10:29:04+00:00,green,24,white,"[""white"", ""white""]",2,55,7,3819,,,,,
SONA_0005,38,24,55,3,45,6,2026-02-24T10:14:44+00:00,2026-02-24T10:49:44+00:00,male,masters,Biology,Statistics,experiment,2,3,2026-02-24T10:29:08+00:00,green,24,white,"[""white"", ""white"", ""white""]",3,70,9,4054,,,,,
SONA_0005,38,24,55,3,45,6,2026-02-24T10:14:44+00:00,2026-02-24T10:49:44+00:00,male,masters,Biology,Statistics,experiment,2,4,2026-02-24T10:29:28+00:00,green,24,black,"[""white"", ""white"", ""white"", ""black""]",4,50,9,4028,,,,,
SONA_0005,38,24,55,3,45,6,2026-02-24T10:14:44+00:00,2026-02-24T10:49:44+00:00,male,masters,Biology,Statistics,experiment,2,5,2026-02-24T10:29:24+00:00,green,24,black,"[""white"", ""white"", ""white"", ""black"", ""black""]",5,45,6,3321,,,,,
SONA_0005,38,24,55,3,45,6,2026-02-24T10:14:44+00:00,2026-02-24T10:49:44+00:00,male,masters,Biology,Statistics,experiment,2,6,2026-02-24T10:30:32+00:00,green,24,white,"[""white"", ""white"", ""white"", ""black"", ""black"", ""white""]",6,45,4,3434,,,,,
SONA_0005,38,24,55,3,45,6,2026-02-24T10:14:44+00:00,2026-02-24T10:49:44+00:00,male,masters,Biology,Statistics,experiment,2,7,2026-02-24T10:29:40+00:00,green,24,white,"[""white"", ""white"", ""white"", ""black"", ""black"", ""white"", ""white""]",7,40,9,3773,,,,,
SONA_0005,38,24,55,3,45,6,2026-02-24T10:14:44+00:00,2026-02-24T10:49:44+00:00,male,masters,Biology,Statistics,experiment,2,8,2026-02-24T10:31:08+00:00,green,24,white,"[""white"", ""white"", ""white"", ""black"", ""black"", ""white"", ""white"", ""white""]",8,55,9,4136,,,,,
SONA_0005,38,24,55,3,45,6,2026-02-24T10:14:44+00:00,2026-02-24T10:49:44+00:00,male,masters,Biology,Statistics,experiment,2,9,2026-02-24T10:30:32+00:00,green,24,black,"[""white"", ""white"", ""white"", ""black"", ""black"", ""white"", ""white"", ""white"", ""black""]",9,55,8,3722,,,,,
SONA_0005,38,24,55,3,45,6,2026-02-24T10:14:44+00:00,2026-02-24T10:49:44+00:00,male,masters,Biology,Statistics,experiment,2,10,2026-02-24T10:30:34+00:00,green,24,white,"[""white"", ""white"", ""white"", ""black"", ""black"", ""white"", ""white"", ""white"", ""black"", ""white""]",10,55,6,3605,,,,,
SONA_0005,38,24,55,3,45,6,2026-02-24T10:14:44+00:00,2026-02-24T10:49:44+00:00,male,masters,Biology,Statistics,experiment,2,11,2026-02-24T10:30:45+00:00,green,24,black,"[""white"", ""white"", ""white"", ""black"", ""black"", ""white"", ""white"", ""white"", ""black"", ""white"", ""black""]",11,50,8,3741,,,,,
SONA_0005,38,24,55,3,45,6,2026-02-24T10:14:44+00:00,2026-02-24T10:49:44+00:00,male,masters,Biology,Statistics,experiment,2,12,2026-02-24T10:30:44+00:00,green,24,white,"[""white"", ""white"", ""white"", ""black"", ""black"", ""white"", ""white"", ""white"", ""black"", ""white"", ""black"", ""white""]",12,50,7,4048,,,,,
SONA_0005,38,24,55,3,45,6,2026-02-24T10:14:44+00:00,2026-02-24T10:49:44+00:00,male,masters,Biology,Statistics,experiment,2,13,2026-02-24T10:30:28+00:00,green,24,white,"[""white"", ""white"", ""white"", ""black"", ""black"", ""white"", ""white"", ""white"", ""black"", ""white"", ""black"", ""white"", ""white""]",13,45,7,3598,,,,,
SONA_0005,38,24,55,3,45,6,2026-02-24T10:14:44+00:00,2026-02-24T10:49:44+00:00,male,masters,Biology,Statistics,experiment,2,14,2026-02-24T10:32:42+00:00,green,24,white,"[""white"", ""white"", ""white"", ""black"", ""black"", ""white"", ""white"", ""white"", ""black"", ""white"", ""black"", ""white"", ""white"", ""white""]",14,50,6,4018,,,,,
SONA_0005,38,24,55,3,45,6,2026-02-24T10:14:44+00:00,2026-02-24T10:49:44+00:00,male,masters,Biology,Statistics,experiment,2,15,2026-02-24T10:31:59+00:00,green,24,white,"[""white"", ""white"", ""white"", ""black"", ""black"", ""white"", ""white"", ""white"", ""black"", ""white"", ""black"", ""white"", ""white"", ""white"", ""white""]",15,45,7,4624,,,,,
SONA_0005,38,24,55,3,45,6,2026-02-24T10:14:44+00:00,2026-02-24T10:49:44+00:00,male,masters,Biology,Statistics,experiment,2,16,2026-02-24T10:32:28+00:00,green,24,black,"[""white"", ""white"", ""white"", ""black"", ""black"", ""white"", ""white"", ""white"", ""black"", ""white"", ""black"", ""white"", ""white"", ""white"", ""white"", ""black""]",16,45,7,3965,,,,,
SONA_0005,38,24,55,3,45,6,2026-02-24T10:14:44+00:00,2026-02-24T10:49:44+00:00,male,masters,Biology,Statistics,experiment,2,17,2026-02-24T10:31:17+00:00,green,24,white,"[""white"", ""white"", ""white"", ""black"", ""black"", ""white"", ""white"", ""white"", ""black"", ""white"", ""black"", ""white"", ""white"", ""white"", ""white"", ""black"", ""white""]",17,45,8,4010,,,,,
SONA_0005,38,24,55,3,45,6,2026-02-24T10:14:44+00:00,2026-02-24T10:49:44+00:00,male,masters,Biology,Statistics,experiment,2,18,2026-02-24T10:33:32+00:00,green,24,black,"[""white"", ""white"", ""white"", ""black"", ""black"", ""white"", ""white"", ""white"", ""black"", ""white"", ""black"", ""white"", ""white"", ""white"", ""white"", ""black"", ""white"", ""black""]",18,60,7,3524,,,,,
SONA_0005,38,24,55,3,45,6,2026-02-24T10:14:44+00:00,2026-02-24T10:49:44+00:00,male,masters,Biology,Statistics,experiment,2,19,2026-02-24T10:32:13+00:00,green,24,white,"[""white"", ""white"", ""white"", ""black"", ""black"", ""white"", ""white"", ""white"", ""black"", ""white"", ""black"", ""white"", ""white"", ""white"", ""white"", ""black"", ""white"", ""black"", ""white""]",19,45,8,3574,,,,,
SONA_0005,38,24,55,3,45,6,2026-02-24T10:14:44+00:00,2026-02-24T10:49:44+00:00,male,masters,Biology,Statistics,experiment,2,20,2026-02-24T10:34:04+00:00,green,24,white,"[""white"", ""white"", ""white"", ""black"", ""black"", ""white"", ""white"", ""white"", ""black"", ""white"", ""black"", ""white"", ""white"", ""white"", ""white"", ""black"", ""white"", ""black"", ""white"", ""white""]",20,45,7,3423,,,,,
SONA_0005,38,24,55,3,45,6,2026-02-24T10:14:44+00:00,2026-02-24T10:49:44+00:00,male,masters,Biology,Statistics,experiment,2,21,2026-02-24T10:32:56+00:00,green,24,black,"[""white"", ""white"", ""white"", ""black"", ""black"", ""white"", ""white"", ""white"", ""black"", ""white"", ""black"", ""white"", ""white"", ""white"", ""white"", ""black"", ""white"", ""black"", ""white"", ""white"", ""black""]",21,55,10,3183,,,,,
SONA_0005,38,24,55,3,45,6,2026-02-24T10:14:44+00:00,2026-02-24T10:49:44+00:00,male,masters,Biology,Statistics,experiment,2,22,2026-02-24T10:34:14+00:00,green,24,black,"[""white"", ""white"", ""white"", ""black"", ""black"", ""white"", ""white"", ""white"", ""black"", ""white"", ""black"", ""white"", ""white"", ""white"", ""white"", ""black"", ""white"", ""black"", ""white"", ""white"", ""black"", ""black""]",22,35,7,3507,,,,,
SONA_0005,38,24,55,3,45,6,2026-02-24T10:14:44+00:00,2026-02-24T10:49:44+00:00,male,masters,Biology,Statistics,experiment,2,23,2026-02-24T10:34:06+00:00,green,24,white,"[""white"", ""white"", ""white"", ""black"", ""black"", ""white"", ""white"", ""white"", ""black"", ""white"", ""black"", ""white"", ""white"", ""white"", ""white"", ""black"", ""white"", ""black"", ""white"", ""white"", ""black"", ""black"", ""white""]",23,35,8,3852,,,,,
SONA_0005,38,24,55,3,45,6,2026-02-24T10:14:44+00:00,2026-02-24T10:49:44+00:00,male,masters,Biology,Statistics,experiment,2,24,2026-02-24T10:33:32+00:00,green,24,black,"[""white"", ""white"", ""white"", ""black"", ""black"", ""white"", ""white"", ""white"", ""black"", ""white"", ""black"", ""white"", ""white"", ""white"", ""white"", ""black"", ""white"", ""black"", ""white"", ""white"", ""black"", ""black"", ""white"", ""black""]",24,25,8,3832,,,,,
SONA_0005,38,24,55,3,45,6,2026-02-24T10:14:44+00:00,2026-02-24T10:49:44+00:00,male,masters,Biology,Statistics,experiment,2,25,2026-02-24T10:33:44+00:00,green,24,black,"[""white"", ""white"", ""white"", ""black"", ""black"", ""white"", ""white"", ""white"", ""black"", ""white"", ""black"", ""white"", ""white"", ""white"", ""white"", ""black"", ""white"", ""black"", ""white"", ""white"", ""black"", ""black"", ""white"", ""black"", ""black""]",25,25,9,3295,,,,,
SONA_0005,38,24,55,3,45,6,2026-02-24T10:14:44+00:00,2026-02-24T10:49:44+00:00,male,masters,Biology,Statistics,experiment,2,26,2026-02-24T10:35:14+00:00,green,24,white,"[""white"", ""white"", ""white"", ""black"", ""black"", ""white"", ""white"", ""white"", ""black"", ""white"", ""black"", ""white"", ""white"", ""white"", ""white"", ""black"", ""white"", ""black"", ""white"", ""white"", ""black"", ""black"", ""white"", ""black"", ""black"", ""white""]",26,40,8,3315,,,,,
SONA_0005,38,24,55,3,45,6,2026-02-24T10:14:44+00:00,2026-02-24T10:49:44+00:00,male,masters,Biology,Statistics,experiment,2,27,2026-02-24T10:35:29+00:00,green,24,white,"[""white"", ""white"", ""white"", ""black"", ""black"", ""white"", ""white"", ""white"", ""black"", ""white"", ""black"", ""white"", ""white"", ""white"", ""white"", ""black"", ""white"", ""black"", ""white"", ""white"", ""black"", ""black"", ""white"", ""black"", ""black"", ""white"", ""white""]",27,35,9,3055,,,,,
SONA_0005,38,24,55,3,45,6,2026-02-24T10:14:44+00:00,2026-02-24T10:49:44+00:00,male,masters,Biology,Statistics,experiment,2,28,2026-02-24T10:35:16+00:00,green,24,black,"[""white"", ""white"", ""white"", ""black"", ""black"", ""white"", ""white"", ""white"", ""black"", ""white"", ""black"", ""white"", ""white"", ""white"", ""white"", ""black"", ""white"", ""black"", ""white"", ""white"", ""black"", ""black"", ""white"", ""black"", ""black"", ""white"", ""white"", ""black""]",28,25,9,2970,,,,,
SONA_0005,38,24,55,3,45,6,2026-02-24T10:14:44+00:00,2026-02-24T10:49:44+00:00,male,masters,Biology,Statistics,experiment,2,29,2026-02-24T10:33:05+00:00,green,24,white,"[""white"", ""white"", ""white"", ""black"", ""black"", ""white"", ""white"", ""white"", ""black"", ""white"", ""black"", ""white"", ""white"", ""white"", ""white"", ""black"", ""white"", ""black"", ""white"", ""white"", ""black"", ""black"", ""white"", ""black"", ""black"", ""white"", ""white"", ""black"", ""white""]",29,35,9,3630,,,,,
SONA_0005,38,24,55,3,45,6,2026-02-24T10:14:44+00:00,2026-02-24T10:49:44+00:00,male,masters,Biology,Statistics,experiment,2,30,2026-02-24T10:36:14+00:00,green,24,white,"[""white"", ""white"", ""white"", ""black"", ""black"", ""white"", ""white"", ""white"", ""black"", ""white"", ""black"", ""white"", ""white"", ""white"", ""white"", ""black"", ""white"", ""black"", ""white"", ""white"", ""black"", ""black"", ""white"", ""black"", ""black"", ""white"", ""white"", ""black"", ""white"", ""white""]",30,35,10,3679,,,,,
SONA_0005,38,24,55,3,45,6,2026-02-24T10:14:44+00:00,2026-02-24T10:49:44+00:00,male,masters,Biology,Statistics,experiment,2,31,2026-02-24T10:34:56+00:00,green,24,black,"[""white"", ""white"", ""white"", ""black"", ""black"", ""white"", ""white"", ""white"", ""black"", ""white"", ""black"", ""white"", ""white"", ""white"", ""white"", ""black"", ""white"", ""black"", ""white"", ""white"", ""black"", ""black"", ""white"", ""black"", ""black"", ""white"", ""white"", ""black"", ""white"", ""white"", ""black""]",31,30,7,2851,,,,,
SONA_0005,38,24,55,3,45,6,2026-02-24T10:14:44+00:00,2026-02-24T10:49:44+00:00,male,masters,Biology,Statistics,experiment,2,32,2026-02-24T10:34:04+00:00,green,24,white,"[""white"", ""white"", ""white"", ""black"", ""black"", ""white"", ""white"", ""white"", ""black"", ""white"", ""black"", ""white"", ""white"", ""white"", ""white"", ""black"", ""white"", ""black"", ""white"", ""white"", ""black"", ""black"", ""white"", ""black"", ""black"", ""white"", ""white"", ""black"", ""white"", ""white"", ""black"", ""white""]",32,30,8,2980,,,,,
SONA_0005,38,24,55,3,45,6,2026-02-24T10:14:44+00:00,2026-02-24T10:49:44+00:00,male,masters,Biology,Statistics,experiment,2,33,2026-02-24T10:36:26+00:00,green,24,white,"[""white"", ""white"", ""white"", ""black"", ""black"", ""white"", ""white"", ""white"", ""black"", ""white"", ""black"", ""white"", ""white"", ""white"", ""white"", ""black"", ""white"", ""black"", ""white"", ""white"", ""black"", ""black"", ""white"", ""black"", ""black"", ""white"", ""white"", ""black"", ""white"", ""white"", ""black"", ""white"", ""white""]",33,20,10,2565,,,,,
SONA_0005,38,24,55,3,45,6,2026-02-24T10:14:44+00:00,2026-02-24T10:49:44+00:00,male,masters,Biology,Statistics,experiment,3,1,2026-02-24T10:38:58+00:00,red,38,white,"[""white""]",1,65,8,4327,,,,,
SONA_0005,38,24,55,3,45,6,2026-02-24T10:14:44+00:00,2026-02-24T10:49:44+00:00,male,masters,Biology,Statistics,experiment,3,2,2026-02-24T10:39:04+00:00,red,38,black,"[""white"", ""black""]",2,45,7,3747,,,,,
SONA_0005,38,24,55,3,45,6,2026-02-24T10:14:44+00:00,2026-02-24T10:49:44+00:00,male,masters,Biology,Statistics,experiment,3,3,2026-02-24T10:39:20+00:00,red,38,white,"[""white"", ""black"", ""white""]",3,60,10,4334,,,,,
SONA_0005,38,24,55,3,45,6,2026-02-24T10:14:44+00:00,2026-02-24T10:49:44+00:00,male,masters,Biology,Statistics,experiment,3,4,2026-02-24T10:39:32+00:00,red,38,black,"[""white"", ""black"", ""white"", ""black""]",4,50,9,3793,,,,,
SONA_0005,38,24,55,3,45,6,2026-02-24T10:14:44+00:00,2026-02-24T10:49:44+00:00,male,masters,Biology,Statistics,experiment,3,5,2026-02-24T10:40:09+00:00,red,38,black,"[""white"", ""black"", ""white"", ""black"", ""black""]",5,45,9,4527,,,,,
SONA_0005,38,24,55,3,45,6,2026-02-24T10:14:44+00:00,2026-02-24T10:49:44+00:00,male,masters,Biology,Statistics,experiment,3,6,2026-02-24T10:39:56+00:00,red,38,white,"[""white"", ""black"", ""white"", ""black"", ""black"", ""white""]",6,60,7,4524,,,,,
SONA_0005,38,24,55,3,45,6,2026-02-24T10:14:44+00:00,2026-02-24T10:49:44+00:00,male,masters,Biology,Statistics,experiment,3,7,2026-02-24T10:39:47+00:00,red,38,black,"[""white"", ""black"", ""white"", ""black"", ""black"", ""white"", ""black""]",7,30,8,3413,,,,,
SONA_0005,38,24,55,3,45,6,2026-02-24T10:14:44+00:00,2026-02-24T10:49:44+00:00,male,masters,Biology,Statistics,experiment,3,8,2026-02-24T10:41:00+00:00,red,38,white,"[""white"", ""black"", ""white"", ""black"", ""black"", ""white"", ""black"", ""white""]",8,55,7,3870,,,,,
SONA_0005,38,24,55,3,45,6,2026-02-24T10:14:44+00:00,2026-02-24T10:49:44+00:00,male,masters,Biology,Statistics,experiment,3,9,2026-02-24T10:41:17+00:00,red,38,white,"[""white"", ""black"", ""white"", ""black"", ""black"", ""white"", ""black"", ""white"", ""white""]",9,45,9,3724,,,,,
SONA_0005,38,24,55,3,45,6,2026-02-24T10:14:44+00:00,2026-02-24T10:49:44+00:00,male,masters,Biology,Statistics,experiment,3,10,2026-02-24T10:41:04+00:00,red,38,white,"[""white"", ""black"", ""white"", ""black"", ""black"", ""white"", ""black"", ""white"", ""white"", ""white""]",10,60,8,3125,,,,,
SONA_0005,38,24,55,3,45,6,2026-02-24T10:14:44+00:00,2026-02-24T10:49:44+00:00,male,masters,Biology,Statistics,experiment,3,11,2026-02-24T10:40:23+00:00,red,38,black,"[""white"", ""black"", ""white"", ""black"", ""black"", ""white"", ""black"", ""white"", ""white"", ""white"", ""black""]",11,35,9,3289,,,,,
SONA_0005,38,24,55,3,45,6,2026-02-24T10:14:44+00:00,2026-02-24T10:49:44+00:00,male,masters,Biology,Statistics,experiment,3,12,2026-02-24T10:41:56+00:00,red,38,white,"[""white"", ""black"", ""white"", ""black"", ""black"", ""white"", ""black"", ""white"", ""white"", ""white"", ""black"", ""white""]",12,50,7,3794,,,,,
SONA_0005,38,24,55,3,45,6,2026-02-24T10:14:44+00:00,2026-02-24T10:49:44+00:00,male,masters,Biology,Statistics,experiment,3,13,2026-02-24T10:40:54+00:00,red,38,black,"[""white"", ""black"", ""white"", ""black"", ""black"", ""white"", ""black"", ""white"", ""white"", ""white"", ""black"", ""white"", ""black""]",13,50,7,3089,,,,,
SONA_0005,38,24,55,3,45,6,2026-02-24T10:14:44+00:00,2026-02-24T10:49:44+00:00,male,masters,Biology,Statistics,experiment,3,14,2026-02-24T10:42:00+00:00,red,38,black,"[""white"", ""black"", ""white"", ""black"", ""black"", ""white"", ""black"", ""white"", ""white"", ""white"", ""black"", ""white"", ""black"", ""black""]",14,55,6,3790,,,,,
SONA_0005,38,24,55,3,45,6,2026-02-24T10:14:44+00:00,2026-02-24T10:49:44+00:00,male,masters,Biology,Statistics,experiment,3,15,2026-02-24T10:41:14+00:00,red,38,black,"[""white"", ""black"", ""white"", ""black"", ""black"", ""white"", ""black"", ""white"", ""white"", ""white"", ""black"", ""white"", ""black"", ""black"", ""black""]",15,40,8,4012,,,,,
SONA_0005,38,24,55,3,45,6,2026-02-24T10:14:44+00:00,2026-02-24T10:49:44+00:00,male,masters,Biology,Statistics,experiment,3,16,2026-02-24T10:43:32+00:00,red,38,black,"[""white"", ""black"", ""white"", ""black"", ""black"", ""white"", ""black"", ""white"", ""white"", ""white"", ""black"", ""white"", ""black"", ""black"", ""black"", ""black""]",16,30,8,3151,,,,,
SONA_0005,38,24,55,3,45,6,2026-02-24T10:14:44+00:00,2026-02-24T10:49:44+00:00,male,masters,Biology,Statistics,experiment,3,17,2026-02-24T10:41:51+00:00,red,38,white,"[""white"", ""black"", ""white"", ""black"", ""black"", ""white"", ""black"", ""white"", ""white"", ""white"", ""black"", ""white"", ""black"", ""black"", ""black"", ""black"", ""white""]",17,50,9,2895,,,,,
SONA_0005,38,24,55,3,45,6,2026-02-24T10:14:44+00:00,2026-02-24T10:49:44+00:00,male,masters,Biology,Statistics,experiment,3,18,2026-02-24T10:41:26+00:00,red,38,black,"[""white"", ""black"", ""white"", ""black"", ""black"", ""white"", ""black"", ""white"", ""white"", ""white"", ""black"", ""white"", ""black"", ""black"", ""black"", ""black"", ""white"", ""black""]",18,50,7,4106,,,,,
SONA_0005,38,24,55,3,45,6,2026-02-24T10:14:44+00:00,2026-02-24T10:49:44+00:00,male,masters,Biology,Statistics,experiment,3,19,2026-02-24T10:43:29+00:00,red,38,white,"[""white"", ""black"", ""white"", ""black"", ""black"", ""white"", ""black"", ""white"", ""white"", ""white"", ""black"", ""white"", ""black"", ""black"", ""black"", ""black"", ""white"", ""black"", ""white""]",19,45,8,3780,,,,,
SONA_0005,38,24,55,3,45,6,2026-02-24T10:14:44+00:00,2026-02-24T10:49:44+00:00,male,masters,Biology,Statistics,experiment,3,20,2026-02-24T10:42:44+00:00,red,38,white,"[""white"", ""black"", ""white"", ""black"", ""black"", ""white"", ""black"", ""white"", ""white"", ""white"", ""black"", ""white"", ""black"", ""black"", ""black"", ""black"", ""white"", ""black"", ""white"", ""white""]",20,45,7,3725,,,,,
SONA_0005,38,24,55,3,45,6,2026-02-24T10:14:44+00:00,2026-02-24T10:49:44+00:00,male,masters,Biology,Statistics,experiment,3,21,2026-02-24T10:44:41+00:00,red,38,black,"[""white"", ""black"", ""white"", ""black"", ""black"", ""white"", ""black"", ""white"", ""white"", ""white"", ""black"", ""white"", ""black"", ""black"", ""black"", ""black"", ""white"", ""black"", ""white"", ""white"", ""black""]",21,30,7,3512,,,,,
SONA_0005,38,24,55,3,45,6,2026-02-24T10:14:44+00:00,2026-02-24T10:49:44+00:00,male,masters,Biology,Statistics,experiment,3,22,2026-02-24T10:44:58+00:00,red,38,white,"[""white"", ""black"", ""white"", ""black"", ""black"", ""white"", ""black"", ""white"", ""white"", ""white"", ""black"", ""white"", ""black"", ""black"", ""black"", ""black"", ""white"", ""black"", ""white"", ""white"", ""black"", ""white""]",22,35,10,3953,,,,,
SONA_0005,38,24,55,3,45,6,2026-02-24T10:14:44+00:00,2026-02-24T10:49:44+00:00,male,masters,Biology,Statistics,experiment,3,23,2026-02-24T10:42:57+00:00,red,38,white,"[""white"", ""black"", ""white"", ""black"", ""black"", ""white"", ""black"", ""white"", ""white"", ""white"", ""black"", ""white"", ""black"", ""black"", ""black"", ""black"", ""white"", ""black"", ""white"", ""white"", ""black"", ""white"", ""white""]",23,40,9,4108,,,,,
SONA_0005,38,24,55,3,45,6,2026-02-24T10:14:44+00:00,2026-02-24T10:49:44+00:00,male,masters,Biology,Statistics,experiment,3,24,2026-02-24T10:42:20+00:00,red,38,black,"[""white"", ""black"", ""white"", ""black"", ""black"", ""white"", ""black"", ""white"", ""white"", ""white"", ""black"", ""white"", ""black"", ""black"", ""black"", ""black"", ""white"", ""black"", ""white"", ""white"", ""black"", ""white"", ""white"", ""black""]",24,45,8,3681,,,,,
SONA_0005,38,24,55,3,45,6,2026-02-24T10:14:44+00:00,2026-02-24T10:49:44+00:00,male,masters,Biology,Statistics,experiment,3,25,2026-02-24T10:42:29+00:00,red,38,white,"[""white"", ""black"", ""white"", ""black"", ""black"", ""white"", ""black"", ""white"", ""white"", ""white"", ""black"", ""white"", ""black"", ""black"", ""black"", ""black"", ""white"", ""black"", ""white"", ""white"", ""black"", ""white"", ""white"", ""black"", ""white""]",25,35,9,3158,,,,,
SONA_0005,38,24,55,3,45,6,2026-02-24T10:14:44+00:00,2026-02-24T10:49:44+00:00,male,masters,Biology,Statistics,experiment,3,26,2026-02-24T10:43:56+00:00,red,38,white,"[""white"", ""black"", ""white"", ""black"", ""black"", ""white"", ""black"", ""white"", ""white"", ""white"", ""black"", ""white"", ""black"", ""black"", ""black"", ""black"", ""white"", ""black"", ""white"", ""white"", ""black"", ""white"", ""white"", ""black"", ""white"", ""white""]",26,45,9,3822,,,,,
SONA_0005,38,24,55,3,45,6,2026-02-24T10:14:44+00:00,2026-02-24T10:49:44+00:00,male,masters,Biology,Statistics,experiment,3,27,2026-02-24T10:42:47+00:00,red,38,black,"[""white"", ""black"", ""white"", ""black"", ""black"", ""white"", ""black"", ""white"", ""white"", ""white"", ""black"", ""white"", ""black"", ""black"", ""black"", ""black"", ""white"", ""black"", ""white"", ""white"", ""black"", ""white"", ""white"", ""black"", ""white"", ""white"", ""black""]",27,35,7,4220,,,,,
SONA_0005,38,24,55,3,45,6,2026-02-24T10:14:44+00:00,2026-02-24T10:49:44+00:00,male,masters,Biology,Statistics,experiment,3,28,2026-02-24T10:43:52+00:00,red,38,white,"[""white"", ""black"", ""white"", ""black"", ""black"", ""white"", ""black"", ""white"", ""white"", ""white"", ""black"", ""white"", ""black"", ""black"", ""black"", ""black"", ""white"", ""black"", ""white"", ""white"", ""black"", ""white"", ""white"", ""black"", ""white"", ""white"", ""black"", ""white""]",28,30,9,3892,,,,,
SONA_0005,38,24,55,3,45,6,2026-02-24T10:14:44+00:00,2026-02-24T10:49:44+00:00,male,masters,Biology,Statistics,experiment,3,29,2026-02-24T10:43:34+00:00,red,38,black,"[""white"", ""black"", ""white"", ""black"", ""black"", ""white"", ""black"", ""white"", ""white"", ""white"", ""black"", ""white"", ""black"", ""black"", ""black"", ""black"", ""white"", ""black"", ""white"", ""white"", ""black"", ""white"", ""white"", ""black"", ""white"", ""white"", ""black"", ""white"", ""black""]",29,40,9,3622,,,,,
SONA_0005,38,24,55,3,45,6,2026-02-24T10:14:44+00:00,2026-02-24T10:49:44+00:00,male,masters,Biology,Statistics,experiment,3,30,2026-02-24T10:47:44+00:00,red,38,white,"[""white"", ""black"", ""white"", ""black"", ""black"", ""white"", ""black"", ""white"", ""white"", ""white"", ""black"", ""white"", ""black"", ""black"", ""black"", ""black"", ""white"", ""black"", ""white"", ""white"", ""black"", ""white"", ""white"", ""black"", ""white"", ""white"", ""black"", ""white"", ""black"", ""white""]",30,50,9,3318,,,,,
SONA_0005,38,24,55,3,45,6,2026-02-24T10:14:44+00:00,2026-02-24T10:49:44+00:00,male,masters,Biology,Statistics,experiment,3,31,2026-02-24T10:42:52+00:00,red,38,white,"[""white"", ""black"", ""white"", ""black"", ""black"", ""white"", ""black"", ""white"", ""white"", ""white"", ""black"", ""white"", ""black"", ""black"", ""black"", ""black"", ""white"", ""black"", ""white"", ""white"", ""black"", ""white"", ""white"", ""black"", ""white"", ""white"", ""black"", ""white"", ""black"", ""white"", ""white""]",31,45,8,3534,,,,,
SONA_0005,38,24,55,3,45,6,2026-02-24T10:14:44+00:00,2026-02-24T10:49:44+00:00,male,masters,Biology,Statistics,experiment,3,32,2026-02-24T10:44:04+00:00,red,38,black,"[""white"", ""black"", ""white"", ""black"", ""black"", ""white"", ""black"", ""white"", ""white"", ""white"", ""black"", ""white"", ""black"", ""black"", ""black"", ""black"", ""white"", ""black"", ""white"", ""white"", ""black"", ""white"", ""white"", ""black"", ""white"", ""white"", ""black"", ""white"", ""black"", ""white"", ""white"", ""black""]",32,40,9,3123,,,,,
SONA_0005,38,24,55,3,45,6,2026-02-24T10:14:44+00:00,2026-02-24T10:49:44+00:00,male,masters,Biology,Statistics,experiment,3,33,2026-02-24T10:45:20+00:00,red,38,black,"[""white"", ""black"", ""white"", ""black"", ""black"", ""white"", ""black"", ""white"", ""white"", ""white"", ""black"", ""white"", ""black"", ""black"", ""black"", ""black"", ""white"", ""black"", ""white"", ""white"", ""black"", ""white"", ""white"", ""black"", ""white"", ""white"", ""black"", ""white"", ""black"", ""white"", ""white"", ""black"", ""black""]",33,25,8,2827,,,,,
SONA_0006,25,79,65,4,35,3,2026-02-24T15:43:40+00:00,2026-02-24T16:21:40+00:00,male,sophomore,Sociology,Psychology,experiment,1,1,2026-02-24T15:47:53+00:00,red,25,white,"[""white""]",1,70,5,5770,,,,,
SONA_0006,25,79,65,4,35,3,2026-02-24T15:43:40+00:00,2026-02-24T16:21:40+00:00,male,sophomore,Sociology,Psychology,experiment,1,2,2026-02-24T15:48:06+00:00,red,25,black,"[""white"", ""black""]",2,55,7,5793,,,,,
SONA_0006,25,79,65,4,35,3,2026-02-24T15:43:40+00:00,2026-02-24T16:21:40+00:00,male,sophomore,Sociology,Psychology,experiment,1,3,2026-02-24T15:48:22+00:00,red,25,white,"[""white"", ""black"", ""white""]",3,75,7,5101,,,,,
SONA_0006,25,79,65,4,35,3,2026-02-24T15:43:40+00:00,2026-02-24T16:21:40+00:00,male,sophomore,Sociology,Psychology,experiment,1,4,2026-02-24T15:48:28+00:00,red,25,white,"[""white"", ""black"", ""white"", ""white""]",4,75,5,5835,,,,,
SONA_0006,25,79,65,4,35,3,2026-02-24T15:43:40+00:00,2026-02-24T16:21:40+00:00,male,sophomore,Sociology,Psychology,experiment,1,5,2026-02-24T15:48:25+00:00,red,25,white,"[""white"", ""black"", ""white"", ""white"", ""white""]",5,95,8,5556,,,,,
SONA_0006,25,79,65,4,35,3,2026-02-24T15:43:40+00:00,2026-02-24T16:21:40+00:00,male,sophomore,Sociology,Psychology,experiment,1,6,2026-02-24T15:49:04+00:00,red,25,white,"[""white"", ""black"", ""white"", ""white"", ""white"", ""white""]",6,90,9,4959,,,,,
SONA_0006,25,79,65,4,35,3,2026-02-24T15:43:40+00:00,2026-02-24T16:21:40+00:00,male,sophomore,Sociology,Psychology,experiment,1,7,2026-02-24T15:49:39+00:00,red,25,white,"[""white"", ""black"", ""white"", ""white"", ""white"", ""white"", ""white""]",7,90,9,5395,,,,,
SONA_0006,25,79,65,4,35,3,2026-02-24T15:43:40+00:00,2026-02-24T16:21:40+00:00,male,sophomore,Sociology,Psychology,experiment,1,8,2026-02-24T15:49:32+00:00,red,25,black,"[""white"", ""black"", ""white"", ""white"", ""white"", ""white"", ""white"", ""black""]",8,80,6,4857,,,,,
SONA_0006,25,79,65,4,35,3,2026-02-24T15:43:40+00:00,2026-02-24T16:21:40+00:00,male,sophomore,Sociology,Psychology,experiment,1,9,2026-02-24T15:49:28+00:00,red,25,white,"[""white"", ""black"", ""white"", ""white"", ""white"", ""white"", ""white"", ""black"", ""white""]",9,90,9,4926,,,,,
SONA_0006,25,79,65,4,35,3,2026-02-24T15:43:40+00:00,2026-02-24T16:21:40+00:00,male,sophomore,Sociology,Psychology,experiment,1,10,2026-02-24T15:49:40+00:00,red,25,white,"[""white"", ""black"", ""white"", ""white"", ""white"", ""white"", ""white"", ""black"", ""white"", ""white""]",10,100,10,4080,,,,,
SONA_0006,25,79,65,4,35,3,2026-02-24T15:43:40+00:00,2026-02-24T16:21:40+00:00,male,sophomore,Sociology,Psychology,experiment,1,11,2026-02-24T15:49:08+00:00,red,25,black,"[""white"", ""black"", ""white"", ""white"", ""white"", ""white"", ""white"", ""black"", ""white"", ""white"", ""black""]",11,90,7,4756,,,,,
SONA_0006,25,79,65,4,35,3,2026-02-24T15:43:40+00:00,2026-02-24T16:21:40+00:00,male,sophomore,Sociology,Psychology,experiment,1,12,2026-02-24T15:50:40+00:00,red,25,white,"[""white"", ""black"", ""white"", ""white"", ""white"", ""white"", ""white"", ""black"", ""white"", ""white"", ""black"", ""white""]",12,100,10,4149,,,,,
SONA_0006,25,79,65,4,35,3,2026-02-24T15:43:40+00:00,2026-02-24T16:21:40+00:00,male,sophomore,Sociology,Psychology,experiment,1,13,2026-02-24T15:49:37+00:00,red,25,white,"[""white"", ""black"", ""white"", ""white"", ""white"", ""white"", ""white"", ""black"", ""white"", ""white"", ""black"", ""white"", ""white""]",13,100,8,4346,,,,,
SONA_0006,25,79,65,4,35,3,2026-02-24T15:43:40+00:00,2026-02-24T16:21:40+00:00,male,sophomore,Sociology,Psychology,experiment,1,14,2026-02-24T15:50:56+00:00,red,25,black,"[""white"", ""black"", ""white"", ""white"", ""white"", ""white"", ""white"", ""black"", ""white"", ""white"", ""black"", ""white"", ""white"", ""black""]",14,90,7,4766,,,,,
SONA_0006,25,79,65,4,35,3,2026-02-24T15:43:40+00:00,2026-02-24T16:21:40+00:00,male,sophomore,Sociology,Psychology,experiment,1,15,2026-02-24T15:51:10+00:00,red,25,black,"[""white"", ""black"", ""white"", ""white"", ""white"", ""white"", ""white"", ""black"", ""white"", ""white"", ""black"", ""white"", ""white"", ""black"", ""black""]",15,85,9,5006,,,,,
SONA_0006,25,79,65,4,35,3,2026-02-24T15:43:40+00:00,2026-02-24T16:21:40+00:00,male,sophomore,Sociology,Psychology,experiment,1,16,2026-02-24T15:51:08+00:00,red,25,black,"[""white"", ""black"", ""white"", ""white"", ""white"", ""white"", ""white"", ""black"", ""white"", ""white"", ""black"", ""white"", ""white"", ""black"", ""black"", ""black""]",16,75,7,5161,,,,,
SONA_0006,25,79,65,4,35,3,2026-02-24T15:43:40+00:00,2026-02-24T16:21:40+00:00,male,sophomore,Sociology,Psychology,experiment,1,17,2026-02-24T15:51:21+00:00,red,25,white,"[""white"", ""black"", ""white"", ""white"", ""white"", ""white"", ""white"", ""black"", ""white"", ""white"", ""black"", ""white"", ""white"", ""black"", ""black"", ""black"", ""white""]",17,85,10,5150,,,,,
SONA_0006,25,79,65,4,35,3,2026-02-24T15:43:40+00:00,2026-02-24T16:21:40+00:00,male,sophomore,Sociology,Psychology,experiment,1,18,2026-02-24T15:50:40+00:00,red,25,white,"[""white"", ""black"", ""white"", ""white"", ""white"", ""white"", ""white"", ""black"", ""white"", ""white"", ""black"", ""white"", ""white"", ""black"", ""black"", ""black"", ""white"", ""white""]",18,80,6,4488,,,,,
SONA_0006,25,79,65,4,35,3,2026-02-24T15:43:40+00:00,2026-02-24T16:21:40+00:00,male,sophomore,Sociology,Psychology,experiment,1,19,2026-02-24T15:50:31+00:00,red,25,white,"[""white"", ""black"", ""white"", ""white"", ""white"", ""white"", ""white"", ""black"", ""white"", ""white"", ""black"", ""white"", ""white"", ""black"", ""black"", ""black"", ""white"", ""white"", ""white""]",19,95,8,4916,,,,,
SONA_0006,25,79,65,4,35,3,2026-02-24T15:43:40+00:00,2026-02-24T16:21:40+00:00,male,sophomore,Sociology,Psychology,experiment,1,20,2026-02-24T15:53:20+00:00,red,25,white,"[""white"", ""black"", ""white"", ""white"", ""white"", ""white"", ""white"", ""black"", ""white"", ""white"", ""black"", ""white"", ""white"", ""black"", ""black"", ""black"", ""white"", ""white"", ""white"", ""white""]",20,95,9,4616,,,,,
SONA_0006,25,79,65,4,35,3,2026-02-24T15:43:40+00:00,2026-02-24T16:21:40+00:00,male,sophomore,Sociology,Psychology,experiment,1,21,2026-02-24T15:50:49+00:00,red,25,white,"[""white"", ""black"", ""white"", ""white"", ""white"", ""white"", ""white"", ""black"", ""white"", ""white"", ""black"", ""white"", ""white"", ""black"", ""black"", ""black"", ""white"", ""white"", ""white"", ""white"", ""white""]",21,95,8,3927,,,,,
SONA_0006,25,79,65,4,35,3,2026-02-24T15:43:40+00:00,2026-02-24T16:21:40+00:00,male,sophomore,Sociology,Psychology,experiment,1,22,2026-02-24T15:53:10+00:00,red,25,white,"[""white"", ""black"", ""white"", ""white"", ""white"", ""white"", ""white"", ""black"", ""white"", ""white"", ""black"", ""white"", ""white"", ""black"", ""black"", ""black"", ""white"", ""white"", ""white"", ""white"", ""white"", ""white""]",22,100,8,4044,,,,,
SONA_0006,25,79,65,4,35,3,2026-02-24T15:43:40+00:00,2026-02-24T16:21:40+00:00,male,sophomore,Sociology,Psychology,experiment,1,23,2026-02-24T15:53:25+00:00,red,25,white,"[""white"", ""black"", ""white"", ""white"", ""white"", ""white"", ""white"", ""black"", ""white"", ""white"", ""black"", ""white"", ""white"", ""black"", ""black"", ""black"", ""white"", ""white"", ""white"", ""white"", ""white"", ""white"", ""white""]",23,95,9,4063,,,,,
SONA_0006,25,79,65,4,35,3,2026-02-24T15:43:40+00:00,2026-02-24T16:21:40+00:00,male,sophomore,Sociology,Psychology,experiment,1,24,2026-02-24T15:54:52+00:00,red,25,black,"[""white"", ""black"", ""white"", ""white"", ""white"", ""white"", ""white"", ""black"", ""white"", ""white"", ""black"", ""white"", ""white"", ""black"", ""black"", ""black"", ""white"", ""white"", ""white"", ""white"", ""white"", ""white"", ""white"", ""black""]",24,100,9,5071,,,,,
SONA_0006,25,79,65,4,35,3,2026-02-24T15:43:40+00:00,2026-02-24T16:21:40+00:00,male,sophomore,Sociology,Psychology,experiment,1,25,2026-02-24T15:54:20+00:00,red,25,white,"[""white"", ""black"", ""white"", ""white"", ""white"", ""white"", ""white"", ""black"", ""white"", ""white"", ""black"", ""white"", ""white"", ""black"", ""black"", ""black"", ""white"", ""white"", ""white"", ""white"", ""white"", ""white"", ""white"", ""black"", ""white""]",25,95,8,4471,,,,,
SONA_0006,25,79,65,4,35,3,2026-02-24T15:43:40+00:00,2026-02-24T16:21:40+00:00,male,sophomore,Sociology,Psychology,experiment,1,26,2026-02-24T15:52:52+00:00,red,25,white,"[""white"", ""black"", ""white"", ""white"", ""white"", ""white"", ""white"", ""black"", ""white"", ""white"", ""black"", ""white"", ""white"", ""black"", ""black"", ""black"", ""white"", ""white"", ""white"", ""white"", ""white"", ""white"", ""white"", ""black"", ""white"", ""white""]",26,100,9,4301,,,,,
SONA_0006,25,79,65,4,35,3,2026-02-24T15:43:40+00:00,2026-02-24T16:21:40+00:00,male,sophomore,Sociology,Psychology,experiment,1,27,2026-02-24T15:54:52+00:00,red,25,white,"[""white"", ""black"", ""white"", ""white"", ""white"", ""white"", ""white"", ""black"", ""white"", ""white"", ""black"", ""white"", ""white"", ""black"", ""black"", ""black"", ""white"", ""white"", ""white"", ""white"", ""white"", ""white"", ""white"", ""black"", ""white"", ""white"", ""white""]",27,100,8,4735,,,,,
SONA_0006,25,79,65,4,35,3,2026-02-24T15:43:40+00:00,2026-02-24T16:21:40+00:00,male,sophomore,Sociology,Psychology,experiment,1,28,2026-02-24T15:55:36+00:00,red,25,black,"[""white"", ""black"", ""white"", ""white"", ""white"", ""white"", ""white"", ""black"", ""white"", ""white"", ""black"", ""white"", ""white"", ""black"", ""black"", ""black"", ""white"", ""white"", ""white"", ""white"", ""white"", ""white"", ""white"", ""black"", ""white"", ""white"", ""white"", ""black""]",28,95,9,4246,,,,,
SONA_0006,25,79,65,4,35,3,2026-02-24T15:43:40+00:00,2026-02-24T16:21:40+00:00,male,sophomore,Sociology,Psychology,experiment,1,29,2026-02-24T15:52:30+00:00,red,25,white,"[""white"", ""black"", ""white"", ""white"", ""white"", ""white"", ""white"", ""black"", ""white"", ""white"", ""black"", ""white"", ""white"", ""black"", ""black"", ""black"", ""white"", ""white"", ""white"", ""white"", ""white"", ""white"", ""white"", ""black"", ""white"", ""white"", ""white"", ""black"", ""white""]",29,100,10,4089,,,,,
SONA_0006,25,79,65,4,35,3,2026-02-24T15:43:40+00:00,2026-02-24T16:21:40+00:00,male,sophomore,Sociology,Psychology,experiment,1,30,2026-02-24T15:51:40+00:00,red,25,white,"[""white"", ""black"", ""white"", ""white"", ""white"", ""white"", ""white"", ""black"", ""white"", ""white"", ""black"", ""white"", ""white"", ""black"", ""black"", ""black"", ""white"", ""white"", ""white"", ""white"", ""white"", ""white"", ""white"", ""black"", ""white"", ""white"", ""white"", ""black"", ""white"", ""white""]",30,100,8,4304,,,,,
SONA_0006,25,79,65,4,35,3,2026-02-24T15:43:40+00:00,2026-02-24T16:21:40+00:00,male,sophomore,Sociology,Psychology,experiment,1,31,2026-02-24T15:55:56+00:00,red,25,black,"[""white"", ""black"", ""white"", ""white"", ""white"", ""white"", ""white"", ""black"", ""white"", ""white"", ""black"", ""white"", ""white"", ""black"", ""black"", ""black"", ""white"", ""white"", ""white"", ""white"", ""white"", ""white"", ""white"", ""black"", ""white"", ""white"", ""white"", ""black"", ""white"", ""white"", ""black""]",31,85,9,5033,,,,,
SONA_0006,25,79,65,4,35,3,2026-02-24T15:43:40+00:00,2026-02-24T16:21:40+00:00,male,sophomore,Sociology,Psychology,experiment,1,32,2026-02-24T15:56:12+00:00,red,25,white,"[""white"", ""black"", ""white"", ""white"", ""white"", ""white"", ""white"", ""black"", ""white"", ""white"", ""black"", ""white"", ""white"", ""black"", ""black"", ""black"", ""white"", ""white"", ""white"", ""white"", ""white"", ""white"", ""white"", ""black"", ""white"", ""white"", ""white"", ""black"", ""white"", ""white"", ""black"", ""white""]",32,95,10,4245,,,,,
SONA_0006,25,79,65,4,35,3,2026-02-24T15:43:40+00:00,2026-02-24T16:21:40+00:00,male,sophomore,Sociology,Psychology,experiment,1,33,2026-02-24T15:52:04+00:00,red,25,white,"[""white"", ""black"", ""white"", ""white"", ""white"", ""white"", ""white"", ""black"", ""white"", ""white"", ""black"", ""white"", ""white"", ""black"", ""black"", ""black"", ""white"", ""white"", ""white"", ""white"", ""white"", ""white"", ""white"", ""black"", ""white"", ""white"", ""white"", ""black"", ""white"", ""white"", ""black"", ""white"", ""white""]",33,95,9,4281,,,,,
SONA_0006,25,79,65,4,35,3,2026-02-24T15:43:40+00:00,2026-02-24T16:21:40+00:00,male,sophomore,Sociology,Psychology,experiment,2,1,2026-02-24T15:55:58+00:00,green,79,white,"[""white""]",1,25,7,5130,,,,,
SONA_0006,25,79,65,4,35,3,2026-02-24T15:43:40+00:00,2026-02-24T16:21:40+00:00,male,sophomore,Sociology,Psychology,experiment,2,2,2026-02-24T15:55:58+00:00,green,79,black,"[""white"", ""black""]",2,40,8,5707,,,,,
SONA_0006,25,79,65,4,35,3,2026-02-24T15:43:40+00:00,2026-02-24T16:21:40+00:00,male,sophomore,Sociology,Psychology,experiment,2,3,2026-02-24T15:56:22+00:00,green,79,black,"[""white"", ""black"", ""black""]",3,50,7,5864,,,,,
SONA_0006,25,79,65,4,35,3,2026-02-24T15:43:40+00:00,2026-02-24T16:21:40+00:00,male,sophomore,Sociology,Psychology,experiment,2,4,2026-02-24T15:56:28+00:00,green,79,white,"[""white"", ""black"", ""black"", ""white""]",4,40,9,5534,,,,,
SONA_0006,25,79,65,4,35,3,2026-02-24T15:43:40+00:00,2026-02-24T16:21:40+00:00,male,sophomore,Sociology,Psychology,experiment,2,5,2026-02-24T15:57:00+00:00,green,79,white,"[""white"", ""black"", ""black"", ""white"", ""white""]",5,25,7,4959,,,,,
SONA_0006,25,79,65,4,35,3,2026-02-24T15:43:40+00:00,2026-02-24T16:21:40+00:00,male,sophomore,Sociology,Psychology,experiment,2,6,2026-02-24T15:56:28+00:00,green,79,black,"[""white"", ""black"", ""black"", ""white"", ""white"", ""black""]",6,45,8,5133,,,,,
SONA_0006,25,79,65,4,35,3,2026-02-24T15:43:40+00:00,2026-02-24T16:21:40+00:00,male,sophomore,Sociology,Psychology,experiment,2,7,2026-02-24T15:57:39+00:00,green,79,black,"[""white"", ""black"", ""black"", ""white"", ""white"", ""black"", ""black""]",7,45,6,5707,,,,,
SONA_0006,25,79,65,4,35,3,2026-02-24T15:43:40+00:00,2026-02-24T16:21:40+00:00,male,sophomore,Sociology,Psychology,experiment,2,8,2026-02-24T15:57:00+00:00,green,79,black,"[""white"", ""black"", ""black"", ""white"", ""white"", ""black"", ""black"", ""black""]",8,55,7,6281,,,,,
SONA_0006,25,79,65,4,35,3,2026-02-24T15:43:40+00:00,2026-02-24T16:21:40+00:00,male,sophomore,Sociology,Psychology,experiment,2,9,2026-02-24T15:56:52+00:00,green,79,black,"[""white"", ""black"", ""black"", ""white"", ""white"", ""black"", ""black"", ""black"", ""black""]",9,50,7,5718,,,,,
SONA_0006,25,79,65,4,35,3,2026-02-24T15:43:40+00:00,2026-02-24T16:21:40+00:00,male,sophomore,Sociology,Psychology,experiment,2,10,2026-02-24T15:58:40+00:00,green,79,black,"[""white"", ""black"", ""black"", ""white"", ""white"", ""black"", ""black"", ""black"", ""black"", ""black""]",10,65,9,5465,,,,,
SONA_0006,25,79,65,4,35,3,2026-02-24T15:43:40+00:00,2026-02-24T16:21:40+00:00,male,sophomore,Sociology,Psychology,experiment,2,11,2026-02-24T15:57:19+00:00,green,79,black,"[""white"", ""black"", ""black"", ""white"", ""white"", ""black"", ""black"", ""black"", ""black"", ""black"", ""black""]",11,60,7,4782,,,,,
SONA_0006,25,79,65,4,35,3,2026-02-24T15:43:40+00:00,2026-02-24T16:21:40+00:00,male,sophomore,Sociology,Psychology,experiment,2,12,2026-02-24T15:59:16+00:00,green,79,black,"[""white"", ""black"", ""black"", ""white"", ""white"", ""black"", ""black"", ""black"", ""black"", ""black"", ""black"", ""black""]",12,70,7,5725,,,,,
SONA_0006,25,79,65,4,35,3,2026-02-24T15:43:40+00:00,2026-02-24T16:21:40+00:00,male,sophomore,Sociology,Psychology,experiment,2,13,2026-02-24T15:58:16+00:00,green,79,black,"[""white"", ""black"", ""black"", ""white"", ""white"", ""black"", ""black"", ""black"", ""black"", ""black"", ""black"", ""black"", ""black""]",13,65,6,4890,,,,,
SONA_0006,25,79,65,4,35,3,2026-02-24T15:43:40+00:00,2026-02-24T16:21:40+00:00,male,sophomore,Sociology,Psychology,experiment,2,14,2026-02-24T15:58:28+00:00,green,79,black,"[""white"", ""black"", ""black"", ""white"", ""white"", ""black"", ""black"", ""black"", ""black"", ""black"", ""black"", ""black"", ""black"", ""black""]",14,70,8,4671,,,,,
SONA_0006,25,79,65,4,35,3,2026-02-24T15:43:40+00:00,2026-02-24T16:21:40+00:00,male,sophomore,Sociology,Psychology,experiment,2,15,2026-02-24T15:58:55+00:00,green,79,black,"[""white"", ""black"", ""black"", ""white"", ""white"", ""black"", ""black"", ""black"", ""black"", ""black"", ""black"", ""black"", ""black"", ""black"", ""black""]",15,65,8,5171,,,,,
SONA_0006,25,79,65,4,35,3,2026-02-24T15:43:40+00:00,2026-02-24T16:21:40+00:00,male,sophomore,Sociology,Psychology,experiment,2,16,2026-02-24T16:00:12+00:00,green,79,white,"[""white"", ""black"", ""black"", ""white"", ""white"", ""black"", ""black"", ""black"", ""black"", ""black"", ""black"", ""black"", ""black"", ""black"", ""black"", ""white""]",16,75,8,5107,,,,,
SONA_0006,25,79,65,4,35,3,2026-02-24T15:43:40+00:00,2026-02-24T16:21:40+00:00,male,sophomore,Sociology,Psychology,experiment,2,17,2026-02-24T15:59:04+00:00,green,79,black,"[""white"", ""black"", ""black"", ""white"", ""white"", ""black"", ""black"", ""black"", ""black"", ""black"", ""black"", ""black"", ""black"", ""black"", ""black"", ""white"", ""black""]",17,70,8,5140,,,,,
SONA_0006,25,79,65,4,35,3,2026-02-24T15:43:40+00:00,2026-02-24T16:21:40+00:00,male,sophomore,Sociology,Psychology,experiment,2,18,2026-02-24T15:58:22+00:00,green,79,black,"[""white"", ""black"", ""black"", ""white"", ""white"", ""black"", ""black"", ""black"", ""black"", ""black"", ""black"", ""black"", ""black"", ""black"", ""black"", ""white"", ""black"", ""black""]",18,65,7,5156,,,,,
SONA_0006,25,79,65,4,35,3,2026-02-24T15:43:40+00:00,2026-02-24T16:21:40+00:00,male,sophomore,Sociology,Psychology,experiment,2,19,2026-02-24T15:58:31+00:00,green,79,black,"[""white"", ""black"", ""black"", ""white"", ""white"", ""black"", ""black"", ""black"", ""black"", ""black"", ""black"", ""black"", ""black"", ""black"", ""black"", ""white"", ""black"", ""black"", ""black""]",19,70,9,5504,,,,,
SONA_0006,25,79,65,4,35,3,2026-02-24T15:43:40+00:00,2026-02-24T16:21:40+00:00,male,sophomore,Sociology,Psychology,experiment,2,20,2026-02-24T16:00:00+00:00,green,79,black,"[""white"", ""black"", ""black"", ""white"", ""white"", ""black"", ""black"", ""black"", ""black"", ""black"", ""black"", ""black"", ""black"", ""black"", ""black"", ""white"", ""black"", ""black"", ""black"", ""black""]",20,70,8,5355,,,,,
SONA_0006,25,79,65,4,35,3,2026-02-24T15:43:40+00:00,2026-02-24T16:21:40+00:00,male,sophomore,Sociology,Psychology,experiment,2,21,2026-02-24T15:59:31+00:00,green,79,black,"[""white"", ""black"", ""black"", ""white"", ""white"", ""black"", ""black"", ""black"", ""black"", ""black"", ""black"", ""black"", ""black"", ""black"", ""black"", ""white"", ""black"", ""black"", ""black"", ""black"", ""black""]",21,75,7,4444,,,,,
SONA_0006,25,79,65,4,35,3,2026-02-24T15:43:40+00:00,2026-02-24T16:21:40+00:00,male,sophomore,Sociology,Psychology,experiment,2,22,2026-02-24T16:01:32+00:00,green,79,black,"[""white"", ""black"", ""black"", ""white"", ""white"", ""black"", ""black"", ""black"", ""black"", ""black"", ""black"", ""black"", ""black"", ""black"", ""black"", ""white"", ""black"", ""black"", ""black"", ""black"", ""black"", ""black""]",22,80,7,5464,,,,,
SONA_0006,25,79,65,4,35,3,2026-02-24T15:43:40+00:00,2026-02-24T16:21:40+00:00,male,sophomore,Sociology,Psychology,experiment,2,23,2026-02-24T16:01:48+00:00,green,79,black,"[""white"", ""black"", ""black"", ""white"", ""white"", ""black"", ""black"", ""black"", ""black"", ""black"", ""black"", ""black"", ""black"", ""black"", ""black"", ""white"", ""black"", ""black"", ""black"", ""black"", ""black"", ""black"", ""black""]",23,80,6,4424,,,,,
SONA_0006,25,79,65,4,35,3,2026-02-24T15:43:40+00:00,2026-02-24T16:21:40+00:00,male,sophomore,Sociology,Psychology,experiment,2,24,2026-02-24T16:00:28+00:00,green,79,white,"[""white"", ""black"", ""black"", ""white"", ""white"", ""black"", ""black"", ""black"", ""black"", ""black"", ""black"", ""black"", ""black"", ""black"", ""black"", ""white"", ""black"", ""black"", ""black"", ""black"", ""black"", ""black"", ""black"", ""white""]",24,75,8,5116,,,,,
SONA_0006,25,79,65,4,35,3,2026-02-24T15:43:40+00:00,2026-02-24T16:21:40+00:00,male,sophomore,Sociology,Psychology,experiment,2,25,2026-02-24T16:02:20+00:00,green,79,black,"[""white"", ""black"", ""black"", ""white"", ""white"", ""black"", ""black"", ""black"", ""black"", ""black"", ""black"", ""black"", ""black"", ""black"", ""black"", ""white"", ""black"", ""black"", ""black"", ""black"", ""black"", ""black"", ""black"", ""white"", ""black""]",25,70,8,5126,,,,,
SONA_0006,25,79,65,4,35,3,2026-02-24T15:43:40+00:00,2026-02-24T16:21:40+00:00,male,sophomore,Sociology,Psychology,experiment,2,26,2026-02-24T15:59:08+00:00,green,79,white,"[""white"", ""black"", ""black"", ""white"", ""white"", ""black"", ""black"", ""black"", ""black"", ""black"", ""black"", ""black"", ""black"", ""black"", ""black"", ""white"", ""black"", ""black"", ""black"", ""black"", ""black"", ""black"", ""black"", ""white"", ""black"", ""white""]",26,65,7,4573,,,,,
SONA_0006,25,79,65,4,35,3,2026-02-24T15:43:40+00:00,2026-02-24T16:21:40+00:00,male,sophomore,Sociology,Psychology,experiment,2,27,2026-02-24T15:59:43+00:00,green,79,black,"[""white"", ""black"", ""black"", ""white"", ""white"", ""black"", ""black"", ""black"", ""black"", ""black"", ""black"", ""black"", ""black"", ""black"", ""black"", ""white"", ""black"", ""black"", ""black"", ""black"", ""black"", ""black"", ""black"", ""white"", ""black"", ""white"", ""black""]",27,70,7,4427,,,,,
SONA_0006,25,79,65,4,35,3,2026-02-24T15:43:40+00:00,2026-02-24T16:21:40+00:00,male,sophomore,Sociology,Psychology,experiment,2,28,2026-02-24T16:04:04+00:00,green,79,black,"[""white"", ""black"", ""black"", ""white"", ""white"", ""black"", ""black"", ""black"", ""black"", ""black"", ""black"", ""black"", ""black"", ""black"", ""black"", ""white"", ""black"", ""black"", ""black"", ""black"", ""black"", ""black"", ""black"", ""white"", ""black"", ""white"", ""black"", ""black""]",28,65,9,4399,,,,,
SONA_0006,25,79,65,4,35,3,2026-02-24T15:43:40+00:00,2026-02-24T16:21:40+00:00,male,sophomore,Sociology,Psychology,experiment,2,29,2026-02-24T16:03:53+00:00,green,79,black,"[""white"", ""black"", ""black"", ""white"", ""white"", ""black"", ""black"", ""black"", ""black"", ""black"", ""black"", ""black"", ""black"", ""black"", ""black"", ""white"", ""black"", ""black"", ""black"", ""black"", ""black"", ""black"", ""black"", ""white"", ""black"", ""white"", ""black"", ""black"", ""black""]",29,70,7,4416,,,,,
SONA_0006,25,79,65,4,35,3,2026-02-24T15:43:40+00:00,2026-02-24T16:21:40+00:00,male,sophomore,Sociology,Psychology,experiment,2,30,2026-02-24T15:59:40+00:00,green,79,white,"[""white"", ""black"", ""black"", ""white"", ""white"", ""black"", ""black"", ""black"", ""black"", ""black"", ""black"", ""black"", ""black"", ""black"", ""black"", ""white"", ""black"", ""black"", ""black"", ""black"", ""black"", ""black"", ""black"", ""white"", ""black"", ""white"", ""black"", ""black"", ""black"", ""white""]",30,75,7,5507,,,,,
SONA_0006,25,79,65,4,35,3,2026-02-24T15:43:40+00:00,2026-02-24T16:21:40+00:00,male,sophomore,Sociology,Psychology,experiment,2,31,2026-02-24T16:01:52+00:00,green,79,black,"[""white"", ""black"", ""black"", ""white"", ""white"", ""black"", ""black"", ""black"", ""black"", ""black"", ""black"", ""black"", ""black"", ""black"", ""black"", ""white"", ""black"", ""black"", ""black"", ""black"", ""black"", ""black"", ""black"", ""white"", ""black"", ""white"", ""black"", ""black"", ""black"", ""white"", ""black""]",31,75,8,4939,,,,,
SONA_0006,25,79,65,4,35,3,2026-02-24T15:43:40+00:00,2026-02-24T16:21:40+00:00,male,sophomore,Sociology,Psychology,experiment,2,32,2026-02-24T16:02:04+00:00,green,79,black,"[""white"", ""black"", ""black"", ""white"", ""white"", ""black"", ""black"", ""black"", ""black"", ""black"", ""black"", ""black"", ""black"", ""black"", ""black"", ""white"", ""black"", ""black"", ""black"", ""black"", ""black"", ""black"", ""black"", ""white"", ""black"", ""white"", ""black"", ""black"", ""black"", ""white"", ""black"", ""black""]",32,75,7,4922,,,,,
SONA_0006,25,79,65,4,35,3,2026-02-24T15:43:40+00:00,2026-02-24T16:21:40+00:00,male,sophomore,Sociology,Psychology,experiment,2,33,2026-02-24T16:01:43+00:00,green,79,white,"[""white"", ""black"", ""black"", ""white"", ""white"", ""black"", ""black"", ""black"", ""black"", ""black"", ""black"", ""black"", ""black"", ""black"", ""black"", ""white"", ""black"", ""black"", ""black"", ""black"", ""black"", ""black"", ""black"", ""white"", ""black"", ""white"", ""black"", ""black"", ""black"", ""white"", ""black"", ""black"", ""white""]",33,75,8,4904,,,,,
SONA_0006,25,79,65,4,35,3,2026-02-24T15:43:40+00:00,2026-02-24T16:21:40+00:00,male,sophomore,Sociology,Psychology,experiment,3,1,2026-02-24T16:08:53+00:00,red,25,black,"[""black""]",1,90,7,4876,,,,,
SONA_0006,25,79,65,4,35,3,2026-02-24T15:43:40+00:00,2026-02-24T16:21:40+00:00,male,sophomore,Sociology,Psychology,experiment,3,2,2026-02-24T16:09:14+00:00,red,25,white,"[""black"", ""white""]",2,100,7,5254,,,,,
SONA_0006,25,79,65,4,35,3,2026-02-24T15:43:40+00:00,2026-02-24T16:21:40+00:00,male,sophomore,Sociology,Psychology,experiment,3,3,2026-02-24T16:09:31+00:00,red,25,black,"[""black"", ""white"", ""black""]",3,85,8,5607,,,,,
SONA_0006,25,79,65,4,35,3,2026-02-24T15:43:40+00:00,2026-02-24T16:21:40+00:00,male,sophomore,Sociology,Psychology,experiment,3,4,2026-02-24T16:09:20+00:00,red,25,white,"[""black"", ""white"", ""black"", ""white""]",4,95,8,5588,,,,,
SONA_0006,25,79,65,4,35,3,2026-02-24T15:43:40+00:00,2026-02-24T16:21:40+00:00,male,sophomore,Sociology,Psychology,experiment,3,5,2026-02-24T16:09:55+00:00,red,25,white,"[""black"", ""white"", ""black"", ""white"", ""white""]",5,85,7,4775,,,,,
SONA_0006,25,79,65,4,35,3,2026-02-24T15:43:40+00:00,2026-02-24T16:21:40+00:00,male,sophomore,Sociology,Psychology,experiment,3,6,2026-02-24T16:09:34+00:00,red,25,white,"[""black"", ""white"", ""black"", ""white"", ""white"", ""white""]",6,90,10,5024,,,,,
SONA_0006,25,79,65,4,35,3,2026-02-24T15:43:40+00:00,2026-02-24T16:21:40+00:00,male,sophomore,Sociology,Psychology,experiment,3,7,2026-02-24T16:10:25+00:00,red,25,white,"[""black"", ""white"", ""black"", ""white"", ""white"", ""white"", ""white""]",7,95,9,5426,,,,,
SONA_0006,25,79,65,4,35,3,2026-02-24T15:43:40+00:00,2026-02-24T16:21:40+00:00,male,sophomore,Sociology,Psychology,experiment,3,8,2026-02-24T16:10:56+00:00,red,25,white,"[""black"", ""white"", ""black"", ""white"", ""white"", ""white"", ""white"", ""white""]",8,95,9,4988,,,,,
SONA_0006,25,79,65,4,35,3,2026-02-24T15:43:40+00:00,2026-02-24T16:21:40+00:00,male,sophomore,Sociology,Psychology,experiment,3,9,2026-02-24T16:10:28+00:00,red,25,white,"[""black"", ""white"", ""black"", ""white"", ""white"", ""white"", ""white"", ""white"", ""white""]",9,100,8,4385,,,,,
SONA_0006,25,79,65,4,35,3,2026-02-24T15:43:40+00:00,2026-02-24T16:21:40+00:00,male,sophomore,Sociology,Psychology,experiment,3,10,2026-02-24T16:11:00+00:00,red,25,black,"[""black"", ""white"", ""black"", ""white"", ""white"", ""white"", ""white"", ""white"", ""white"", ""black""]",10,90,9,4591,,,,,
SONA_0006,25,79,65,4,35,3,2026-02-24T15:43:40+00:00,2026-02-24T16:21:40+00:00,male,sophomore,Sociology,Psychology,experiment,3,11,2026-02-24T16:11:25+00:00,red,25,white,"[""black"", ""white"", ""black"", ""white"", ""white"", ""white"", ""white"", ""white"", ""white"", ""black"", ""white""]",11,100,7,5023,,,,,
SONA_0006,25,79,65,4,35,3,2026-02-24T15:43:40+00:00,2026-02-24T16:21:40+00:00,male,sophomore,Sociology,Psychology,experiment,3,12,2026-02-24T16:11:28+00:00,red,25,white,"[""black"", ""white"", ""black"", ""white"", ""white"", ""white"", ""white"", ""white"", ""white"", ""black"", ""white"", ""white""]",12,100,8,4162,,,,,
SONA_0006,25,79,65,4,35,3,2026-02-24T15:43:40+00:00,2026-02-24T16:21:40+00:00,male,sophomore,Sociology,Psychology,experiment,3,13,2026-02-24T16:11:29+00:00,red,25,black,"[""black"", ""white"", ""black"", ""white"", ""white"", ""white"", ""white"", ""white"", ""white"", ""black"", ""white"", ""white"", ""black""]",13,100,9,5114,,,,,
SONA_0006,25,79,65,4,35,3,2026-02-24T15:43:40+00:00,2026-02-24T16:21:40+00:00,male,sophomore,Sociology,Psychology,experiment,3,14,2026-02-24T16:12:38+00:00,red,25,white,"[""black"", ""white"", ""black"", ""white"", ""white"", ""white"", ""white"", ""white"", ""white"", ""black"", ""white"", ""white"", ""black"", ""white""]",14,90,7,5064,,,,,
SONA_0006,25,79,65,4,35,3,2026-02-24T15:43:40+00:00,2026-02-24T16:21:40+00:00,male,sophomore,Sociology,Psychology,experiment,3,15,2026-02-24T16:12:10+00:00,red,25,black,"[""black"", ""white"", ""black"", ""white"", ""white"", ""white"", ""white"", ""white"", ""white"", ""black"", ""white"", ""white"", ""black"", ""white"", ""black""]",15,85,10,4495,,,,,
SONA_0006,25,79,65,4,35,3,2026-02-24T15:43:40+00:00,2026-02-24T16:21:40+00:00,male,sophomore,Sociology,Psychology,experiment,3,16,2026-02-24T16:11:52+00:00,red,25,white,"[""black"", ""white"", ""black"", ""white"", ""white"", ""white"", ""white"", ""white"", ""white"", ""black"", ""white"", ""white"", ""black"", ""white"", ""black"", ""white""]",16,100,9,5125,,,,,
SONA_0006,25,79,65,4,35,3,2026-02-24T15:43:40+00:00,2026-02-24T16:21:40+00:00,male,sophomore,Sociology,Psychology,experiment,3,17,2026-02-24T16:13:12+00:00,red,25,black,"[""black"", ""white"", ""black"", ""white"", ""white"", ""white"", ""white"", ""white"", ""white"", ""black"", ""white"", ""white"", ""black"", ""white"", ""black"", ""white"", ""black""]",17,90,8,4727,,,,,
SONA_0006,25,79,65,4,35,3,2026-02-24T15:43:40+00:00,2026-02-24T16:21:40+00:00,male,sophomore,Sociology,Psychology,experiment,3,18,2026-02-24T16:14:04+00:00,red,25,white,"[""black"", ""white"", ""black"", ""white"", ""white"", ""white"", ""white"", ""white"", ""white"", ""black"", ""white"", ""white"", ""black"", ""white"", ""black"", ""white"", ""black"", ""white""]",18,90,9,4980,,,,,
SONA_0006,25,79,65,4,35,3,2026-02-24T15:43:40+00:00,2026-02-24T16:21:40+00:00,male,sophomore,Sociology,Psychology,experiment,3,19,2026-02-24T16:14:03+00:00,red,25,white,"[""black"", ""white"", ""black"", ""white"", ""white"", ""white"", ""white"", ""white"", ""white"", ""black"", ""white"", ""white"", ""black"", ""white"", ""black"", ""white"", ""black"", ""white"", ""white""]",19,100,10,4818,,,,,
SONA_0006,25,79,65,4,35,3,2026-02-24T15:43:40+00:00,2026-02-24T16:21:40+00:00,male,sophomore,Sociology,Psychology,experiment,3,20,2026-02-24T16:11:40+00:00,red,25,black,"[""black"", ""white"", ""black"", ""white"", ""white"", ""white"", ""white"", ""white"", ""white"", ""black"", ""white"", ""white"", ""black"", ""white"", ""black"", ""white"", ""black"", ""white"", ""white"", ""black""]",20,95,7,5077,,,,,
SONA_0006,25,79,65,4,35,3,2026-02-24T15:43:40+00:00,2026-02-24T16:21:40+00:00,male,sophomore,Sociology,Psychology,experiment,3,21,2026-02-24T16:13:55+00:00,red,25,white,"[""black"", ""white"", ""black"", ""white"", ""white"", ""white"", ""white"", ""white"", ""white"", ""black"", ""white"", ""white"", ""black"", ""white"", ""black"", ""white"", ""black"", ""white"", ""white"", ""black"", ""white""]",21,100,10,4150,,,,,
SONA_0006,25,79,65,4,35,3,2026-02-24T15:43:40+00:00,2026-02-24T16:21:40+00:00,male,sophomore,Sociology,Psychology,experiment,3,22,2026-02-24T16:12:42+00:00,red,25,white,"[""black"", ""white"", ""black"", ""white"", ""white"", ""white"", ""white"", ""white"", ""white"", ""black"", ""white"", ""white"", ""black"", ""white"", ""black"", ""white"", ""black"", ""white"", ""white"", ""black"", ""white"", ""white""]",22,100,8,4556,,,,,
SONA_0006,25,79,65,4,35,3,2026-02-24T15:43:40+00:00,2026-02-24T16:21:40+00:00,male,sophomore,Sociology,Psychology,experiment,3,23,2026-02-24T16:15:34+00:00,red,25,white,"[""black"", ""white"", ""black"", ""white"", ""white"", ""white"", ""white"", ""white"", ""white"", ""black"", ""white"", ""white"", ""black"", ""white"", ""black"", ""white"", ""black"", ""white"", ""white"", ""black"", ""white"", ""white"", ""white""]",23,100,10,4972,,,,,
SONA_0006,25,79,65,4,35,3,2026-02-24T15:43:40+00:00,2026-02-24T16:21:40+00:00,male,sophomore,Sociology,Psychology,experiment,3,24,2026-02-24T16:14:16+00:00,red,25,white,"[""black"", ""white"", ""black"", ""white"", ""white"", ""white"", ""white"", ""white"", ""white"", ""black"", ""white"", ""white"", ""black"", ""white"", ""black"", ""white"", ""black"", ""white"", ""white"", ""black"", ""white"", ""white"", ""white"", ""white""]",24,100,9,5320,,,,,
SONA_0006,25,79,65,4,35,3,2026-02-24T15:43:40+00:00,2026-02-24T16:21:40+00:00,male,sophomore,Sociology,Psychology,experiment,3,25,2026-02-24T16:15:20+00:00,red,25,white,"[""black"", ""white"", ""black"", ""white"", ""white"", ""white"", ""white"", ""white"", ""white"", ""black"", ""white"", ""white"", ""black"", ""white"", ""black"", ""white"", ""black"", ""white"", ""white"", ""black"", ""white"", ""white"", ""white"", ""white"", ""white""]",25,100,8,3996,,,,,
SONA_0006,25,79,65,4,35,3,2026-02-24T15:43:40+00:00,2026-02-24T16:21:40+00:00,male,sophomore,Sociology,Psychology,experiment,3,26,2026-02-24T16:15:10+00:00,red,25,white,"[""black"", ""white"", ""black"", ""white"", ""white"", ""white"", ""white"", ""white"", ""white"", ""black"", ""white"", ""white"", ""black"", ""white"", ""black"", ""white"", ""black"", ""white"", ""white"", ""black"", ""white"", ""white"", ""white"", ""white"", ""white"", ""white""]",26,95,9,4295,,,,,
SONA_0006,25,79,65,4,35,3,2026-02-24T15:43:40+00:00,2026-02-24T16:21:40+00:00,male,sophomore,Sociology,Psychology,experiment,3,27,2026-02-24T16:13:10+00:00,red,25,white,"[""black"", ""white"", ""black"", ""white"", ""white"", ""white"", ""white"", ""white"", ""white"", ""black"", ""white"", ""white"", ""black"", ""white"", ""black"", ""white"", ""black"", ""white"", ""white"", ""black"", ""white"", ""white"", ""white"", ""white"", ""white"", ""white"", ""white""]",27,95,10,5102,,,,,
SONA_0006,25,79,65,4,35,3,2026-02-24T15:43:40+00:00,2026-02-24T16:21:40+00:00,male,sophomore,Sociology,Psychology,experiment,3,28,2026-02-24T16:17:04+00:00,red,25,white,"[""black"", ""white"", ""black"", ""white"", ""white"", ""white"", ""white"", ""white"", ""white"", ""black"", ""white"", ""white"", ""black"", ""white"", ""black"", ""white"", ""black"", ""white"", ""white"", ""black"", ""white"", ""white"", ""white"", ""white"", ""white"", ""white"", ""white"", ""white""]",28,100,8,4445,,,,,
SONA_0006,25,79,65,4,35,3,2026-02-24T15:43:40+00:00,2026-02-24T16:21:40+00:00,male,sophomore,Sociology,Psychology,experiment,3,29,2026-02-24T16:15:26+00:00,red,25,white,"[""black"", ""white"", ""black"", ""white"", ""white"", ""white"", ""white"", ""white"", ""white"", ""black"", ""white"", ""white"", ""black"", ""white"", ""black"", ""white"", ""black"", ""white"", ""white"", ""black"", ""white"", ""white"", ""white"", ""white"", ""white"", ""white"", ""white"", ""white"", ""white""]",29,95,9,5246,,,,,
SONA_0006,25,79,65,4,35,3,2026-02-24T15:43:40+00:00,2026-02-24T16:21:40+00:00,male,sophomore,Sociology,Psychology,experiment,3,30,2026-02-24T16:12:40+00:00,red,25,white,"[""black"", ""white"", ""black"", ""white"", ""white"", ""white"", ""white"", ""white"", ""white"", ""black"", ""white"", ""white"", ""black"", ""white"", ""black"", ""white"", ""black"", ""white"", ""white"", ""black"", ""white"", ""white"", ""white"", ""white"", ""white"", ""white"", ""white"", ""white"", ""white"", ""white""]",30,90,6,4812,,,,,
SONA_0006,25,79,65,4,35,3,2026-02-24T15:43:40+00:00,2026-02-24T16:21:40+00:00,male,sophomore,Sociology,Psychology,experiment,3,31,2026-02-24T16:14:21+00:00,red,25,white,"[""black"", ""white"", ""black"", ""white"", ""white"", ""white"", ""white"", ""white"", ""white"", ""black"", ""white"", ""white"", ""black"", ""white"", ""black"", ""white"", ""black"", ""white"", ""white"", ""black"", ""white"", ""white"", ""white"", ""white"", ""white"", ""white"", ""white"", ""white"", ""white"", ""white"", ""white""]",31,100,10,4359,,,,,
SONA_0006,25,79,65,4,35,3,2026-02-24T15:43:40+00:00,2026-02-24T16:21:40+00:00,male,sophomore,Sociology,Psychology,experiment,3,32,2026-02-24T16:14:32+00:00,red,25,white,"[""black"", ""white"", ""black"", ""white"", ""white"", ""white"", ""white"", ""white"", ""white"", ""black"", ""white"", ""white"", ""black"", ""white"", ""black"", ""white"", ""black"", ""white"", ""white"", ""black"", ""white"", ""white"", ""white"", ""white"", ""white"", ""white"", ""white"", ""white"", ""white"", ""white"", ""white"", ""white""]",32,90,9,4763,,,,,
SONA_0006,25,79,65,4,35,3,2026-02-24T15:43:40+00:00,2026-02-24T16:21:40+00:00,male,sophomore,Sociology,Psychology,experiment,3,33,2026-02-24T16:18:01+00:00,red,25,white,"[""black"", ""white"", ""black"", ""white"", ""white"", ""white"", ""white"", ""white"", ""white"", ""black"", ""white"", ""white"", ""black"", ""white"", ""black"", ""white"", ""black"", ""white"", ""white"", ""black"", ""white"", ""white"", ""white"", ""white"", ""white"", ""white"", ""white"", ""white"", ""white"", ""white"", ""white"", ""white"", ""white""]",33,95,9,4783,,,,,
SONA_0007,19,32,55,6,50,4,2026-02-24T13:52:35+00:00,2026-02-24T14:27:35+00:00,male,senior,Sociology,,experiment,1,1,2026-02-24T13:56:48+00:00,red,19,white,"[""white""]",1,75,9,4438,,,,,
SONA_0007,19,32,55,6,50,4,2026-02-24T13:52:35+00:00,2026-02-24T14:27:35+00:00,male,senior,Sociology,,experiment,1,2,2026-02-24T13:56:55+00:00,red,19,white,"[""white"", ""white""]",2,70,9,4068,,,,,
SONA_0007,19,32,55,6,50,4,2026-02-24T13:52:35+00:00,2026-02-24T14:27:35+00:00,male,senior,Sociology,,experiment,1,3,2026-02-24T13:57:26+00:00,red,19,white,"[""white"", ""white"", ""white""]",3,80,8,3894,,,,,
SONA_0007,19,32,55,6,50,4,2026-02-24T13:52:35+00:00,2026-02-24T14:27:35+00:00,male,senior,Sociology,,experiment,1,4,2026-02-24T13:57:39+00:00,red,19,white,"[""white"", ""white"", ""white"", ""white""]",4,90,9,3942,,,,,
SONA_0007,19,32,55,6,50,4,2026-02-24T13:52:35+00:00,2026-02-24T14:27:35+00:00,male,senior,Sociology,,experiment,1,5,2026-02-24T13:57:55+00:00,red,19,white,"[""white"", ""white"", ""white"", ""white"", ""white""]",5,90,8,3831,,,,,
SONA_0007,19,32,55,6,50,4,2026-02-24T13:52:35+00:00,2026-02-24T14:27:35+00:00,male,senior,Sociology,,experiment,1,6,2026-02-24T13:58:17+00:00,red,19,black,"[""white"", ""white"", ""white"", ""white"", ""white"", ""black""]",6,85,9,4122,,,,,
SONA_0007,19,32,55,6,50,4,2026-02-24T13:52:35+00:00,2026-02-24T14:27:35+00:00,male,senior,Sociology,,experiment,1,7,2026-02-24T13:57:59+00:00,red,19,white,"[""white"", ""white"", ""white"", ""white"", ""white"", ""black"", ""white""]",7,100,10,3690,,,,,
SONA_0007,19,32,55,6,50,4,2026-02-24T13:52:35+00:00,2026-02-24T14:27:35+00:00,male,senior,Sociology,,experiment,1,8,2026-02-24T13:58:27+00:00,red,19,white,"[""white"", ""white"", ""white"", ""white"", ""white"", ""black"", ""white"", ""white""]",8,100,9,3553,,,,,
SONA_0007,19,32,55,6,50,4,2026-02-24T13:52:35+00:00,2026-02-24T14:27:35+00:00,male,senior,Sociology,,experiment,1,9,2026-02-24T13:57:56+00:00,red,19,white,"[""white"", ""white"", ""white"", ""white"", ""white"", ""black"", ""white"", ""white"", ""white""]",9,100,10,3358,,,,,
SONA_0007,19,32,55,6,50,4,2026-02-24T13:52:35+00:00,2026-02-24T14:27:35+00:00,male,senior,Sociology,,experiment,1,10,2026-02-24T13:58:15+00:00,red,19,white,"[""white"", ""white"", ""white"", ""white"", ""white"", ""black"", ""white"", ""white"", ""white"", ""white""]",10,100,10,3590,,,,,
SONA_0007,19,32,55,6,50,4,2026-02-24T13:52:35+00:00,2026-02-24T14:27:35+00:00,male,senior,Sociology,,experiment,1,11,2026-02-24T13:59:31+00:00,red,19,white,"[""white"", ""white"", ""white"", ""white"", ""white"", ""black"", ""white"", ""white"", ""white"", ""white"", ""white""]",11,100,9,3440,,,,,
SONA_0007,19,32,55,6,50,4,2026-02-24T13:52:35+00:00,2026-02-24T14:27:35+00:00,male,senior,Sociology,,experiment,1,12,2026-02-24T13:58:47+00:00,red,19,white,"[""white"", ""white"", ""white"", ""white"", ""white"", ""black"", ""white"", ""white"", ""white"", ""white"", ""white"", ""white""]",12,100,10,3109,,,,,
SONA_0007,19,32,55,6,50,4,2026-02-24T13:52:35+00:00,2026-02-24T14:27:35+00:00,male,senior,Sociology,,experiment,1,13,2026-02-24T14:00:29+00:00,red,19,white,"[""white"", ""white"", ""white"", ""white"", ""white"", ""black"", ""white"", ""white"", ""white"", ""white"", ""white"", ""white"", ""white""]",13,100,8,3041,,,,,
SONA_0007,19,32,55,6,50,4,2026-02-24T13:52:35+00:00,2026-02-24T14:27:35+00:00,male,senior,Sociology,,experiment,1,14,2026-02-24T13:58:41+00:00,red,19,white,"[""white"", ""white"", ""white"", ""white"", ""white"", ""black"", ""white"", ""white"", ""white"", ""white"", ""white"", ""white"", ""white"", ""white""]",14,95,10,4471,,,,,
SONA_0007,19,32,55,6,50,4,2026-02-24T13:52:35+00:00,2026-02-24T14:27:35+00:00,male,senior,Sociology,,experiment,1,15,2026-02-24T14:01:05+00:00,red,19,white,"[""white"", ""white"", ""white"", ""white"", ""white"", ""black"", ""white"", ""white"", ""white"", ""white"", ""white"", ""white"", ""white"", ""white"", ""white""]",15,90,8,4175,,,,,
SONA_0007,19,32,55,6,50,4,2026-02-24T13:52:35+00:00,2026-02-24T14:27:35+00:00,male,senior,Sociology,,experiment,1,16,2026-02-24T13:59:15+00:00,red,19,white,"[""white"", ""white"", ""white"", ""white"", ""white"", ""black"", ""white"", ""white"", ""white"", ""white"", ""white"", ""white"", ""white"", ""white"", ""white"", ""white""]",16,95,9,3717,,,,,
SONA_0007,19,32,55,6,50,4,2026-02-24T13:52:35+00:00,2026-02-24T14:27:35+00:00,male,senior,Sociology,,experiment,1,17,2026-02-24T14:00:16+00:00,red,19,white,"[""white"", ""white"", ""white"", ""white"", ""white"", ""black"", ""white"", ""white"", ""white"", ""white"", ""white"", ""white"", ""white"", ""white"", ""white"", ""white"", ""white""]",17,95,9,3786,,,,,
SONA_0007,19,32,55,6,50,4,2026-02-24T13:52:35+00:00,2026-02-24T14:27:35+00:00,male,senior,Sociology,,experiment,1,18,2026-02-24T13:59:35+00:00,red,19,white,"[""white"", ""white"", ""white"", ""white"", ""white"", ""black"", ""white"", ""white"", ""white"", ""white"", ""white"", ""white"", ""white"", ""white"", ""white"", ""white"", ""white"", ""white""]",18,90,9,3690,,,,,
SONA_0007,19,32,55,6,50,4,2026-02-24T13:52:35+00:00,2026-02-24T14:27:35+00:00,male,senior,Sociology,,experiment,1,19,2026-02-24T14:02:17+00:00,red,19,black,"[""white"", ""white"", ""white"", ""white"", ""white"", ""black"", ""white"", ""white"", ""white"", ""white"", ""white"", ""white"", ""white"", ""white"", ""white"", ""white"", ""white"", ""white"", ""black""]",19,85,9,3854,,,,,
SONA_0007,19,32,55,6,50,4,2026-02-24T13:52:35+00:00,2026-02-24T14:27:35+00:00,male,senior,Sociology,,experiment,1,20,2026-02-24T14:01:35+00:00,red,19,white,"[""white"", ""white"", ""white"", ""white"", ""white"", ""black"", ""white"", ""white"", ""white"", ""white"", ""white"", ""white"", ""white"", ""white"", ""white"", ""white"", ""white"", ""white"", ""black"", ""white""]",20,85,9,4704,,,,,
SONA_0007,19,32,55,6,50,4,2026-02-24T13:52:35+00:00,2026-02-24T14:27:35+00:00,male,senior,Sociology,,experiment,1,21,2026-02-24T14:01:50+00:00,red,19,white,"[""white"", ""white"", ""white"", ""white"", ""white"", ""black"", ""white"", ""white"", ""white"", ""white"", ""white"", ""white"", ""white"", ""white"", ""white"", ""white"", ""white"", ""white"", ""black"", ""white"", ""white""]",21,75,8,3337,,,,,
SONA_0007,19,32,55,6,50,4,2026-02-24T13:52:35+00:00,2026-02-24T14:27:35+00:00,male,senior,Sociology,,experiment,1,22,2026-02-24T13:59:31+00:00,red,19,white,"[""white"", ""white"", ""white"", ""white"", ""white"", ""black"", ""white"", ""white"", ""white"", ""white"", ""white"", ""white"", ""white"", ""white"", ""white"", ""white"", ""white"", ""white"", ""black"", ""white"", ""white"", ""white""]",22,100,10,3536,,,,,
SONA_0007,19,32,55,6,50,4,2026-02-24T13:52:35+00:00,2026-02-24T14:27:35+00:00,male,senior,Sociology,,experiment,1,23,2026-02-24T13:59:39+00:00,red,19,white,"[""white"", ""white"", ""white"", ""white"", ""white"", ""black"", ""white"", ""white"", ""white"", ""white"", ""white"", ""white"", ""white"", ""white"", ""white"", ""white"", ""white"", ""white"", ""black"", ""white"", ""white"", ""white"", ""white""]",23,95,10,3313,,,,,
SONA_0007,19,32,55,6,50,4,2026-02-24T13:52:35+00:00,2026-02-24T14:27:35+00:00,male,senior,Sociology,,experiment,1,24,2026-02-24T14:02:11+00:00,red,19,white,"[""white"", ""white"", ""white"", ""white"", ""white"", ""black"", ""white"", ""white"", ""white"", ""white"", ""white"", ""white"", ""white"", ""white"", ""white"", ""white"", ""white"", ""white"", ""black"", ""white"", ""white"", ""white"", ""white"", ""white""]",24,100,10,3408,,,,,
SONA_0007,19,32,55,6,50,4,2026-02-24T13:52:35+00:00,2026-02-24T14:27:35+00:00,male,senior,Sociology,,experiment,1,25,2026-02-24T14:01:10+00:00,red,19,white,"[""white"", ""white"", ""white"", ""white"", ""white"", ""black"", ""white"", ""white"", ""white"", ""white"", ""white"", ""white"", ""white"", ""white"", ""white"", ""white"", ""white"", ""white"", ""black"", ""white"", ""white"", ""white"", ""white"", ""white"", ""white""]",25,100,10,3074,,,,,
SONA_0007,19,32,55,6,50,4,2026-02-24T13:52:35+00:00,2026-02-24T14:27:35+00:00,male,senior,Sociology,,experiment,1,26,2026-02-24T14:01:21+00:00,red,19,white,"[""white"", ""white"", ""white"", ""white"", ""white"", ""black"", ""white"", ""white"", ""white"", ""white"", ""white"", ""white"", ""white"", ""white"", ""white"", ""white"", ""white"", ""white"", ""black"", ""white"", ""white"", ""white"", ""white"", ""white"", ""white"", ""white""]",26,100,10,3569,,,,,
SONA_0007,19,32,55,6,50,4,2026-02-24T13:52:35+00:00,2026-02-24T14:27:35+00:00,male,senior,Sociology,,experiment,1,27,2026-02-24T14:01:05+00:00,red,19,white,"[""white"", ""white"", ""white"", ""white"", ""white"", ""black"", ""white"", ""white"", ""white"", ""white"", ""white"", ""white"", ""white"", ""white"", ""white"", ""white"", ""white"", ""white"", ""black"", ""white"", ""white"", ""white"", ""white"", ""white"", ""white"", ""white"", ""white""]",27,95,9,3550,,,,,
SONA_0007,19,32,55,6,50,4,2026-02-24T13:52:35+00:00,2026-02-24T14:27:35+00:00,male,senior,Sociology,,experiment,1,28,2026-02-24T14:04:03+00:00,red,19,white,"[""white"", ""white"", ""white"", ""white"", ""white"", ""black"", ""white"", ""white"", ""white"", ""white"", ""white"", ""white"", ""white"", ""white"", ""white"", ""white"", ""white"", ""white"", ""black"", ""white"", ""white"", ""white"", ""white"", ""white"", ""white"", ""white"", ""white"", ""white""]",28,100,10,3056,,,,,
SONA_0007,19,32,55,6,50,4,2026-02-24T13:52:35+00:00,2026-02-24T14:27:35+00:00,male,senior,Sociology,,experiment,1,29,2026-02-24T14:02:52+00:00,red,19,white,"[""white"", ""white"", ""white"", ""white"", ""white"", ""black"", ""white"", ""white"", ""white"", ""white"", ""white"", ""white"", ""white"", ""white"", ""white"", ""white"", ""white"", ""white"", ""black"", ""white"", ""white"", ""white"", ""white"", ""white"", ""white"", ""white"", ""white"", ""white"", ""white""]",29,95,10,3729,,,,,
SONA_0007,19,32,55,6,50,4,2026-02-24T13:52:35+00:00,2026-02-24T14:27:35+00:00,male,senior,Sociology,,experiment,1,30,2026-02-24T14:01:35+00:00,red,19,black,"[""white"", ""white"", ""white"", ""white"", ""white"", ""black"", ""white"", ""white"", ""white"", ""white"", ""white"", ""white"", ""white"", ""white"", ""white"", ""white"", ""white"", ""white"", ""black"", ""white"", ""white"", ""white"", ""white"", ""white"", ""white"", ""white"", ""white"", ""white"", ""white"", ""black""]",30,95,10,3345,,,,,
SONA_0007,19,32,55,6,50,4,2026-02-24T13:52:35+00:00,2026-02-24T14:27:35+00:00,male,senior,Sociology,,experiment,1,31,2026-02-24T14:01:14+00:00,red,19,white,"[""white"", ""white"", ""white"", ""white"", ""white"", ""black"", ""white"", ""white"", ""white"", ""white"", ""white"", ""white"", ""white"", ""white"", ""white"", ""white"", ""white"", ""white"", ""black"", ""white"", ""white"", ""white"", ""white"", ""white"", ""white"", ""white"", ""white"", ""white"", ""white"", ""black"", ""white""]",31,95,10,3170,,,,,
SONA_0007,19,32,55,6,50,4,2026-02-24T13:52:35+00:00,2026-02-24T14:27:35+00:00,male,senior,Sociology,,experiment,1,32,2026-02-24T14:05:39+00:00,red,19,white,"[""white"", ""white"", ""white"", ""white"", ""white"", ""black"", ""white"", ""white"", ""white"", ""white"", ""white"", ""white"", ""white"", ""white"", ""white"", ""white"", ""white"", ""white"", ""black"", ""white"", ""white"", ""white"", ""white"", ""white"", ""white"", ""white"", ""white"", ""white"", ""white"", ""black"", ""white"", ""white""]",32,100,9,2908,,,,,
SONA_0007,19,32,55,6,50,4,2026-02-24T13:52:35+00:00,2026-02-24T14:27:35+00:00,male,senior,Sociology,,experiment,1,33,2026-02-24T14:02:05+00:00,red,19,white,"[""white"", ""white"", ""white"", ""white"", ""white"", ""black"", ""white"", ""white"", ""white"", ""white"", ""white"", ""white"", ""white"", ""white"", ""white"", ""white"", ""white"", ""white"", ""black"", ""white"", ""white"", ""white"", ""white"", ""white"", ""white"", ""white"", ""white"", ""white"", ""white"", ""black"", ""white"", ""white"", ""white""]",33,100,10,3287,,,,,
SONA_0007,19,32,55,6,50,4,2026-02-24T13:52:35+00:00,2026-02-24T14:27:35+00:00,male,senior,Sociology,,experiment,2,1,2026-02-24T14:08:51+00:00,green,32,white,"[""white""]",1,45,9,4565,,,,,
SONA_0007,19,32,55,6,50,4,2026-02-24T13:52:35+00:00,2026-02-24T14:27:35+00:00,male,senior,Sociology,,experiment,2,2,2026-02-24T14:09:11+00:00,green,32,white,"[""white"", ""white""]",2,65,8,4315,,,,,
SONA_0007,19,32,55,6,50,4,2026-02-24T13:52:35+00:00,2026-02-24T14:27:35+00:00,male,senior,Sociology,,experiment,2,3,2026-02-24T14:09:17+00:00,green,32,white,"[""white"", ""white"", ""white""]",3,65,6,4901,,,,,
SONA_0007,19,32,55,6,50,4,2026-02-24T13:52:35+00:00,2026-02-24T14:27:35+00:00,male,senior,Sociology,,experiment,2,4,2026-02-24T14:09:07+00:00,green,32,white,"[""white"", ""white"", ""white"", ""white""]",4,90,9,4292,,,,,
SONA_0007,19,32,55,6,50,4,2026-02-24T13:52:35+00:00,2026-02-24T14:27:35+00:00,male,senior,Sociology,,experiment,2,5,2026-02-24T14:09:15+00:00,green,32,black,"[""white"", ""white"", ""white"", ""white"", ""black""]",5,75,7,4781,,,,,
SONA_0007,19,32,55,6,50,4,2026-02-24T13:52:35+00:00,2026-02-24T14:27:35+00:00,male,senior,Sociology,,experiment,2,6,2026-02-24T14:09:35+00:00,green,32,black,"[""white"", ""white"", ""white"", ""white"", ""black"", ""black""]",6,65,9,4852,,,,,
SONA_0007,19,32,55,6,50,4,2026-02-24T13:52:35+00:00,2026-02-24T14:27:35+00:00,male,senior,Sociology,,experiment,2,7,2026-02-24T14:10:34+00:00,green,32,white,"[""white"", ""white"", ""white"", ""white"", ""black"", ""black"", ""white""]",7,65,8,4192,,,,,
SONA_0007,19,32,55,6,50,4,2026-02-24T13:52:35+00:00,2026-02-24T14:27:35+00:00,male,senior,Sociology,,experiment,2,8,2026-02-24T14:10:35+00:00,green,32,white,"[""white"", ""white"", ""white"", ""white"", ""black"", ""black"", ""white"", ""white""]",8,70,8,4235,,,,,
SONA_0007,19,32,55,6,50,4,2026-02-24T13:52:35+00:00,2026-02-24T14:27:35+00:00,male,senior,Sociology,,experiment,2,9,2026-02-24T14:10:59+00:00,green,32,black,"[""white"", ""white"", ""white"", ""white"", ""black"", ""black"", ""white"", ""white"", ""black""]",9,75,7,4832,,,,,
SONA_0007,19,32,55,6,50,4,2026-02-24T13:52:35+00:00,2026-02-24T14:27:35+00:00,male,senior,Sociology,,experiment,2,10,2026-02-24T14:11:15+00:00,green,32,white,"[""white"", ""white"", ""white"", ""white"", ""black"", ""black"", ""white"", ""white"", ""black"", ""white""]",10,75,9,3570,,,,,
SONA_0007,19,32,55,6,50,4,2026-02-24T13:52:35+00:00,2026-02-24T14:27:35+00:00,male,senior,Sociology,,experiment,2,11,2026-02-24T14:10:36+00:00,green,32,black,"[""white"", ""white"", ""white"", ""white"", ""black"", ""black"", ""white"", ""white"", ""black"", ""white"", ""black""]",11,60,8,4085,,,,,
SONA_0007,19,32,55,6,50,4,2026-02-24T13:52:35+00:00,2026-02-24T14:27:35+00:00,male,senior,Sociology,,experiment,2,12,2026-02-24T14:10:23+00:00,green,32,white,"[""white"", ""white"", ""white"", ""white"", ""black"", ""black"", ""white"", ""white"", ""black"", ""white"", ""black"", ""white""]",12,75,9,3801,,,,,
SONA_0007,19,32,55,6,50,4,2026-02-24T13:52:35+00:00,2026-02-24T14:27:35+00:00,male,senior,Sociology,,experiment,2,13,2026-02-24T14:10:58+00:00,green,32,white,"[""white"", ""white"", ""white"", ""white"", ""black"", ""black"", ""white"", ""white"", ""black"", ""white"", ""black"", ""white"", ""white""]",13,85,10,3761,,,,,
SONA_0007,19,32,55,6,50,4,2026-02-24T13:52:35+00:00,2026-02-24T14:27:35+00:00,male,senior,Sociology,,experiment,2,14,2026-02-24T14:12:33+00:00,green,32,white,"[""white"", ""white"", ""white"", ""white"", ""black"", ""black"", ""white"", ""white"", ""black"", ""white"", ""black"", ""white"", ""white"", ""white""]",14,70,8,4442,,,,,
SONA_0007,19,32,55,6,50,4,2026-02-24T13:52:35+00:00,2026-02-24T14:27:35+00:00,male,senior,Sociology,,experiment,2,15,2026-02-24T14:11:50+00:00,green,32,black,"[""white"", ""white"", ""white"", ""white"", ""black"", ""black"", ""white"", ""white"", ""black"", ""white"", ""black"", ""white"", ""white"", ""white"", ""black""]",15,70,8,4112,,,,,
SONA_0007,19,32,55,6,50,4,2026-02-24T13:52:35+00:00,2026-02-24T14:27:35+00:00,male,senior,Sociology,,experiment,2,16,2026-02-24T14:13:07+00:00,green,32,black,"[""white"", ""white"", ""white"", ""white"", ""black"", ""black"", ""white"", ""white"", ""black"", ""white"", ""black"", ""white"", ""white"", ""white"", ""black"", ""black""]",16,65,9,4821,,,,,
SONA_0007,19,32,55,6,50,4,2026-02-24T13:52:35+00:00,2026-02-24T14:27:35+00:00,male,senior,Sociology,,experiment,2,17,2026-02-24T14:13:07+00:00,green,32,black,"[""white"", ""white"", ""white"", ""white"", ""black"", ""black"", ""white"", ""white"", ""black"", ""white"", ""black"", ""white"", ""white"", ""white"", ""black"", ""black"", ""black""]",17,60,7,3642,,,,,
SONA_0007,19,32,55,6,50,4,2026-02-24T13:52:35+00:00,2026-02-24T14:27:35+00:00,male,senior,Sociology,,experiment,2,18,2026-02-24T14:10:59+00:00,green,32,black,"[""white"", ""white"", ""white"", ""white"", ""black"", ""black"", ""white"", ""white"", ""black"", ""white"", ""black"", ""white"", ""white"", ""white"", ""black"", ""black"", ""black"", ""black""]",18,40,8,3937,,,,,
SONA_0007,19,32,55,6,50,4,2026-02-24T13:52:35+00:00,2026-02-24T14:27:35+00:00,male,senior,Sociology,,experiment,2,19,2026-02-24T14:12:42+00:00,green,32,black,"[""white"", ""white"", ""white"", ""white"", ""black"", ""black"", ""white"", ""white"", ""black"", ""white"", ""black"", ""white"", ""white"", ""white"", ""black"", ""black"", ""black"", ""black"", ""black""]",19,40,9,3498,,,,,
SONA_0007,19,32,55,6,50,4,2026-02-24T13:52:35+00:00,2026-02-24T14:27:35+00:00,male,senior,Sociology,,experiment,2,20,2026-02-24T14:12:55+00:00,green,32,black,"[""white"", ""white"", ""white"", ""white"", ""black"", ""black"", ""white"", ""white"", ""black"", ""white"", ""black"", ""white"", ""white"", ""white"", ""black"", ""black"", ""black"", ""black"", ""black"", ""black""]",20,55,8,4472,,,,,
SONA_0007,19,32,55,6,50,4,2026-02-24T13:52:35+00:00,2026-02-24T14:27:35+00:00,male,senior,Sociology,,experiment,2,21,2026-02-24T14:12:47+00:00,green,32,white,"[""white"", ""white"", ""white"", ""white"", ""black"", ""black"", ""white"", ""white"", ""black"", ""white"", ""black"", ""white"", ""white"", ""white"", ""black"", ""black"", ""black"", ""black"", ""black"", ""black"", ""white""]",21,40,9,4463,,,,,
SONA_0007,19,32,55,6,50,4,2026-02-24T13:52:35+00:00,2026-02-24T14:27:35+00:00,male,senior,Sociology,,experiment,2,22,2026-02-24T14:14:27+00:00,green,32,black,"[""white"", ""white"", ""white"", ""white"", ""black"", ""black"", ""white"", ""white"", ""black"", ""white"", ""black"", ""white"", ""white"", ""white"", ""black"", ""black"", ""black"", ""black"", ""black"", ""black"", ""white"", ""black""]",22,30,9,3628,,,,,
SONA_0007,19,32,55,6,50,4,2026-02-24T13:52:35+00:00,2026-02-24T14:27:35+00:00,male,senior,Sociology,,experiment,2,23,2026-02-24T14:15:29+00:00,green,32,white,"[""white"", ""white"", ""white"", ""white"", ""black"", ""black"", ""white"", ""white"", ""black"", ""white"", ""black"", ""white"", ""white"", ""white"", ""black"", ""black"", ""black"", ""black"", ""black"", ""black"", ""white"", ""black"", ""white""]",23,40,8,4052,,,,,
SONA_0007,19,32,55,6,50,4,2026-02-24T13:52:35+00:00,2026-02-24T14:27:35+00:00,male,senior,Sociology,,experiment,2,24,2026-02-24T14:13:47+00:00,green,32,white,"[""white"", ""white"", ""white"", ""white"", ""black"", ""black"", ""white"", ""white"", ""black"", ""white"", ""black"", ""white"", ""white"", ""white"", ""black"", ""black"", ""black"", ""black"", ""black"", ""black"", ""white"", ""black"", ""white"", ""white""]",24,50,8,4701,,,,,
SONA_0007,19,32,55,6,50,4,2026-02-24T13:52:35+00:00,2026-02-24T14:27:35+00:00,male,senior,Sociology,,experiment,2,25,2026-02-24T14:14:00+00:00,green,32,white,"[""white"", ""white"", ""white"", ""white"", ""black"", ""black"", ""white"", ""white"", ""black"", ""white"", ""black"", ""white"", ""white"", ""white"", ""black"", ""black"", ""black"", ""black"", ""black"", ""black"", ""white"", ""black"", ""white"", ""white"", ""white""]",25,10,9,2763,,,,,
SONA_0007,19,32,55,6,50,4,2026-02-24T13:52:35+00:00,2026-02-24T14:27:35+00:00,male,senior,Sociology,,experiment,2,26,2026-02-24T14:15:31+00:00,green,32,black,"[""white"", ""white"", ""white"", ""white"", ""black"", ""black"", ""white"", ""white"", ""black"", ""white"", ""black"", ""white"", ""white"", ""white"", ""black"", ""black"", ""black"", ""black"", ""black"", ""black"", ""white"", ""black"", ""white"", ""white"", ""white"", ""black""]",26,40,9,3408,,,,,
SONA_0007,19,32,55,6,50,4,2026-02-24T13:52:35+00:00,2026-02-24T14:27:35+00:00,male,senior,Sociology,,experiment,2,27,2026-02-24T14:16:41+00:00,green,32,white,"[""white"", ""white"", ""white"", ""white"", ""black"", ""black"", ""white"", ""white"", ""black"", ""white"", ""black"", ""white"", ""white"", ""white"", ""black"", ""black"", ""black"", ""black"", ""black"", ""black"", ""white"", ""black"", ""white"", ""white"", ""white"", ""black"", ""white""]",27,40,10,4616,,,,,
SONA_0007,19,32,55,6,50,4,2026-02-24T13:52:35+00:00,2026-02-24T14:27:35+00:00,male,senior,Sociology,,experiment,2,28,2026-02-24T14:15:07+00:00,green,32,black,"[""white"", ""white"", ""white"", ""white"", ""black"", ""black"", ""white"", ""white"", ""black"", ""white"", ""black"", ""white"", ""white"", ""white"", ""black"", ""black"", ""black"", ""black"", ""black"", ""black"", ""white"", ""black"", ""white"", ""white"", ""white"", ""black"", ""white"", ""black""]",28,20,9,4206,,,,,
SONA_0007,19,32,55,6,50,4,2026-02-24T13:52:35+00:00,2026-02-24T14:27:35+00:00,male,senior,Sociology,,experiment,2,29,2026-02-24T14:16:19+00:00,green,32,black,"[""white"", ""white"", ""white"", ""white"", ""black"", ""black"", ""white"", ""white"", ""black"", ""white"", ""black"", ""white"", ""white"", ""white"", ""black"", ""black"", ""black"", ""black"", ""black"", ""black"", ""white"", ""black"", ""white"", ""white"", ""white"", ""black"", ""white"", ""black"", ""black""]",29,40,10,4034,,,,,
SONA_0007,19,32,55,6,50,4,2026-02-24T13:52:35+00:00,2026-02-24T14:27:35+00:00,male,senior,Sociology,,experiment,2,30,2026-02-24T14:13:05+00:00,green,32,white,"[""white"", ""white"", ""white"", ""white"", ""black"", ""black"", ""white"", ""white"", ""black"", ""white"", ""black"", ""white"", ""white"", ""white"", ""black"", ""black"", ""black"", ""black"", ""black"", ""black"", ""white"", ""black"", ""white"", ""white"", ""white"", ""black"", ""white"", ""black"", ""black"", ""white""]",30,35,8,4246,,,,,
SONA_0007,19,32,55,6,50,4,2026-02-24T13:52:35+00:00,2026-02-24T14:27:35+00:00,male,senior,Sociology,,experiment,2,31,2026-02-24T14:16:20+00:00,green,32,black,"[""white"", ""white"", ""white"", ""white"", ""black"", ""black"", ""white"", ""white"", ""black"", ""white"", ""black"", ""white"", ""white"", ""white"", ""black"", ""black"", ""black"", ""black"", ""black"", ""black"", ""white"", ""black"", ""white"", ""white"", ""white"", ""black"", ""white"", ""black"", ""black"", ""white"", ""black""]",31,30,8,3930,,,,,
SONA_0007,19,32,55,6,50,4,2026-02-24T13:52:35+00:00,2026-02-24T14:27:35+00:00,male,senior,Sociology,,experiment,2,32,2026-02-24T14:14:27+00:00,green,32,white,"[""white"", ""white"", ""white"", ""white"", ""black"", ""black"", ""white"", ""white"", ""black"", ""white"", ""black"", ""white"", ""white"", ""white"", ""black"", ""black"", ""black"", ""black"", ""black"", ""black"", ""white"", ""black"", ""white"", ""white"", ""white"", ""black"", ""white"", ""black"", ""black"", ""white"", ""black"", ""white""]",32,35,9,4707,,,,,
SONA_0007,19,32,55,6,50,4,2026-02-24T13:52:35+00:00,2026-02-24T14:27:35+00:00,male,senior,Sociology,,experiment,2,33,2026-02-24T14:16:17+00:00,green,32,black,"[""white"", ""white"", ""white"", ""white"", ""black"", ""black"", ""white"", ""white"", ""black"", ""white"", ""black"", ""white"", ""white"", ""white"", ""black"", ""black"", ""black"", ""black"", ""black"", ""black"", ""white"", ""black"", ""white"", ""white"", ""white"", ""black"", ""white"", ""black"", ""black"", ""white"", ""black"", ""white"", ""black""]",33,35,8,3708,,,,,
SONA_0007,19,32,55,6,50,4,2026-02-24T13:52:35+00:00,2026-02-24T14:27:35+00:00,male,senior,Sociology,,experiment,3,1,2026-02-24T14:19:47+00:00,red,19,white,"[""white""]",1,90,9,3828,,,,,
SONA_0007,19,32,55,6,50,4,2026-02-24T13:52:35+00:00,2026-02-24T14:27:35+00:00,male,senior,Sociology,,experiment,3,2,2026-02-24T14:19:57+00:00,red,19,white,"[""white"", ""white""]",2,100,8,2987,,,,,
SONA_0007,19,32,55,6,50,4,2026-02-24T13:52:35+00:00,2026-02-24T14:27:35+00:00,male,senior,Sociology,,experiment,3,3,2026-02-24T14:20:11+00:00,red,19,white,"[""white"", ""white"", ""white""]",3,100,9,3910,,,,,
SONA_0007,19,32,55,6,50,4,2026-02-24T13:52:35+00:00,2026-02-24T14:27:35+00:00,male,senior,Sociology,,experiment,3,4,2026-02-24T14:20:15+00:00,red,19,white,"[""white"", ""white"", ""white"", ""white""]",4,95,7,3453,,,,,
SONA_0007,19,32,55,6,50,4,2026-02-24T13:52:35+00:00,2026-02-24T14:27:35+00:00,male,senior,Sociology,,experiment,3,5,2026-02-24T14:20:55+00:00,red,19,black,"[""white"", ""white"", ""white"", ""white"", ""black""]",5,95,10,3890,,,,,
SONA_0007,19,32,55,6,50,4,2026-02-24T13:52:35+00:00,2026-02-24T14:27:35+00:00,male,senior,Sociology,,experiment,3,6,2026-02-24T14:21:17+00:00,red,19,white,"[""white"", ""white"", ""white"", ""white"", ""black"", ""white""]",6,95,8,3834,,,,,
SONA_0007,19,32,55,6,50,4,2026-02-24T13:52:35+00:00,2026-02-24T14:27:35+00:00,male,senior,Sociology,,experiment,3,7,2026-02-24T14:21:34+00:00,red,19,black,"[""white"", ""white"", ""white"", ""white"", ""black"", ""white"", ""black""]",7,90,9,4173,,,,,
SONA_0007,19,32,55,6,50,4,2026-02-24T13:52:35+00:00,2026-02-24T14:27:35+00:00,male,senior,Sociology,,experiment,3,8,2026-02-24T14:21:59+00:00,red,19,white,"[""white"", ""white"", ""white"", ""white"", ""black"", ""white"", ""black"", ""white""]",8,100,9,4074,,,,,
SONA_0007,19,32,55,6,50,4,2026-02-24T13:52:35+00:00,2026-02-24T14:27:35+00:00,male,senior,Sociology,,experiment,3,9,2026-02-24T14:21:59+00:00,red,19,white,"[""white"", ""white"", ""white"", ""white"", ""black"", ""white"", ""black"", ""white"", ""white""]",9,100,9,3599,,,,,
SONA_0007,19,32,55,6,50,4,2026-02-24T13:52:35+00:00,2026-02-24T14:27:35+00:00,male,senior,Sociology,,experiment,3,10,2026-02-24T14:21:05+00:00,red,19,white,"[""white"", ""white"", ""white"", ""white"", ""black"", ""white"", ""black"", ""white"", ""white"", ""white""]",10,95,10,4218,,,,,
SONA_0007,19,32,55,6,50,4,2026-02-24T13:52:35+00:00,2026-02-24T14:27:35+00:00,male,senior,Sociology,,experiment,3,11,2026-02-24T14:21:25+00:00,red,19,white,"[""white"", ""white"", ""white"", ""white"", ""black"", ""white"", ""black"", ""white"", ""white"", ""white"", ""white""]",11,85,9,4296,,,,,
SONA_0007,19,32,55,6,50,4,2026-02-24T13:52:35+00:00,2026-02-24T14:27:35+00:00,male,senior,Sociology,,experiment,3,12,2026-02-24T14:21:47+00:00,red,19,white,"[""white"", ""white"", ""white"", ""white"", ""black"", ""white"", ""black"", ""white"", ""white"", ""white"", ""white"", ""white""]",12,100,10,3731,,,,,
SONA_0007,19,32,55,6,50,4,2026-02-24T13:52:35+00:00,2026-02-24T14:27:35+00:00,male,senior,Sociology,,experiment,3,13,2026-02-24T14:23:03+00:00,red,19,white,"[""white"", ""white"", ""white"", ""white"", ""black"", ""white"", ""black"", ""white"", ""white"", ""white"", ""white"", ""white"", ""white""]",13,90,9,4007,,,,,
SONA_0007,19,32,55,6,50,4,2026-02-24T13:52:35+00:00,2026-02-24T14:27:35+00:00,male,senior,Sociology,,experiment,3,14,2026-02-24T14:21:55+00:00,red,19,black,"[""white"", ""white"", ""white"", ""white"", ""black"", ""white"", ""black"", ""white"", ""white"", ""white"", ""white"", ""white"", ""white"", ""black""]",14,100,9,3840,,,,,
SONA_0007,19,32,55,6,50,4,2026-02-24T13:52:35+00:00,2026-02-24T14:27:35+00:00,male,senior,Sociology,,experiment,3,15,2026-02-24T14:21:50+00:00,red,19,white,"[""white"", ""white"", ""white"", ""white"", ""black"", ""white"", ""black"", ""white"", ""white"", ""white"", ""white"", ""white"", ""white"", ""black"", ""white""]",15,100,10,3466,,,,,
SONA_0007,19,32,55,6,50,4,2026-02-24T13:52:35+00:00,2026-02-24T14:27:35+00:00,male,senior,Sociology,,experiment,3,16,2026-02-24T14:22:47+00:00,red,19,white,"[""white"", ""white"", ""white"", ""white"", ""black"", ""white"", ""black"", ""white"", ""white"", ""white"", ""white"", ""white"", ""white"", ""black"", ""white"", ""white""]",16,90,7,3480,,,,,
SONA_0007,19,32,55,6,50,4,2026-02-24T13:52:35+00:00,2026-02-24T14:27:35+00:00,male,senior,Sociology,,experiment,3,17,2026-02-24T14:22:42+00:00,red,19,white,"[""white"", ""white"", ""white"", ""white"", ""black"", ""white"", ""black"", ""white"", ""white"", ""white"", ""white"", ""white"", ""white"", ""black"", ""white"", ""white"", ""white""]",17,100,10,3775,,,,,
SONA_0007,19,32,55,6,50,4,2026-02-24T13:52:35+00:00,2026-02-24T14:27:35+00:00,male,senior,Sociology,,experiment,3,18,2026-02-24T14:23:29+00:00,red,19,black,"[""white"", ""white"", ""white"", ""white"", ""black"", ""white"", ""black"", ""white"", ""white"", ""white"", ""white"", ""white"", ""white"", ""black"", ""white"", ""white"", ""white"", ""black""]",18,100,10,2596,,,,,
SONA_0007,19,32,55,6,50,4,2026-02-24T13:52:35+00:00,2026-02-24T14:27:35+00:00,male,senior,Sociology,,experiment,3,19,2026-02-24T14:22:45+00:00,red,19,white,"[""white"", ""white"", ""white"", ""white"", ""black"", ""white"", ""black"", ""white"", ""white"", ""white"", ""white"", ""white"", ""white"", ""black"", ""white"", ""white"", ""white"", ""black"", ""white""]",19,100,10,3299,,,,,
SONA_0007,19,32,55,6,50,4,2026-02-24T13:52:35+00:00,2026-02-24T14:27:35+00:00,male,senior,Sociology,,experiment,3,20,2026-02-24T14:24:35+00:00,red,19,white,"[""white"", ""white"", ""white"", ""white"", ""black"", ""white"", ""black"", ""white"", ""white"", ""white"", ""white"", ""white"", ""white"", ""black"", ""white"", ""white"", ""white"", ""black"", ""white"", ""white""]",20,100,10,3321,,,,,
SONA_0007,19,32,55,6,50,4,2026-02-24T13:52:35+00:00,2026-02-24T14:27:35+00:00,male,senior,Sociology,,experiment,3,21,2026-02-24T14:24:50+00:00,red,19,white,"[""white"", ""white"", ""white"", ""white"", ""black"", ""white"", ""black"", ""white"", ""white"", ""white"", ""white"", ""white"", ""white"", ""black"", ""white"", ""white"", ""white"", ""black"", ""white"", ""white"", ""white""]",21,100,9,3638,,,,,
SONA_0007,19,32,55,6,50,4,2026-02-24T13:52:35+00:00,2026-02-24T14:27:35+00:00,male,senior,Sociology,,experiment,3,22,2026-02-24T14:26:11+00:00,red,19,black,"[""white"", ""white"", ""white"", ""white"", ""black"", ""white"", ""black"", ""white"", ""white"", ""white"", ""white"", ""white"", ""white"", ""black"", ""white"", ""white"", ""white"", ""black"", ""white"", ""white"", ""white"", ""black""]",22,95,10,3611,,,,,
SONA_0007,19,32,55,6,50,4,2026-02-24T13:52:35+00:00,2026-02-24T14:27:35+00:00,male,senior,Sociology,,experiment,3,23,2026-02-24T14:23:02+00:00,red,19,black,"[""white"", ""white"", ""white"", ""white"", ""black"", ""white"", ""black"", ""white"", ""white"", ""white"", ""white"", ""white"", ""white"", ""black"", ""white"", ""white"", ""white"", ""black"", ""white"", ""white"", ""white"", ""black"", ""black""]",23,95,9,3893,,,,,
SONA_0007,19,32,55,6,50,4,2026-02-24T13:52:35+00:00,2026-02-24T14:27:35+00:00,male,senior,Sociology,,experiment,3,24,2026-02-24T14:25:35+00:00,red,19,white,"[""white"", ""white"", ""white"", ""white"", ""black"", ""white"", ""black"", ""white"", ""white"", ""white"", ""white"", ""white"", ""white"", ""black"", ""white"", ""white"", ""white"", ""black"", ""white"", ""white"", ""white"", ""black"", ""black"", ""white""]",24,75,8,4103,,,,,
SONA_0007,19,32,55,6,50,4,2026-02-24T13:52:35+00:00,2026-02-24T14:27:35+00:00,male,senior,Sociology,,experiment,3,25,2026-02-24T14:24:10+00:00,red,19,white,"[""white"", ""white"", ""white"", ""white"", ""black"", ""white"", ""black"", ""white"", ""white"", ""white"", ""white"", ""white"", ""white"", ""black"", ""white"", ""white"", ""white"", ""black"", ""white"", ""white"", ""white"", ""black"", ""black"", ""white"", ""white""]",25,85,9,4069,,,,,
SONA_0007,19,32,55,6,50,4,2026-02-24T13:52:35+00:00,2026-02-24T14:27:35+00:00,male,senior,Sociology,,experiment,3,26,2026-02-24T14:26:57+00:00,red,19,white,"[""white"", ""white"", ""white"", ""white"", ""black"", ""white"", ""black"", ""white"", ""white"", ""white"", ""white"", ""white"", ""white"", ""black"", ""white"", ""white"", ""white"", ""black"", ""white"", ""white"", ""white"", ""black"", ""black"", ""white"", ""white"", ""white""]",26,100,10,3388,,,,,
SONA_0007,19,32,55,6,50,4,2026-02-24T13:52:35+00:00,2026-02-24T14:27:35+00:00,male,senior,Sociology,,experiment,3,27,2026-02-24T14:24:59+00:00,red,19,white,"[""white"", ""white"", ""white"", ""white"", ""black"", ""white"", ""black"", ""white"", ""white"", ""white"", ""white"", ""white"", ""white"", ""black"", ""white"", ""white"", ""white"", ""black"", ""white"", ""white"", ""white"", ""black"", ""black"", ""white"", ""white"", ""white"", ""white""]",27,100,10,4181,,,,,
SONA_0007,19,32,55,6,50,4,2026-02-24T13:52:35+00:00,2026-02-24T14:27:35+00:00,male,senior,Sociology,,experiment,3,28,2026-02-24T14:27:59+00:00,red,19,black,"[""white"", ""white"", ""white"", ""white"", ""black"", ""white"", ""black"", ""white"", ""white"", ""white"", ""white"", ""white"", ""white"", ""black"", ""white"", ""white"", ""white"", ""black"", ""white"", ""white"", ""white"", ""black"", ""black"", ""white"", ""white"", ""white"", ""white"", ""black""]",28,100,10,2891,,,,,
SONA_0007,19,32,55,6,50,4,2026-02-24T13:52:35+00:00,2026-02-24T14:27:35+00:00,male,senior,Sociology,,experiment,3,29,2026-02-24T14:28:17+00:00,red,19,white,"[""white"", ""white"", ""white"", ""white"", ""black"", ""white"", ""black"", ""white"", ""white"", ""white"", ""white"", ""white"", ""white"", ""black"", ""white"", ""white"", ""white"", ""black"", ""white"", ""white"", ""white"", ""black"", ""black"", ""white"", ""white"", ""white"", ""white"", ""black"", ""white""]",29,95,10,3140,,,,,
SONA_0007,19,32,55,6,50,4,2026-02-24T13:52:35+00:00,2026-02-24T14:27:35+00:00,male,senior,Sociology,,experiment,3,30,2026-02-24T14:28:35+00:00,red,19,white,"[""white"", ""white"", ""white"", ""white"", ""black"", ""white"", ""black"", ""white"", ""white"", ""white"", ""white"", ""white"", ""white"", ""black"", ""white"", ""white"", ""white"", ""black"", ""white"", ""white"", ""white"", ""black"", ""black"", ""white"", ""white"", ""white"", ""white"", ""black"", ""white"", ""white""]",30,100,10,3508,,,,,
SONA_0007,19,32,55,6,50,4,2026-02-24T13:52:35+00:00,2026-02-24T14:27:35+00:00,male,senior,Sociology,,experiment,3,31,2026-02-24T14:26:49+00:00,red,19,white,"[""white"", ""white"", ""white"", ""white"", ""black"", ""white"", ""black"", ""white"", ""white"", ""white"", ""white"", ""white"", ""white"", ""black"", ""white"", ""white"", ""white"", ""black"", ""white"", ""white"", ""white"", ""black"", ""black"", ""white"", ""white"", ""white"", ""white"", ""black"", ""white"", ""white"", ""white""]",31,80,8,3737,,,,,
SONA_0007,19,32,55,6,50,4,2026-02-24T13:52:35+00:00,2026-02-24T14:27:35+00:00,male,senior,Sociology,,experiment,3,32,2026-02-24T14:28:39+00:00,red,19,white,"[""white"", ""white"", ""white"", ""white"", ""black"", ""white"", ""black"", ""white"", ""white"", ""white"", ""white"", ""white"", ""white"", ""black"", ""white"", ""white"", ""white"", ""black"", ""white"", ""white"", ""white"", ""black"", ""black"", ""white"", ""white"", ""white"", ""white"", ""black"", ""white"", ""white"", ""white"", ""white""]",32,100,10,3382,,,,,
SONA_0007,19,32,55,6,50,4,2026-02-24T13:52:35+00:00,2026-02-24T14:27:35+00:00,male,senior,Sociology,,experiment,3,33,2026-02-24T14:24:32+00:00,red,19,white,"[""white"", ""white"", ""white"", ""white"", ""black"", ""white"", ""black"", ""white"", ""white"", ""white"", ""white"", ""white"", ""white"", ""black"", ""white"", ""white"", ""white"", ""black"", ""white"", ""white"", ""white"", ""black"", ""black"", ""white"", ""white"", ""white"", ""white"", ""black"", ""white"", ""white"", ""white"", ""white"", ""white""]",33,100,10,3167,,,,,
SONA_0008,98,19,60,4,55,6,2026-02-24T09:50:21+00:00,2026-02-24T10:22:21+00:00,prefer-not-to-share,junior,Neuroscience,,experiment,1,1,2026-02-24T09:53:37+00:00,red,98,black,"[""black""]",1,65,8,4821,,,,,
SONA_0008,98,19,60,4,55,6,2026-02-24T09:50:21+00:00,2026-02-24T10:22:21+00:00,prefer-not-to-share,junior,Neuroscience,,experiment,1,2,2026-02-24T09:53:57+00:00,red,98,black,"[""black"", ""black""]",2,70,8,4392,,,,,
SONA_0008,98,19,60,4,55,6,2026-02-24T09:50:21+00:00,2026-02-24T10:22:21+00:00,prefer-not-to-share,junior,Neuroscience,,experiment,1,3,2026-02-24T09:54:06+00:00,red,98,black,"[""black"", ""black"", ""black""]",3,70,8,4980,,,,,
SONA_0008,98,19,60,4,55,6,2026-02-24T09:50:21+00:00,2026-02-24T10:22:21+00:00,prefer-not-to-share,junior,Neuroscience,,experiment,1,4,2026-02-24T09:54:33+00:00,red,98,black,"[""black"", ""black"", ""black"", ""black""]",4,75,7,4215,,,,,
SONA_0008,98,19,60,4,55,6,2026-02-24T09:50:21+00:00,2026-02-24T10:22:21+00:00,prefer-not-to-share,junior,Neuroscience,,experiment,1,5,2026-02-24T09:54:51+00:00,red,98,black,"[""black"", ""black"", ""black"", ""black"", ""black""]",5,75,9,4027,,,,,
SONA_0008,98,19,60,4,55,6,2026-02-24T09:50:21+00:00,2026-02-24T10:22:21+00:00,prefer-not-to-share,junior,Neuroscience,,experiment,1,6,2026-02-24T09:54:39+00:00,red,98,black,"[""black"", ""black"", ""black"", ""black"", ""black"", ""black""]",6,85,7,2294,,,,,
SONA_0008,98,19,60,4,55,6,2026-02-24T09:50:21+00:00,2026-02-24T10:22:21+00:00,prefer-not-to-share,junior,Neuroscience,,experiment,1,7,2026-02-24T09:54:24+00:00,red,98,black,"[""black"", ""black"", ""black"", ""black"", ""black"", ""black"", ""black""]",7,80,8,3728,,,,,
SONA_0008,98,19,60,4,55,6,2026-02-24T09:50:21+00:00,2026-02-24T10:22:21+00:00,prefer-not-to-share,junior,Neuroscience,,experiment,1,8,2026-02-24T09:55:37+00:00,red,98,black,"[""black"", ""black"", ""black"", ""black"", ""black"", ""black"", ""black"", ""black""]",8,85,9,4129,,,,,
SONA_0008,98,19,60,4,55,6,2026-02-24T09:50:21+00:00,2026-02-24T10:22:21+00:00,prefer-not-to-share,junior,Neuroscience,,experiment,1,9,2026-02-24T09:55:27+00:00,red,98,black,"[""black"", ""black"", ""black"", ""black"", ""black"", ""black"", ""black"", ""black"", ""black""]",9,90,9,3168,,,,,
SONA_0008,98,19,60,4,55,6,2026-02-24T09:50:21+00:00,2026-02-24T10:22:21+00:00,prefer-not-to-share,junior,Neuroscience,,experiment,1,10,2026-02-24T09:55:01+00:00,red,98,black,"[""black"", ""black"", ""black"", ""black"", ""black"", ""black"", ""black"", ""black"", ""black"", ""black""]",10,80,9,4156,,,,,
SONA_0008,98,19,60,4,55,6,2026-02-24T09:50:21+00:00,2026-02-24T10:22:21+00:00,prefer-not-to-share,junior,Neuroscience,,experiment,1,11,2026-02-24T09:55:11+00:00,red,98,black,"[""black"", ""black"", ""black"", ""black"", ""black"", ""black"", ""black"", ""black"", ""black"", ""black"", ""black""]",11,85,8,3890,,,,,
SONA_0008,98,19,60,4,55,6,2026-02-24T09:50:21+00:00,2026-02-24T10:22:21+00:00,prefer-not-to-share,junior,Neuroscience,,experiment,1,12,2026-02-24T09:56:45+00:00,red,98,black,"[""black"", ""black"", ""black"", ""black"", ""black"", ""black"", ""black"", ""black"", ""black"", ""black"", ""black"", ""black""]",12,85,9,4009,,,,,
SONA_0008,98,19,60,4,55,6,2026-02-24T09:50:21+00:00,2026-02-24T10:22:21+00:00,prefer-not-to-share,junior,Neuroscience,,experiment,1,13,2026-02-24T09:56:10+00:00,red,98,black,"[""black"", ""black"", ""black"", ""black"", ""black"", ""black"", ""black"", ""black"", ""black"", ""black"", ""black"", ""black"", ""black""]",13,85,5,3949,,,,,
SONA_0008,98,19,60,4,55,6,2026-02-24T09:50:21+00:00,2026-02-24T10:22:21+00:00,prefer-not-to-share,junior,Neuroscience,,experiment,1,14,2026-02-24T09:55:55+00:00,red,98,black,"[""black"", ""black"", ""black"", ""black"", ""black"", ""black"", ""black"", ""black"", ""black"", ""black"", ""black"", ""black"", ""black"", ""black""]",14,90,8,3978,,,,,
SONA_0008,98,19,60,4,55,6,2026-02-24T09:50:21+00:00,2026-02-24T10:22:21+00:00,prefer-not-to-share,junior,Neuroscience,,experiment,1,15,2026-02-24T09:56:36+00:00,red,98,black,"[""black"", ""black"", ""black"", ""black"", ""black"", ""black"", ""black"", ""black"", ""black"", ""black"", ""black"", ""black"", ""black"", ""black"", ""black""]",15,95,8,3682,,,,,
SONA_0008,98,19,60,4,55,6,2026-02-24T09:50:21+00:00,2026-02-24T10:22:21+00:00,prefer-not-to-share,junior,Neuroscience,,experiment,1,16,2026-02-24T09:56:33+00:00,red,98,black,"[""black"", ""black"", ""black"", ""black"", ""black"", ""black"", ""black"", ""black"", ""black"", ""black"", ""black"", ""black"", ""black"", ""black"", ""black"", ""black""]",16,85,9,4058,,,,,
SONA_0008,98,19,60,4,55,6,2026-02-24T09:50:21+00:00,2026-02-24T10:22:21+00:00,prefer-not-to-share,junior,Neuroscience,,experiment,1,17,2026-02-24T09:56:45+00:00,red,98,black,"[""black"", ""black"", ""black"", ""black"", ""black"", ""black"", ""black"", ""black"", ""black"", ""black"", ""black"", ""black"", ""black"", ""black"", ""black"", ""black"", ""black""]",17,90,9,4168,,,,,
SONA_0008,98,19,60,4,55,6,2026-02-24T09:50:21+00:00,2026-02-24T10:22:21+00:00,prefer-not-to-share,junior,Neuroscience,,experiment,1,18,2026-02-24T09:56:21+00:00,red,98,black,"[""black"", ""black"", ""black"", ""black"", ""black"", ""black"", ""black"", ""black"", ""black"", ""black"", ""black"", ""black"", ""black"", ""black"", ""black"", ""black"", ""black"", ""black""]",18,85,9,4265,,,,,
SONA_0008,98,19,60,4,55,6,2026-02-24T09:50:21+00:00,2026-02-24T10:22:21+00:00,prefer-not-to-share,junior,Neuroscience,,experiment,1,19,2026-02-24T09:55:53+00:00,red,98,black,"[""black"", ""black"", ""black"", ""black"", ""black"", ""black"", ""black"", ""black"", ""black"", ""black"", ""black"", ""black"", ""black"", ""black"", ""black"", ""black"", ""black"", ""black"", ""black""]",19,85,9,3673,,,,,
SONA_0008,98,19,60,4,55,6,2026-02-24T09:50:21+00:00,2026-02-24T10:22:21+00:00,prefer-not-to-share,junior,Neuroscience,,experiment,1,20,2026-02-24T09:59:21+00:00,red,98,black,"[""black"", ""black"", ""black"", ""black"", ""black"", ""black"", ""black"", ""black"", ""black"", ""black"", ""black"", ""black"", ""black"", ""black"", ""black"", ""black"", ""black"", ""black"", ""black"", ""black""]",20,90,8,4064,,,,,
SONA_0008,98,19,60,4,55,6,2026-02-24T09:50:21+00:00,2026-02-24T10:22:21+00:00,prefer-not-to-share,junior,Neuroscience,,experiment,1,21,2026-02-24T09:57:33+00:00,red,98,black,"[""black"", ""black"", ""black"", ""black"", ""black"", ""black"", ""black"", ""black"", ""black"", ""black"", ""black"", ""black"", ""black"", ""black"", ""black"", ""black"", ""black"", ""black"", ""black"", ""black"", ""black""]",21,95,8,4765,,,,,
SONA_0008,98,19,60,4,55,6,2026-02-24T09:50:21+00:00,2026-02-24T10:22:21+00:00,prefer-not-to-share,junior,Neuroscience,,experiment,1,22,2026-02-24T09:57:23+00:00,red,98,black,"[""black"", ""black"", ""black"", ""black"", ""black"", ""black"", ""black"", ""black"", ""black"", ""black"", ""black"", ""black"", ""black"", ""black"", ""black"", ""black"", ""black"", ""black"", ""black"", ""black"", ""black"", ""black""]",22,95,10,3386,,,,,
SONA_0008,98,19,60,4,55,6,2026-02-24T09:50:21+00:00,2026-02-24T10:22:21+00:00,prefer-not-to-share,junior,Neuroscience,,experiment,1,23,2026-02-24T09:59:29+00:00,red,98,black,"[""black"", ""black"", ""black"", ""black"", ""black"", ""black"", ""black"", ""black"", ""black"", ""black"", ""black"", ""black"", ""black"", ""black"", ""black"", ""black"", ""black"", ""black"", ""black"", ""black"", ""black"", ""black"", ""black""]",23,90,9,3849,,,,,
SONA_0008,98,19,60,4,55,6,2026-02-24T09:50:21+00:00,2026-02-24T10:22:21+00:00,prefer-not-to-share,junior,Neuroscience,,experiment,1,24,2026-02-24T09:57:21+00:00,red,98,black,"[""black"", ""black"", ""black"", ""black"", ""black"", ""black"", ""black"", ""black"", ""black"", ""black"", ""black"", ""black"", ""black"", ""black"", ""black"", ""black"", ""black"", ""black"", ""black"", ""black"", ""black"", ""black"", ""black"", ""black""]",24,90,9,4173,,,,,
SONA_0008,98,19,60,4,55,6,2026-02-24T09:50:21+00:00,2026-02-24T10:22:21+00:00,prefer-not-to-share,junior,Neuroscience,,experiment,1,25,2026-02-24T09:57:06+00:00,red,98,black,"[""black"", ""black"", ""black"", ""black"", ""black"", ""black"", ""black"", ""black"", ""black"", ""black"", ""black"", ""black"", ""black"", ""black"", ""black"", ""black"", ""black"", ""black"", ""black"", ""black"", ""black"", ""black"", ""black"", ""black"", ""black""]",25,90,9,4560,,,,,
SONA_0008,98,19,60,4,55,6,2026-02-24T09:50:21+00:00,2026-02-24T10:22:21+00:00,prefer-not-to-share,junior,Neuroscience,,experiment,1,26,2026-02-24T09:58:59+00:00,red,98,black,"[""black"", ""black"", ""black"", ""black"", ""black"", ""black"", ""black"", ""black"", ""black"", ""black"", ""black"", ""black"", ""black"", ""black"", ""black"", ""black"", ""black"", ""black"", ""black"", ""black"", ""black"", ""black"", ""black"", ""black"", ""black"", ""black""]",26,90,7,3873,,,,,
SONA_0008,98,19,60,4,55,6,2026-02-24T09:50:21+00:00,2026-02-24T10:22:21+00:00,prefer-not-to-share,junior,Neuroscience,,experiment,1,27,2026-02-24T09:59:12+00:00,red,98,black,"[""black"", ""black"", ""black"", ""black"", ""black"", ""black"", ""black"", ""black"", ""black"", ""black"", ""black"", ""black"", ""black"", ""black"", ""black"", ""black"", ""black"", ""black"", ""black"", ""black"", ""black"", ""black"", ""black"", ""black"", ""black"", ""black"", ""black""]",27,90,9,3473,,,,,
SONA_0008,98,19,60,4,55,6,2026-02-24T09:50:21+00:00,2026-02-24T10:22:21+00:00,prefer-not-to-share,junior,Neuroscience,,experiment,1,28,2026-02-24T10:01:17+00:00,red,98,black,"[""black"", ""black"", ""black"", ""black"", ""black"", ""black"", ""black"", ""black"", ""black"", ""black"", ""black"", ""black"", ""black"", ""black"", ""black"", ""black"", ""black"", ""black"", ""black"", ""black"", ""black"", ""black"", ""black"", ""black"", ""black"", ""black"", ""black"", ""black""]",28,90,8,3398,,,,,
SONA_0008,98,19,60,4,55,6,2026-02-24T09:50:21+00:00,2026-02-24T10:22:21+00:00,prefer-not-to-share,junior,Neuroscience,,experiment,1,29,2026-02-24T09:58:40+00:00,red,98,black,"[""black"", ""black"", ""black"", ""black"", ""black"", ""black"", ""black"", ""black"", ""black"", ""black"", ""black"", ""black"", ""black"", ""black"", ""black"", ""black"", ""black"", ""black"", ""black"", ""black"", ""black"", ""black"", ""black"", ""black"", ""black"", ""black"", ""black"", ""black"", ""black""]",29,90,8,3264,,,,,
SONA_0008,98,19,60,4,55,6,2026-02-24T09:50:21+00:00,2026-02-24T10:22:21+00:00,prefer-not-to-share,junior,Neuroscience,,experiment,1,30,2026-02-24T10:00:51+00:00,red,98,black,"[""black"", ""black"", ""black"", ""black"", ""black"", ""black"", ""black"", ""black"", ""black"", ""black"", ""black"", ""black"", ""black"", ""black"", ""black"", ""black"", ""black"", ""black"", ""black"", ""black"", ""black"", ""black"", ""black"", ""black"", ""black"", ""black"", ""black"", ""black"", ""black"", ""black""]",30,95,8,3321,,,,,
SONA_0008,98,19,60,4,55,6,2026-02-24T09:50:21+00:00,2026-02-24T10:22:21+00:00,prefer-not-to-share,junior,Neuroscience,,experiment,1,31,2026-02-24T09:59:33+00:00,red,98,black,"[""black"", ""black"", ""black"", ""black"", ""black"", ""black"", ""black"", ""black"", ""black"", ""black"", ""black"", ""black"", ""black"", ""black"", ""black"", ""black"", ""black"", ""black"", ""black"", ""black"", ""black"", ""black"", ""black"", ""black"", ""black"", ""black"", ""black"", ""black"", ""black"", ""black"", ""black""]",31,95,10,3706,,,,,
SONA_0008,98,19,60,4,55,6,2026-02-24T09:50:21+00:00,2026-02-24T10:22:21+00:00,prefer-not-to-share,junior,Neuroscience,,experiment,1,32,2026-02-24T09:58:41+00:00,red,98,black,"[""black"", ""black"", ""black"", ""black"", ""black"", ""black"", ""black"", ""black"", ""black"", ""black"", ""black"", ""black"", ""black"", ""black"", ""black"", ""black"", ""black"", ""black"", ""black"", ""black"", ""black"", ""black"", ""black"", ""black"", ""black"", ""black"", ""black"", ""black"", ""black"", ""black"", ""black"", ""black""]",32,90,8,3928,,,,,
SONA_0008,98,19,60,4,55,6,2026-02-24T09:50:21+00:00,2026-02-24T10:22:21+00:00,prefer-not-to-share,junior,Neuroscience,,experiment,1,33,2026-02-24T09:57:45+00:00,red,98,black,"[""black"", ""black"", ""black"", ""black"", ""black"", ""black"", ""black"", ""black"", ""black"", ""black"", ""black"", ""black"", ""black"", ""black"", ""black"", ""black"", ""black"", ""black"", ""black"", ""black"", ""black"", ""black"", ""black"", ""black"", ""black"", ""black"", ""black"", ""black"", ""black"", ""black"", ""black"", ""black"", ""black""]",33,95,9,3927,,,,,
SONA_0008,98,19,60,4,55,6,2026-02-24T09:50:21+00:00,2026-02-24T10:22:21+00:00,prefer-not-to-share,junior,Neuroscience,,experiment,2,1,2026-02-24T10:01:33+00:00,green,19,white,"[""white""]",1,60,8,3913,,,,,
SONA_0008,98,19,60,4,55,6,2026-02-24T09:50:21+00:00,2026-02-24T10:22:21+00:00,prefer-not-to-share,junior,Neuroscience,,experiment,2,2,2026-02-24T10:01:41+00:00,green,19,white,"[""white"", ""white""]",2,75,7,4465,,,,,
SONA_0008,98,19,60,4,55,6,2026-02-24T09:50:21+00:00,2026-02-24T10:22:21+00:00,prefer-not-to-share,junior,Neuroscience,,experiment,2,3,2026-02-24T10:01:48+00:00,green,19,white,"[""white"", ""white"", ""white""]",3,80,9,3880,,,,,
SONA_0008,98,19,60,4,55,6,2026-02-24T09:50:21+00:00,2026-02-24T10:22:21+00:00,prefer-not-to-share,junior,Neuroscience,,experiment,2,4,2026-02-24T10:02:01+00:00,green,19,white,"[""white"", ""white"", ""white"", ""white""]",4,85,8,3228,,,,,
SONA_0008,98,19,60,4,55,6,2026-02-24T09:50:21+00:00,2026-02-24T10:22:21+00:00,prefer-not-to-share,junior,Neuroscience,,experiment,2,5,2026-02-24T10:02:26+00:00,green,19,white,"[""white"", ""white"", ""white"", ""white"", ""white""]",5,90,9,4314,,,,,
SONA_0008,98,19,60,4,55,6,2026-02-24T09:50:21+00:00,2026-02-24T10:22:21+00:00,prefer-not-to-share,junior,Neuroscience,,experiment,2,6,2026-02-24T10:02:21+00:00,green,19,white,"[""white"", ""white"", ""white"", ""white"", ""white"", ""white""]",6,95,9,2834,,,,,
SONA_0008,98,19,60,4,55,6,2026-02-24T09:50:21+00:00,2026-02-24T10:22:21+00:00,prefer-not-to-share,junior,Neuroscience,,experiment,2,7,2026-02-24T10:02:24+00:00,green,19,black,"[""white"", ""white"", ""white"", ""white"", ""white"", ""white"", ""black""]",7,85,7,3979,,,,,
SONA_0008,98,19,60,4,55,6,2026-02-24T09:50:21+00:00,2026-02-24T10:22:21+00:00,prefer-not-to-share,junior,Neuroscience,,experiment,2,8,2026-02-24T10:03:37+00:00,green,19,white,"[""white"", ""white"", ""white"", ""white"", ""white"", ""white"", ""black"", ""white""]",8,95,8,3673,,,,,
SONA_0008,98,19,60,4,55,6,2026-02-24T09:50:21+00:00,2026-02-24T10:22:21+00:00,prefer-not-to-share,junior,Neuroscience,,experiment,2,9,2026-02-24T10:04:03+00:00,green,19,white,"[""white"", ""white"", ""white"", ""white"", ""white"", ""white"", ""black"", ""white"", ""white""]",9,95,9,3097,,,,,
SONA_0008,98,19,60,4,55,6,2026-02-24T09:50:21+00:00,2026-02-24T10:22:21+00:00,prefer-not-to-share,junior,Neuroscience,,experiment,2,10,2026-02-24T10:03:01+00:00,green,19,white,"[""white"", ""white"", ""white"", ""white"", ""white"", ""white"", ""black"", ""white"", ""white"", ""white""]",10,100,9,3655,,,,,
SONA_0008,98,19,60,4,55,6,2026-02-24T09:50:21+00:00,2026-02-24T10:22:21+00:00,prefer-not-to-share,junior,Neuroscience,,experiment,2,11,2026-02-24T10:04:06+00:00,green,19,black,"[""white"", ""white"", ""white"", ""white"", ""white"", ""white"", ""black"", ""white"", ""white"", ""white"", ""black""]",11,90,10,4023,,,,,
SONA_0008,98,19,60,4,55,6,2026-02-24T09:50:21+00:00,2026-02-24T10:22:21+00:00,prefer-not-to-share,junior,Neuroscience,,experiment,2,12,2026-02-24T10:04:21+00:00,green,19,white,"[""white"", ""white"", ""white"", ""white"", ""white"", ""white"", ""black"", ""white"", ""white"", ""white"", ""black"", ""white""]",12,90,9,3758,,,,,
SONA_0008,98,19,60,4,55,6,2026-02-24T09:50:21+00:00,2026-02-24T10:22:21+00:00,prefer-not-to-share,junior,Neuroscience,,experiment,2,13,2026-02-24T10:03:18+00:00,green,19,black,"[""white"", ""white"", ""white"", ""white"", ""white"", ""white"", ""black"", ""white"", ""white"", ""white"", ""black"", ""white"", ""black""]",13,90,8,3358,,,,,
SONA_0008,98,19,60,4,55,6,2026-02-24T09:50:21+00:00,2026-02-24T10:22:21+00:00,prefer-not-to-share,junior,Neuroscience,,experiment,2,14,2026-02-24T10:04:09+00:00,green,19,white,"[""white"", ""white"", ""white"", ""white"", ""white"", ""white"", ""black"", ""white"", ""white"", ""white"", ""black"", ""white"", ""black"", ""white""]",14,90,10,3699,,,,,
SONA_0008,98,19,60,4,55,6,2026-02-24T09:50:21+00:00,2026-02-24T10:22:21+00:00,prefer-not-to-share,junior,Neuroscience,,experiment,2,15,2026-02-24T10:05:21+00:00,green,19,white,"[""white"", ""white"", ""white"", ""white"", ""white"", ""white"", ""black"", ""white"", ""white"", ""white"", ""black"", ""white"", ""black"", ""white"", ""white""]",15,95,9,3842,,,,,
SONA_0008,98,19,60,4,55,6,2026-02-24T09:50:21+00:00,2026-02-24T10:22:21+00:00,prefer-not-to-share,junior,Neuroscience,,experiment,2,16,2026-02-24T10:04:01+00:00,green,19,white,"[""white"", ""white"", ""white"", ""white"", ""white"", ""white"", ""black"", ""white"", ""white"", ""white"", ""black"", ""white"", ""black"", ""white"", ""white"", ""white""]",16,95,8,3965,,,,,
SONA_0008,98,19,60,4,55,6,2026-02-24T09:50:21+00:00,2026-02-24T10:22:21+00:00,prefer-not-to-share,junior,Neuroscience,,experiment,2,17,2026-02-24T10:05:02+00:00,green,19,white,"[""white"", ""white"", ""white"", ""white"", ""white"", ""white"", ""black"", ""white"", ""white"", ""white"", ""black"", ""white"", ""black"", ""white"", ""white"", ""white"", ""white""]",17,95,10,3418,,,,,
SONA_0008,98,19,60,4,55,6,2026-02-24T09:50:21+00:00,2026-02-24T10:22:21+00:00,prefer-not-to-share,junior,Neuroscience,,experiment,2,18,2026-02-24T10:06:27+00:00,green,19,white,"[""white"", ""white"", ""white"", ""white"", ""white"", ""white"", ""black"", ""white"", ""white"", ""white"", ""black"", ""white"", ""black"", ""white"", ""white"", ""white"", ""white"", ""white""]",18,100,10,3829,,,,,
SONA_0008,98,19,60,4,55,6,2026-02-24T09:50:21+00:00,2026-02-24T10:22:21+00:00,prefer-not-to-share,junior,Neuroscience,,experiment,2,19,2026-02-24T10:06:06+00:00,green,19,white,"[""white"", ""white"", ""white"", ""white"", ""white"", ""white"", ""black"", ""white"", ""white"", ""white"", ""black"", ""white"", ""black"", ""white"", ""white"", ""white"", ""white"", ""white"", ""white""]",19,100,9,3306,,,,,
SONA_0008,98,19,60,4,55,6,2026-02-24T09:50:21+00:00,2026-02-24T10:22:21+00:00,prefer-not-to-share,junior,Neuroscience,,experiment,2,20,2026-02-24T10:07:21+00:00,green,19,white,"[""white"", ""white"", ""white"", ""white"", ""white"", ""white"", ""black"", ""white"", ""white"", ""white"", ""black"", ""white"", ""black"", ""white"", ""white"", ""white"", ""white"", ""white"", ""white"", ""white""]",20,100,9,4064,,,,,
SONA_0008,98,19,60,4,55,6,2026-02-24T09:50:21+00:00,2026-02-24T10:22:21+00:00,prefer-not-to-share,junior,Neuroscience,,experiment,2,21,2026-02-24T10:07:18+00:00,green,19,black,"[""white"", ""white"", ""white"", ""white"", ""white"", ""white"", ""black"", ""white"", ""white"", ""white"", ""black"", ""white"", ""black"", ""white"", ""white"", ""white"", ""white"", ""white"", ""white"", ""white"", ""black""]",21,95,10,3907,,,,,
SONA_0008,98,19,60,4,55,6,2026-02-24T09:50:21+00:00,2026-02-24T10:22:21+00:00,prefer-not-to-share,junior,Neuroscience,,experiment,2,22,2026-02-24T10:06:51+00:00,green,19,white,"[""white"", ""white"", ""white"", ""white"", ""white"", ""white"", ""black"", ""white"", ""white"", ""white"", ""black"", ""white"", ""black"", ""white"", ""white"", ""white"", ""white"", ""white"", ""white"", ""white"", ""black"", ""white""]",22,100,9,3659,,,,,
SONA_0008,98,19,60,4,55,6,2026-02-24T09:50:21+00:00,2026-02-24T10:22:21+00:00,prefer-not-to-share,junior,Neuroscience,,experiment,2,23,2026-02-24T10:05:11+00:00,green,19,white,"[""white"", ""white"", ""white"", ""white"", ""white"", ""white"", ""black"", ""white"", ""white"", ""white"", ""black"", ""white"", ""black"", ""white"", ""white"", ""white"", ""white"", ""white"", ""white"", ""white"", ""black"", ""white"", ""white""]",23,95,9,2815,,,,,
SONA_0008,98,19,60,4,55,6,2026-02-24T09:50:21+00:00,2026-02-24T10:22:21+00:00,prefer-not-to-share,junior,Neuroscience,,experiment,2,24,2026-02-24T10:06:33+00:00,green,19,white,"[""white"", ""white"", ""white"", ""white"", ""white"", ""white"", ""black"", ""white"", ""white"", ""white"", ""black"", ""white"", ""black"", ""white"", ""white"", ""white"", ""white"", ""white"", ""white"", ""white"", ""black"", ""white"", ""white"", ""white""]",24,100,8,3496,,,,,
SONA_0008,98,19,60,4,55,6,2026-02-24T09:50:21+00:00,2026-02-24T10:22:21+00:00,prefer-not-to-share,junior,Neuroscience,,experiment,2,25,2026-02-24T10:07:11+00:00,green,19,white,"[""white"", ""white"", ""white"", ""white"", ""white"", ""white"", ""black"", ""white"", ""white"", ""white"", ""black"", ""white"", ""black"", ""white"", ""white"", ""white"", ""white"", ""white"", ""white"", ""white"", ""black"", ""white"", ""white"", ""white"", ""white""]",25,95,10,2627,,,,,
SONA_0008,98,19,60,4,55,6,2026-02-24T09:50:21+00:00,2026-02-24T10:22:21+00:00,prefer-not-to-share,junior,Neuroscience,,experiment,2,26,2026-02-24T10:06:33+00:00,green,19,white,"[""white"", ""white"", ""white"", ""white"", ""white"", ""white"", ""black"", ""white"", ""white"", ""white"", ""black"", ""white"", ""black"", ""white"", ""white"", ""white"", ""white"", ""white"", ""white"", ""white"", ""black"", ""white"", ""white"", ""white"", ""white"", ""white""]",26,95,9,3397,,,,,
SONA_0008,98,19,60,4,55,6,2026-02-24T09:50:21+00:00,2026-02-24T10:22:21+00:00,prefer-not-to-share,junior,Neuroscience,,experiment,2,27,2026-02-24T10:09:27+00:00,green,19,white,"[""white"", ""white"", ""white"", ""white"", ""white"", ""white"", ""black"", ""white"", ""white"", ""white"", ""black"", ""white"", ""black"", ""white"", ""white"", ""white"", ""white"", ""white"", ""white"", ""white"", ""black"", ""white"", ""white"", ""white"", ""white"", ""white"", ""white""]",27,95,8,3561,,,,,
SONA_0008,98,19,60,4,55,6,2026-02-24T09:50:21+00:00,2026-02-24T10:22:21+00:00,prefer-not-to-share,junior,Neuroscience,,experiment,2,28,2026-02-24T10:09:17+00:00,green,19,white,"[""white"", ""white"", ""white"", ""white"", ""white"", ""white"", ""black"", ""white"", ""white"", ""white"", ""black"", ""white"", ""black"", ""white"", ""white"", ""white"", ""white"", ""white"", ""white"", ""white"", ""black"", ""white"", ""white"", ""white"", ""white"", ""white"", ""white"", ""white""]",28,95,9,3460,,,,,
SONA_0008,98,19,60,4,55,6,2026-02-24T09:50:21+00:00,2026-02-24T10:22:21+00:00,prefer-not-to-share,junior,Neuroscience,,experiment,2,29,2026-02-24T10:08:07+00:00,green,19,black,"[""white"", ""white"", ""white"", ""white"", ""white"", ""white"", ""black"", ""white"", ""white"", ""white"", ""black"", ""white"", ""black"", ""white"", ""white"", ""white"", ""white"", ""white"", ""white"", ""white"", ""black"", ""white"", ""white"", ""white"", ""white"", ""white"", ""white"", ""white"", ""black""]",29,95,8,2816,,,,,
SONA_0008,98,19,60,4,55,6,2026-02-24T09:50:21+00:00,2026-02-24T10:22:21+00:00,prefer-not-to-share,junior,Neuroscience,,experiment,2,30,2026-02-24T10:07:21+00:00,green,19,white,"[""white"", ""white"", ""white"", ""white"", ""white"", ""white"", ""black"", ""white"", ""white"", ""white"", ""black"", ""white"", ""black"", ""white"", ""white"", ""white"", ""white"", ""white"", ""white"", ""white"", ""black"", ""white"", ""white"", ""white"", ""white"", ""white"", ""white"", ""white"", ""black"", ""white""]",30,95,8,3600,,,,,
SONA_0008,98,19,60,4,55,6,2026-02-24T09:50:21+00:00,2026-02-24T10:22:21+00:00,prefer-not-to-share,junior,Neuroscience,,experiment,2,31,2026-02-24T10:06:31+00:00,green,19,black,"[""white"", ""white"", ""white"", ""white"", ""white"", ""white"", ""black"", ""white"", ""white"", ""white"", ""black"", ""white"", ""black"", ""white"", ""white"", ""white"", ""white"", ""white"", ""white"", ""white"", ""black"", ""white"", ""white"", ""white"", ""white"", ""white"", ""white"", ""white"", ""black"", ""white"", ""black""]",31,90,9,3938,,,,,
SONA_0008,98,19,60,4,55,6,2026-02-24T09:50:21+00:00,2026-02-24T10:22:21+00:00,prefer-not-to-share,junior,Neuroscience,,experiment,2,32,2026-02-24T10:06:09+00:00,green,19,white,"[""white"", ""white"", ""white"", ""white"", ""white"", ""white"", ""black"", ""white"", ""white"", ""white"", ""black"", ""white"", ""black"", ""white"", ""white"", ""white"", ""white"", ""white"", ""white"", ""white"", ""black"", ""white"", ""white"", ""white"", ""white"", ""white"", ""white"", ""white"", ""black"", ""white"", ""black"", ""white""]",32,100,9,3403,,,,,
SONA_0008,98,19,60,4,55,6,2026-02-24T09:50:21+00:00,2026-02-24T10:22:21+00:00,prefer-not-to-share,junior,Neuroscience,,experiment,2,33,2026-02-24T10:11:15+00:00,green,19,white,"[""white"", ""white"", ""white"", ""white"", ""white"", ""white"", ""black"", ""white"", ""white"", ""white"", ""black"", ""white"", ""black"", ""white"", ""white"", ""white"", ""white"", ""white"", ""white"", ""white"", ""black"", ""white"", ""white"", ""white"", ""white"", ""white"", ""white"", ""white"", ""black"", ""white"", ""black"", ""white"", ""white""]",33,100,8,3606,,,,,
SONA_0008,98,19,60,4,55,6,2026-02-24T09:50:21+00:00,2026-02-24T10:22:21+00:00,prefer-not-to-share,junior,Neuroscience,,experiment,3,1,2026-02-24T10:12:39+00:00,red,98,black,"[""black""]",1,95,9,4023,,,,,
SONA_0008,98,19,60,4,55,6,2026-02-24T09:50:21+00:00,2026-02-24T10:22:21+00:00,prefer-not-to-share,junior,Neuroscience,,experiment,3,2,2026-02-24T10:12:53+00:00,red,98,black,"[""black"", ""black""]",2,95,9,3833,,,,,
SONA_0008,98,19,60,4,55,6,2026-02-24T09:50:21+00:00,2026-02-24T10:22:21+00:00,prefer-not-to-share,junior,Neuroscience,,experiment,3,3,2026-02-24T10:13:12+00:00,red,98,black,"[""black"", ""black"", ""black""]",3,90,8,4260,,,,,
SONA_0008,98,19,60,4,55,6,2026-02-24T09:50:21+00:00,2026-02-24T10:22:21+00:00,prefer-not-to-share,junior,Neuroscience,,experiment,3,4,2026-02-24T10:13:01+00:00,red,98,white,"[""black"", ""black"", ""black"", ""white""]",4,90,8,3536,,,,,
SONA_0008,98,19,60,4,55,6,2026-02-24T09:50:21+00:00,2026-02-24T10:22:21+00:00,prefer-not-to-share,junior,Neuroscience,,experiment,3,5,2026-02-24T10:13:06+00:00,red,98,black,"[""black"", ""black"", ""black"", ""white"", ""black""]",5,95,9,3657,,,,,
SONA_0008,98,19,60,4,55,6,2026-02-24T09:50:21+00:00,2026-02-24T10:22:21+00:00,prefer-not-to-share,junior,Neuroscience,,experiment,3,6,2026-02-24T10:13:21+00:00,red,98,black,"[""black"", ""black"", ""black"", ""white"", ""black"", ""black""]",6,90,9,3863,,,,,
SONA_0008,98,19,60,4,55,6,2026-02-24T09:50:21+00:00,2026-02-24T10:22:21+00:00,prefer-not-to-share,junior,Neuroscience,,experiment,3,7,2026-02-24T10:13:38+00:00,red,98,black,"[""black"", ""black"", ""black"", ""white"", ""black"", ""black"", ""black""]",7,95,10,3852,,,,,
SONA_0008,98,19,60,4,55,6,2026-02-24T09:50:21+00:00,2026-02-24T10:22:21+00:00,prefer-not-to-share,junior,Neuroscience,,experiment,3,8,2026-02-24T10:13:41+00:00,red,98,black,"[""black"", ""black"", ""black"", ""white"", ""black"", ""black"", ""black"", ""black""]",8,95,9,3642,,,,,
SONA_0008,98,19,60,4,55,6,2026-02-24T09:50:21+00:00,2026-02-24T10:22:21+00:00,prefer-not-to-share,junior,Neuroscience,,experiment,3,9,2026-02-24T10:13:51+00:00,red,98,black,"[""black"", ""black"", ""black"", ""white"", ""black"", ""black"", ""black"", ""black"", ""black""]",9,100,8,4135,,,,,
SONA_0008,98,19,60,4,55,6,2026-02-24T09:50:21+00:00,2026-02-24T10:22:21+00:00,prefer-not-to-share,junior,Neuroscience,,experiment,3,10,2026-02-24T10:13:41+00:00,red,98,black,"[""black"", ""black"", ""black"", ""white"", ""black"", ""black"", ""black"", ""black"", ""black"", ""black""]",10,90,10,4257,,,,,
SONA_0008,98,19,60,4,55,6,2026-02-24T09:50:21+00:00,2026-02-24T10:22:21+00:00,prefer-not-to-share,junior,Neuroscience,,experiment,3,11,2026-02-24T10:15:06+00:00,red,98,black,"[""black"", ""black"", ""black"", ""white"", ""black"", ""black"", ""black"", ""black"", ""black"", ""black"", ""black""]",11,90,9,3716,,,,,
SONA_0008,98,19,60,4,55,6,2026-02-24T09:50:21+00:00,2026-02-24T10:22:21+00:00,prefer-not-to-share,junior,Neuroscience,,experiment,3,12,2026-02-24T10:14:21+00:00,red,98,black,"[""black"", ""black"", ""black"", ""white"", ""black"", ""black"", ""black"", ""black"", ""black"", ""black"", ""black"", ""black""]",12,90,8,3777,,,,,
SONA_0008,98,19,60,4,55,6,2026-02-24T09:50:21+00:00,2026-02-24T10:22:21+00:00,prefer-not-to-share,junior,Neuroscience,,experiment,3,13,2026-02-24T10:15:10+00:00,red,98,black,"[""black"", ""black"", ""black"", ""white"", ""black"", ""black"", ""black"", ""black"", ""black"", ""black"", ""black"", ""black"", ""black""]",13,90,6,3583,,,,,
SONA_0008,98,19,60,4,55,6,2026-02-24T09:50:21+00:00,2026-02-24T10:22:21+00:00,prefer-not-to-share,junior,Neuroscience,,experiment,3,14,2026-02-24T10:14:13+00:00,red,98,black,"[""black"", ""black"", ""black"", ""white"", ""black"", ""black"", ""black"", ""black"", ""black"", ""black"", ""black"", ""black"", ""black"", ""black""]",14,95,7,2761,,,,,
SONA_0008,98,19,60,4,55,6,2026-02-24T09:50:21+00:00,2026-02-24T10:22:21+00:00,prefer-not-to-share,junior,Neuroscience,,experiment,3,15,2026-02-24T10:16:36+00:00,red,98,black,"[""black"", ""black"", ""black"", ""white"", ""black"", ""black"", ""black"", ""black"", ""black"", ""black"", ""black"", ""black"", ""black"", ""black"", ""black""]",15,95,9,3829,,,,,
SONA_0008,98,19,60,4,55,6,2026-02-24T09:50:21+00:00,2026-02-24T10:22:21+00:00,prefer-not-to-share,junior,Neuroscience,,experiment,3,16,2026-02-24T10:14:45+00:00,red,98,black,"[""black"", ""black"", ""black"", ""white"", ""black"", ""black"", ""black"", ""black"", ""black"", ""black"", ""black"", ""black"", ""black"", ""black"", ""black"", ""black""]",16,95,8,4058,,,,,
SONA_0008,98,19,60,4,55,6,2026-02-24T09:50:21+00:00,2026-02-24T10:22:21+00:00,prefer-not-to-share,junior,Neuroscience,,experiment,3,17,2026-02-24T10:14:37+00:00,red,98,black,"[""black"", ""black"", ""black"", ""white"", ""black"", ""black"", ""black"", ""black"", ""black"", ""black"", ""black"", ""black"", ""black"", ""black"", ""black"", ""black"", ""black""]",17,95,9,3878,,,,,
SONA_0008,98,19,60,4,55,6,2026-02-24T09:50:21+00:00,2026-02-24T10:22:21+00:00,prefer-not-to-share,junior,Neuroscience,,experiment,3,18,2026-02-24T10:15:39+00:00,red,98,black,"[""black"", ""black"", ""black"", ""white"", ""black"", ""black"", ""black"", ""black"", ""black"", ""black"", ""black"", ""black"", ""black"", ""black"", ""black"", ""black"", ""black"", ""black""]",18,95,6,3653,,,,,
SONA_0008,98,19,60,4,55,6,2026-02-24T09:50:21+00:00,2026-02-24T10:22:21+00:00,prefer-not-to-share,junior,Neuroscience,,experiment,3,19,2026-02-24T10:17:06+00:00,red,98,black,"[""black"", ""black"", ""black"", ""white"", ""black"", ""black"", ""black"", ""black"", ""black"", ""black"", ""black"", ""black"", ""black"", ""black"", ""black"", ""black"", ""black"", ""black"", ""black""]",19,100,9,3306,,,,,
SONA_0008,98,19,60,4,55,6,2026-02-24T09:50:21+00:00,2026-02-24T10:22:21+00:00,prefer-not-to-share,junior,Neuroscience,,experiment,3,20,2026-02-24T10:17:01+00:00,red,98,black,"[""black"", ""black"", ""black"", ""white"", ""black"", ""black"", ""black"", ""black"", ""black"", ""black"", ""black"", ""black"", ""black"", ""black"", ""black"", ""black"", ""black"", ""black"", ""black"", ""black""]",20,95,9,3537,,,,,
SONA_0008,98,19,60,4,55,6,2026-02-24T09:50:21+00:00,2026-02-24T10:22:21+00:00,prefer-not-to-share,junior,Neuroscience,,experiment,3,21,2026-02-24T10:17:36+00:00,red,98,black,"[""black"", ""black"", ""black"", ""white"", ""black"", ""black"", ""black"", ""black"", ""black"", ""black"", ""black"", ""black"", ""black"", ""black"", ""black"", ""black"", ""black"", ""black"", ""black"", ""black"", ""black""]",21,95,10,3282,,,,,
SONA_0008,98,19,60,4,55,6,2026-02-24T09:50:21+00:00,2026-02-24T10:22:21+00:00,prefer-not-to-share,junior,Neuroscience,,experiment,3,22,2026-02-24T10:17:29+00:00,red,98,black,"[""black"", ""black"", ""black"", ""white"", ""black"", ""black"", ""black"", ""black"", ""black"", ""black"", ""black"", ""black"", ""black"", ""black"", ""black"", ""black"", ""black"", ""black"", ""black"", ""black"", ""black"", ""black""]",22,100,8,2581,,,,,
SONA_0008,98,19,60,4,55,6,2026-02-24T09:50:21+00:00,2026-02-24T10:22:21+00:00,prefer-not-to-share,junior,Neuroscience,,experiment,3,23,2026-02-24T10:18:52+00:00,red,98,black,"[""black"", ""black"", ""black"", ""white"", ""black"", ""black"", ""black"", ""black"", ""black"", ""black"", ""black"", ""black"", ""black"", ""black"", ""black"", ""black"", ""black"", ""black"", ""black"", ""black"", ""black"", ""black"", ""black""]",23,95,8,3958,,,,,
SONA_0008,98,19,60,4,55,6,2026-02-24T09:50:21+00:00,2026-02-24T10:22:21+00:00,prefer-not-to-share,junior,Neuroscience,,experiment,3,24,2026-02-24T10:17:09+00:00,red,98,black,"[""black"", ""black"", ""black"", ""white"", ""black"", ""black"", ""black"", ""black"", ""black"", ""black"", ""black"", ""black"", ""black"", ""black"", ""black"", ""black"", ""black"", ""black"", ""black"", ""black"", ""black"", ""black"", ""black"", ""black""]",24,90,8,3824,,,,,
SONA_0008,98,19,60,4,55,6,2026-02-24T09:50:21+00:00,2026-02-24T10:22:21+00:00,prefer-not-to-share,junior,Neuroscience,,experiment,3,25,2026-02-24T10:19:26+00:00,red,98,black,"[""black"", ""black"", ""black"", ""white"", ""black"", ""black"", ""black"", ""black"", ""black"", ""black"", ""black"", ""black"", ""black"", ""black"", ""black"", ""black"", ""black"", ""black"", ""black"", ""black"", ""black"", ""black"", ""black"", ""black"", ""black""]",25,90,9,3969,,,,,
SONA_0008,98,19,60,4,55,6,2026-02-24T09:50:21+00:00,2026-02-24T10:22:21+00:00,prefer-not-to-share,junior,Neuroscience,,experiment,3,26,2026-02-24T10:19:17+00:00,red,98,black,"[""black"", ""black"", ""black"", ""white"", ""black"", ""black"", ""black"", ""black"", ""black"", ""black"", ""black"", ""black"", ""black"", ""black"", ""black"", ""black"", ""black"", ""black"", ""black"", ""black"", ""black"", ""black"", ""black"", ""black"", ""black"", ""black""]",26,95,8,3494,,,,,
SONA_0008,98,19,60,4,55,6,2026-02-24T09:50:21+00:00,2026-02-24T10:22:21+00:00,prefer-not-to-share,junior,Neuroscience,,experiment,3,27,2026-02-24T10:20:27+00:00,red,98,black,"[""black"", ""black"", ""black"", ""white"", ""black"", ""black"", ""black"", ""black"", ""black"", ""black"", ""black"", ""black"", ""black"", ""black"", ""black"", ""black"", ""black"", ""black"", ""black"", ""black"", ""black"", ""black"", ""black"", ""black"", ""black"", ""black"", ""black""]",27,95,9,4028,,,,,
SONA_0008,98,19,60,4,55,6,2026-02-24T09:50:21+00:00,2026-02-24T10:22:21+00:00,prefer-not-to-share,junior,Neuroscience,,experiment,3,28,2026-02-24T10:16:33+00:00,red,98,black,"[""black"", ""black"", ""black"", ""white"", ""black"", ""black"", ""black"", ""black"", ""black"", ""black"", ""black"", ""black"", ""black"", ""black"", ""black"", ""black"", ""black"", ""black"", ""black"", ""black"", ""black"", ""black"", ""black"", ""black"", ""black"", ""black"", ""black"", ""black""]",28,90,8,3265,,,,,
SONA_0008,98,19,60,4,55,6,2026-02-24T09:50:21+00:00,2026-02-24T10:22:21+00:00,prefer-not-to-share,junior,Neuroscience,,experiment,3,29,2026-02-24T10:16:42+00:00,red,98,white,"[""black"", ""black"", ""black"", ""white"", ""black"", ""black"", ""black"", ""black"", ""black"", ""black"", ""black"", ""black"", ""black"", ""black"", ""black"", ""black"", ""black"", ""black"", ""black"", ""black"", ""black"", ""black"", ""black"", ""black"", ""black"", ""black"", ""black"", ""black"", ""white""]",29,95,7,3767,,,,,
SONA_0008,98,19,60,4,55,6,2026-02-24T09:50:21+00:00,2026-02-24T10:22:21+00:00,prefer-not-to-share,junior,Neuroscience,,experiment,3,30,2026-02-24T10:19:51+00:00,red,98,black,"[""black"", ""black"", ""black"", ""white"", ""black"", ""black"", ""black"", ""black"", ""black"", ""black"", ""black"", ""black"", ""black"", ""black"", ""black"", ""black"", ""black"", ""black"", ""black"", ""black"", ""black"", ""black"", ""black"", ""black"", ""black"", ""black"", ""black"", ""black"", ""white"", ""black""]",30,95,9,3423,,,,,
SONA_0008,98,19,60,4,55,6,2026-02-24T09:50:21+00:00,2026-02-24T10:22:21+00:00,prefer-not-to-share,junior,Neuroscience,,experiment,3,31,2026-02-24T10:19:04+00:00,red,98,black,"[""black"", ""black"", ""black"", ""white"", ""black"", ""black"", ""black"", ""black"", ""black"", ""black"", ""black"", ""black"", ""black"", ""black"", ""black"", ""black"", ""black"", ""black"", ""black"", ""black"", ""black"", ""black"", ""black"", ""black"", ""black"", ""black"", ""black"", ""black"", ""white"", ""black"", ""black""]",31,90,8,2582,,,,,
SONA_0008,98,19,60,4,55,6,2026-02-24T09:50:21+00:00,2026-02-24T10:22:21+00:00,prefer-not-to-share,junior,Neuroscience,,experiment,3,32,2026-02-24T10:18:45+00:00,red,98,black,"[""black"", ""black"", ""black"", ""white"", ""black"", ""black"", ""black"", ""black"", ""black"", ""black"", ""black"", ""black"", ""black"", ""black"", ""black"", ""black"", ""black"", ""black"", ""black"", ""black"", ""black"", ""black"", ""black"", ""black"", ""black"", ""black"", ""black"", ""black"", ""white"", ""black"", ""black"", ""black""]",32,95,9,3864,,,,,
SONA_0008,98,19,60,4,55,6,2026-02-24T09:50:21+00:00,2026-02-24T10:22:21+00:00,prefer-not-to-share,junior,Neuroscience,,experiment,3,33,2026-02-24T10:20:36+00:00,red,98,black,"[""black"", ""black"", ""black"", ""white"", ""black"", ""black"", ""black"", ""black"", ""black"", ""black"", ""black"", ""black"", ""black"", ""black"", ""black"", ""black"", ""black"", ""black"", ""black"", ""black"", ""black"", ""black"", ""black"", ""black"", ""black"", ""black"", ""black"", ""black"", ""white"", ""black"", ""black"", ""black"", ""black""]",33,90,7,3271,,,,,
SONA_0009,74,47,50,3,30,4,2026-02-24T11:42:15+00:00,2026-02-24T12:23:15+00:00,female,senior,Mathematics,Psychology,experiment,1,1,2026-02-24T11:47:27+00:00,red,74,black,"[""black""]",1,55,5,5364,,,,,
SONA_0009,74,47,50,3,30,4,2026-02-24T11:42:15+00:00,2026-02-24T12:23:15+00:00,female,senior,Mathematics,Psychology,experiment,1,2,2026-02-24T11:47:49+00:00,red,74,black,"[""black"", ""black""]",2,55,3,5836,,,,,
SONA_0009,74,47,50,3,30,4,2026-02-24T11:42:15+00:00,2026-02-24T12:23:15+00:00,female,senior,Mathematics,Psychology,experiment,1,3,2026-02-24T11:47:57+00:00,red,74,black,"[""black"", ""black"", ""black""]",3,60,5,4265,,,,,
SONA_0009,74,47,50,3,30,4,2026-02-24T11:42:15+00:00,2026-02-24T12:23:15+00:00,female,senior,Mathematics,Psychology,experiment,1,4,2026-02-24T11:47:47+00:00,red,74,black,"[""black"", ""black"", ""black"", ""black""]",4,75,4,4612,,,,,
SONA_0009,74,47,50,3,30,4,2026-02-24T11:42:15+00:00,2026-02-24T12:23:15+00:00,female,senior,Mathematics,Psychology,experiment,1,5,2026-02-24T11:48:15+00:00,red,74,black,"[""black"", ""black"", ""black"", ""black"", ""black""]",5,50,7,4246,,,,,
SONA_0009,74,47,50,3,30,4,2026-02-24T11:42:15+00:00,2026-02-24T12:23:15+00:00,female,senior,Mathematics,Psychology,experiment,1,6,2026-02-24T11:48:39+00:00,red,74,black,"[""black"", ""black"", ""black"", ""black"", ""black"", ""black""]",6,70,4,4671,,,,,
SONA_0009,74,47,50,3,30,4,2026-02-24T11:42:15+00:00,2026-02-24T12:23:15+00:00,female,senior,Mathematics,Psychology,experiment,1,7,2026-02-24T11:49:14+00:00,red,74,white,"[""black"", ""black"", ""black"", ""black"", ""black"", ""black"", ""white""]",7,70,3,4952,,,,,
SONA_0009,74,47,50,3,30,4,2026-02-24T11:42:15+00:00,2026-02-24T12:23:15+00:00,female,senior,Mathematics,Psychology,experiment,1,8,2026-02-24T11:48:51+00:00,red,74,white,"[""black"", ""black"", ""black"", ""black"", ""black"", ""black"", ""white"", ""white""]",8,45,4,5014,,,,,
SONA_0009,74,47,50,3,30,4,2026-02-24T11:42:15+00:00,2026-02-24T12:23:15+00:00,female,senior,Mathematics,Psychology,experiment,1,9,2026-02-24T11:48:36+00:00,red,74,black,"[""black"", ""black"", ""black"", ""black"", ""black"", ""black"", ""white"", ""white"", ""black""]",9,40,5,4933,,,,,
SONA_0009,74,47,50,3,30,4,2026-02-24T11:42:15+00:00,2026-02-24T12:23:15+00:00,female,senior,Mathematics,Psychology,experiment,1,10,2026-02-24T11:49:15+00:00,red,74,black,"[""black"", ""black"", ""black"", ""black"", ""black"", ""black"", ""white"", ""white"", ""black"", ""black""]",10,70,3,3445,,,,,
SONA_0009,74,47,50,3,30,4,2026-02-24T11:42:15+00:00,2026-02-24T12:23:15+00:00,female,senior,Mathematics,Psychology,experiment,1,11,2026-02-24T11:48:54+00:00,red,74,black,"[""black"", ""black"", ""black"", ""black"", ""black"", ""black"", ""white"", ""white"", ""black"", ""black"", ""black""]",11,55,6,5396,,,,,
SONA_0009,74,47,50,3,30,4,2026-02-24T11:42:15+00:00,2026-02-24T12:23:15+00:00,female,senior,Mathematics,Psychology,experiment,1,12,2026-02-24T11:50:51+00:00,red,74,white,"[""black"", ""black"", ""black"", ""black"", ""black"", ""black"", ""white"", ""white"", ""black"", ""black"", ""black"", ""white""]",12,70,4,4192,,,,,
SONA_0009,74,47,50,3,30,4,2026-02-24T11:42:15+00:00,2026-02-24T12:23:15+00:00,female,senior,Mathematics,Psychology,experiment,1,13,2026-02-24T11:50:17+00:00,red,74,black,"[""black"", ""black"", ""black"", ""black"", ""black"", ""black"", ""white"", ""white"", ""black"", ""black"", ""black"", ""white"", ""black""]",13,35,5,4839,,,,,
SONA_0009,74,47,50,3,30,4,2026-02-24T11:42:15+00:00,2026-02-24T12:23:15+00:00,female,senior,Mathematics,Psychology,experiment,1,14,2026-02-24T11:49:07+00:00,red,74,black,"[""black"", ""black"", ""black"", ""black"", ""black"", ""black"", ""white"", ""white"", ""black"", ""black"", ""black"", ""white"", ""black"", ""black""]",14,70,5,4572,,,,,
SONA_0009,74,47,50,3,30,4,2026-02-24T11:42:15+00:00,2026-02-24T12:23:15+00:00,female,senior,Mathematics,Psychology,experiment,1,15,2026-02-24T11:51:30+00:00,red,74,black,"[""black"", ""black"", ""black"", ""black"", ""black"", ""black"", ""white"", ""white"", ""black"", ""black"", ""black"", ""white"", ""black"", ""black"", ""black""]",15,65,5,4734,,,,,
SONA_0009,74,47,50,3,30,4,2026-02-24T11:42:15+00:00,2026-02-24T12:23:15+00:00,female,senior,Mathematics,Psychology,experiment,1,16,2026-02-24T11:51:15+00:00,red,74,black,"[""black"", ""black"", ""black"", ""black"", ""black"", ""black"", ""white"", ""white"", ""black"", ""black"", ""black"", ""white"", ""black"", ""black"", ""black"", ""black""]",16,65,6,4036,,,,,
SONA_0009,74,47,50,3,30,4,2026-02-24T11:42:15+00:00,2026-02-24T12:23:15+00:00,female,senior,Mathematics,Psychology,experiment,1,17,2026-02-24T11:52:04+00:00,red,74,black,"[""black"", ""black"", ""black"", ""black"", ""black"", ""black"", ""white"", ""white"", ""black"", ""black"", ""black"", ""white"", ""black"", ""black"", ""black"", ""black"", ""black""]",17,75,5,3979,,,,,
SONA_0009,74,47,50,3,30,4,2026-02-24T11:42:15+00:00,2026-02-24T12:23:15+00:00,female,senior,Mathematics,Psychology,experiment,1,18,2026-02-24T11:50:15+00:00,red,74,white,"[""black"", ""black"", ""black"", ""black"", ""black"", ""black"", ""white"", ""white"", ""black"", ""black"", ""black"", ""white"", ""black"", ""black"", ""black"", ""black"", ""black"", ""white""]",18,75,6,4938,,,,,
SONA_0009,74,47,50,3,30,4,2026-02-24T11:42:15+00:00,2026-02-24T12:23:15+00:00,female,senior,Mathematics,Psychology,experiment,1,19,2026-02-24T11:50:44+00:00,red,74,black,"[""black"", ""black"", ""black"", ""black"", ""black"", ""black"", ""white"", ""white"", ""black"", ""black"", ""black"", ""white"", ""black"", ""black"", ""black"", ""black"", ""black"", ""white"", ""black""]",19,60,7,4519,,,,,
SONA_0009,74,47,50,3,30,4,2026-02-24T11:42:15+00:00,2026-02-24T12:23:15+00:00,female,senior,Mathematics,Psychology,experiment,1,20,2026-02-24T11:49:55+00:00,red,74,white,"[""black"", ""black"", ""black"", ""black"", ""black"", ""black"", ""white"", ""white"", ""black"", ""black"", ""black"", ""white"", ""black"", ""black"", ""black"", ""black"", ""black"", ""white"", ""black"", ""white""]",20,70,4,3610,,,,,
SONA_0009,74,47,50,3,30,4,2026-02-24T11:42:15+00:00,2026-02-24T12:23:15+00:00,female,senior,Mathematics,Psychology,experiment,1,21,2026-02-24T11:53:33+00:00,red,74,white,"[""black"", ""black"", ""black"", ""black"", ""black"", ""black"", ""white"", ""white"", ""black"", ""black"", ""black"", ""white"", ""black"", ""black"", ""black"", ""black"", ""black"", ""white"", ""black"", ""white"", ""white""]",21,45,6,5277,,,,,
SONA_0009,74,47,50,3,30,4,2026-02-24T11:42:15+00:00,2026-02-24T12:23:15+00:00,female,senior,Mathematics,Psychology,experiment,1,22,2026-02-24T11:53:29+00:00,red,74,black,"[""black"", ""black"", ""black"", ""black"", ""black"", ""black"", ""white"", ""white"", ""black"", ""black"", ""black"", ""white"", ""black"", ""black"", ""black"", ""black"", ""black"", ""white"", ""black"", ""white"", ""white"", ""black""]",22,45,5,4098,,,,,
SONA_0009,74,47,50,3,30,4,2026-02-24T11:42:15+00:00,2026-02-24T12:23:15+00:00,female,senior,Mathematics,Psychology,experiment,1,23,2026-02-24T11:52:14+00:00,red,74,black,"[""black"", ""black"", ""black"", ""black"", ""black"", ""black"", ""white"", ""white"", ""black"", ""black"", ""black"", ""white"", ""black"", ""black"", ""black"", ""black"", ""black"", ""white"", ""black"", ""white"", ""white"", ""black"", ""black""]",23,70,4,3795,,,,,
SONA_0009,74,47,50,3,30,4,2026-02-24T11:42:15+00:00,2026-02-24T12:23:15+00:00,female,senior,Mathematics,Psychology,experiment,1,24,2026-02-24T11:51:15+00:00,red,74,black,"[""black"", ""black"", ""black"", ""black"", ""black"", ""black"", ""white"", ""white"", ""black"", ""black"", ""black"", ""white"", ""black"", ""black"", ""black"", ""black"", ""black"", ""white"", ""black"", ""white"", ""white"", ""black"", ""black"", ""black""]",24,45,5,3802,,,,,
SONA_0009,74,47,50,3,30,4,2026-02-24T11:42:15+00:00,2026-02-24T12:23:15+00:00,female,senior,Mathematics,Psychology,experiment,1,25,2026-02-24T11:52:40+00:00,red,74,black,"[""black"", ""black"", ""black"", ""black"", ""black"", ""black"", ""white"", ""white"", ""black"", ""black"", ""black"", ""white"", ""black"", ""black"", ""black"", ""black"", ""black"", ""white"", ""black"", ""white"", ""white"", ""black"", ""black"", ""black"", ""black""]",25,80,6,3635,,,,,
SONA_0009,74,47,50,3,30,4,2026-02-24T11:42:15+00:00,2026-02-24T12:23:15+00:00,female,senior,Mathematics,Psychology,experiment,1,26,2026-02-24T11:50:43+00:00,red,74,black,"[""black"", ""black"", ""black"", ""black"", ""black"", ""black"", ""white"", ""white"", ""black"", ""black"", ""black"", ""white"", ""black"", ""black"", ""black"", ""black"", ""black"", ""white"", ""black"", ""white"", ""white"", ""black"", ""black"", ""black"", ""black"", ""black""]",26,65,5,3937,,,,,
SONA_0009,74,47,50,3,30,4,2026-02-24T11:42:15+00:00,2026-02-24T12:23:15+00:00,female,senior,Mathematics,Psychology,experiment,1,27,2026-02-24T11:54:27+00:00,red,74,black,"[""black"", ""black"", ""black"", ""black"", ""black"", ""black"", ""white"", ""white"", ""black"", ""black"", ""black"", ""white"", ""black"", ""black"", ""black"", ""black"", ""black"", ""white"", ""black"", ""white"", ""white"", ""black"", ""black"", ""black"", ""black"", ""black"", ""black""]",27,65,6,4265,,,,,
SONA_0009,74,47,50,3,30,4,2026-02-24T11:42:15+00:00,2026-02-24T12:23:15+00:00,female,senior,Mathematics,Psychology,experiment,1,28,2026-02-24T11:53:19+00:00,red,74,white,"[""black"", ""black"", ""black"", ""black"", ""black"", ""black"", ""white"", ""white"", ""black"", ""black"", ""black"", ""white"", ""black"", ""black"", ""black"", ""black"", ""black"", ""white"", ""black"", ""white"", ""white"", ""black"", ""black"", ""black"", ""black"", ""black"", ""black"", ""white""]",28,85,7,4164,,,,,
SONA_0009,74,47,50,3,30,4,2026-02-24T11:42:15+00:00,2026-02-24T12:23:15+00:00,female,senior,Mathematics,Psychology,experiment,1,29,2026-02-24T11:52:05+00:00,red,74,black,"[""black"", ""black"", ""black"", ""black"", ""black"", ""black"", ""white"", ""white"", ""black"", ""black"", ""black"", ""white"", ""black"", ""black"", ""black"", ""black"", ""black"", ""white"", ""black"", ""white"", ""white"", ""black"", ""black"", ""black"", ""black"", ""black"", ""black"", ""white"", ""black""]",29,75,6,4059,,,,,
SONA_0009,74,47,50,3,30,4,2026-02-24T11:42:15+00:00,2026-02-24T12:23:15+00:00,female,senior,Mathematics,Psychology,experiment,1,30,2026-02-24T11:52:15+00:00,red,74,white,"[""black"", ""black"", ""black"", ""black"", ""black"", ""black"", ""white"", ""white"", ""black"", ""black"", ""black"", ""white"", ""black"", ""black"", ""black"", ""black"", ""black"", ""white"", ""black"", ""white"", ""white"", ""black"", ""black"", ""black"", ""black"", ""black"", ""black"", ""white"", ""black"", ""white""]",30,80,7,4740,,,,,
SONA_0009,74,47,50,3,30,4,2026-02-24T11:42:15+00:00,2026-02-24T12:23:15+00:00,female,senior,Mathematics,Psychology,experiment,1,31,2026-02-24T11:53:58+00:00,red,74,black,"[""black"", ""black"", ""black"", ""black"", ""black"", ""black"", ""white"", ""white"", ""black"", ""black"", ""black"", ""white"", ""black"", ""black"", ""black"", ""black"", ""black"", ""white"", ""black"", ""white"", ""white"", ""black"", ""black"", ""black"", ""black"", ""black"", ""black"", ""white"", ""black"", ""white"", ""black""]",31,65,6,4602,,,,,
SONA_0009,74,47,50,3,30,4,2026-02-24T11:42:15+00:00,2026-02-24T12:23:15+00:00,female,senior,Mathematics,Psychology,experiment,1,32,2026-02-24T11:55:15+00:00,red,74,black,"[""black"", ""black"", ""black"", ""black"", ""black"", ""black"", ""white"", ""white"", ""black"", ""black"", ""black"", ""white"", ""black"", ""black"", ""black"", ""black"", ""black"", ""white"", ""black"", ""white"", ""white"", ""black"", ""black"", ""black"", ""black"", ""black"", ""black"", ""white"", ""black"", ""white"", ""black"", ""black""]",32,75,6,4450,,,,,
SONA_0009,74,47,50,3,30,4,2026-02-24T11:42:15+00:00,2026-02-24T12:23:15+00:00,female,senior,Mathematics,Psychology,experiment,1,33,2026-02-24T11:52:12+00:00,red,74,white,"[""black"", ""black"", ""black"", ""black"", ""black"", ""black"", ""white"", ""white"", ""black"", ""black"", ""black"", ""white"", ""black"", ""black"", ""black"", ""black"", ""black"", ""white"", ""black"", ""white"", ""white"", ""black"", ""black"", ""black"", ""black"", ""black"", ""black"", ""white"", ""black"", ""white"", ""black"", ""black"", ""white""]",33,65,6,3864,,,,,
SONA_0009,74,47,50,3,30,4,2026-02-24T11:42:15+00:00,2026-02-24T12:23:15+00:00,female,senior,Mathematics,Psychology,experiment,2,1,2026-02-24T11:59:28+00:00,green,47,black,"[""black""]",1,30,6,4897,,,,,
SONA_0009,74,47,50,3,30,4,2026-02-24T11:42:15+00:00,2026-02-24T12:23:15+00:00,female,senior,Mathematics,Psychology,experiment,2,2,2026-02-24T11:59:37+00:00,green,47,black,"[""black"", ""black""]",2,40,3,5370,,,,,
SONA_0009,74,47,50,3,30,4,2026-02-24T11:42:15+00:00,2026-02-24T12:23:15+00:00,female,senior,Mathematics,Psychology,experiment,2,3,2026-02-24T11:59:48+00:00,green,47,white,"[""black"", ""black"", ""white""]",3,25,5,4336,,,,,
SONA_0009,74,47,50,3,30,4,2026-02-24T11:42:15+00:00,2026-02-24T12:23:15+00:00,female,senior,Mathematics,Psychology,experiment,2,4,2026-02-24T12:00:19+00:00,green,47,white,"[""black"", ""black"", ""white"", ""white""]",4,35,4,4583,,,,,
SONA_0009,74,47,50,3,30,4,2026-02-24T11:42:15+00:00,2026-02-24T12:23:15+00:00,female,senior,Mathematics,Psychology,experiment,2,5,2026-02-24T12:00:20+00:00,green,47,white,"[""black"", ""black"", ""white"", ""white"", ""white""]",5,25,5,4382,,,,,
SONA_0009,74,47,50,3,30,4,2026-02-24T11:42:15+00:00,2026-02-24T12:23:15+00:00,female,senior,Mathematics,Psychology,experiment,2,6,2026-02-24T12:01:03+00:00,green,47,white,"[""black"", ""black"", ""white"", ""white"", ""white"", ""white""]",6,55,7,4672,,,,,
SONA_0009,74,47,50,3,30,4,2026-02-24T11:42:15+00:00,2026-02-24T12:23:15+00:00,female,senior,Mathematics,Psychology,experiment,2,7,2026-02-24T12:00:39+00:00,green,47,black,"[""black"", ""black"", ""white"", ""white"", ""white"", ""white"", ""black""]",7,45,6,4171,,,,,
SONA_0009,74,47,50,3,30,4,2026-02-24T11:42:15+00:00,2026-02-24T12:23:15+00:00,female,senior,Mathematics,Psychology,experiment,2,8,2026-02-24T12:01:07+00:00,green,47,black,"[""black"", ""black"", ""white"", ""white"", ""white"", ""white"", ""black"", ""black""]",8,25,4,4738,,,,,
SONA_0009,74,47,50,3,30,4,2026-02-24T11:42:15+00:00,2026-02-24T12:23:15+00:00,female,senior,Mathematics,Psychology,experiment,2,9,2026-02-24T12:00:36+00:00,green,47,white,"[""black"", ""black"", ""white"", ""white"", ""white"", ""white"", ""black"", ""black"", ""white""]",9,30,7,4235,,,,,
SONA_0009,74,47,50,3,30,4,2026-02-24T11:42:15+00:00,2026-02-24T12:23:15+00:00,female,senior,Mathematics,Psychology,experiment,2,10,2026-02-24T12:01:45+00:00,green,47,white,"[""black"", ""black"", ""white"", ""white"", ""white"", ""white"", ""black"", ""black"", ""white"", ""white""]",10,35,4,4495,,,,,
SONA_0009,74,47,50,3,30,4,2026-02-24T11:42:15+00:00,2026-02-24T12:23:15+00:00,female,senior,Mathematics,Psychology,experiment,2,11,2026-02-24T12:02:11+00:00,green,47,black,"[""black"", ""black"", ""white"", ""white"", ""white"", ""white"", ""black"", ""black"", ""white"", ""white"", ""black""]",11,30,5,3901,,,,,
SONA_0009,74,47,50,3,30,4,2026-02-24T11:42:15+00:00,2026-02-24T12:23:15+00:00,female,senior,Mathematics,Psychology,experiment,2,12,2026-02-24T12:01:15+00:00,green,47,black,"[""black"", ""black"", ""white"", ""white"", ""white"", ""white"", ""black"", ""black"", ""white"", ""white"", ""black"", ""black""]",12,35,3,4899,,,,,
SONA_0009,74,47,50,3,30,4,2026-02-24T11:42:15+00:00,2026-02-24T12:23:15+00:00,female,senior,Mathematics,Psychology,experiment,2,13,2026-02-24T12:02:56+00:00,green,47,white,"[""black"", ""black"", ""white"", ""white"", ""white"", ""white"", ""black"", ""black"", ""white"", ""white"", ""black"", ""black"", ""white""]",13,40,4,5150,,,,,
SONA_0009,74,47,50,3,30,4,2026-02-24T11:42:15+00:00,2026-02-24T12:23:15+00:00,female,senior,Mathematics,Psychology,experiment,2,14,2026-02-24T12:02:45+00:00,green,47,white,"[""black"", ""black"", ""white"", ""white"", ""white"", ""white"", ""black"", ""black"", ""white"", ""white"", ""black"", ""black"", ""white"", ""white""]",14,50,5,4281,,,,,
SONA_0009,74,47,50,3,30,4,2026-02-24T11:42:15+00:00,2026-02-24T12:23:15+00:00,female,senior,Mathematics,Psychology,experiment,2,15,2026-02-24T12:02:45+00:00,green,47,black,"[""black"", ""black"", ""white"", ""white"", ""white"", ""white"", ""black"", ""black"", ""white"", ""white"", ""black"", ""black"", ""white"", ""white"", ""black""]",15,40,7,4542,,,,,
SONA_0009,74,47,50,3,30,4,2026-02-24T11:42:15+00:00,2026-02-24T12:23:15+00:00,female,senior,Mathematics,Psychology,experiment,2,16,2026-02-24T12:04:03+00:00,green,47,black,"[""black"", ""black"", ""white"", ""white"", ""white"", ""white"", ""black"", ""black"", ""white"", ""white"", ""black"", ""black"", ""white"", ""white"", ""black"", ""black""]",16,25,7,3327,,,,,
SONA_0009,74,47,50,3,30,4,2026-02-24T11:42:15+00:00,2026-02-24T12:23:15+00:00,female,senior,Mathematics,Psychology,experiment,2,17,2026-02-24T12:02:22+00:00,green,47,white,"[""black"", ""black"", ""white"", ""white"", ""white"", ""white"", ""black"", ""black"", ""white"", ""white"", ""black"", ""black"", ""white"", ""white"", ""black"", ""black"", ""white""]",17,15,8,4240,,,,,
SONA_0009,74,47,50,3,30,4,2026-02-24T11:42:15+00:00,2026-02-24T12:23:15+00:00,female,senior,Mathematics,Psychology,experiment,2,18,2026-02-24T12:04:21+00:00,green,47,black,"[""black"", ""black"", ""white"", ""white"", ""white"", ""white"", ""black"", ""black"", ""white"", ""white"", ""black"", ""black"", ""white"", ""white"", ""black"", ""black"", ""white"", ""black""]",18,55,5,4906,,,,,
SONA_0009,74,47,50,3,30,4,2026-02-24T11:42:15+00:00,2026-02-24T12:23:15+00:00,female,senior,Mathematics,Psychology,experiment,2,19,2026-02-24T12:03:03+00:00,green,47,white,"[""black"", ""black"", ""white"", ""white"", ""white"", ""white"", ""black"", ""black"", ""white"", ""white"", ""black"", ""black"", ""white"", ""white"", ""black"", ""black"", ""white"", ""black"", ""white""]",19,50,4,4781,,,,,
SONA_0009,74,47,50,3,30,4,2026-02-24T11:42:15+00:00,2026-02-24T12:23:15+00:00,female,senior,Mathematics,Psychology,experiment,2,20,2026-02-24T12:01:55+00:00,green,47,white,"[""black"", ""black"", ""white"", ""white"", ""white"", ""white"", ""black"", ""black"", ""white"", ""white"", ""black"", ""black"", ""white"", ""white"", ""black"", ""black"", ""white"", ""black"", ""white"", ""white""]",20,45,7,3888,,,,,
SONA_0009,74,47,50,3,30,4,2026-02-24T11:42:15+00:00,2026-02-24T12:23:15+00:00,female,senior,Mathematics,Psychology,experiment,2,21,2026-02-24T12:05:33+00:00,green,47,black,"[""black"", ""black"", ""white"", ""white"", ""white"", ""white"", ""black"", ""black"", ""white"", ""white"", ""black"", ""black"", ""white"", ""white"", ""black"", ""black"", ""white"", ""black"", ""white"", ""white"", ""black""]",21,50,6,3915,,,,,
SONA_0009,74,47,50,3,30,4,2026-02-24T11:42:15+00:00,2026-02-24T12:23:15+00:00,female,senior,Mathematics,Psychology,experiment,2,22,2026-02-24T12:04:23+00:00,green,47,white,"[""black"", ""black"", ""white"", ""white"", ""white"", ""white"", ""black"", ""black"", ""white"", ""white"", ""black"", ""black"", ""white"", ""white"", ""black"", ""black"", ""white"", ""black"", ""white"", ""white"", ""black"", ""white""]",22,60,7,3903,,,,,
SONA_0009,74,47,50,3,30,4,2026-02-24T11:42:15+00:00,2026-02-24T12:23:15+00:00,female,senior,Mathematics,Psychology,experiment,2,23,2026-02-24T12:04:14+00:00,green,47,black,"[""black"", ""black"", ""white"", ""white"", ""white"", ""white"", ""black"", ""black"", ""white"", ""white"", ""black"", ""black"", ""white"", ""white"", ""black"", ""black"", ""white"", ""black"", ""white"", ""white"", ""black"", ""white"", ""black""]",23,40,5,4561,,,,,
SONA_0009,74,47,50,3,30,4,2026-02-24T11:42:15+00:00,2026-02-24T12:23:15+00:00,female,senior,Mathematics,Psychology,experiment,2,24,2026-02-24T12:04:51+00:00,green,47,black,"[""black"", ""black"", ""white"", ""white"", ""white"", ""white"", ""black"", ""black"", ""white"", ""white"", ""black"", ""black"", ""white"", ""white"", ""black"", ""black"", ""white"", ""black"", ""white"", ""white"", ""black"", ""white"", ""black"", ""black""]",24,45,4,4323,,,,,
SONA_0009,74,47,50,3,30,4,2026-02-24T11:42:15+00:00,2026-02-24T12:23:15+00:00,female,senior,Mathematics,Psychology,experiment,2,25,2026-02-24T12:04:40+00:00,green,47,white,"[""black"", ""black"", ""white"", ""white"", ""white"", ""white"", ""black"", ""black"", ""white"", ""white"", ""black"", ""black"", ""white"", ""white"", ""black"", ""black"", ""white"", ""black"", ""white"", ""white"", ""black"", ""white"", ""black"", ""black"", ""white""]",25,45,2,4187,,,,,
SONA_0009,74,47,50,3,30,4,2026-02-24T11:42:15+00:00,2026-02-24T12:23:15+00:00,female,senior,Mathematics,Psychology,experiment,2,26,2026-02-24T12:06:37+00:00,green,47,black,"[""black"", ""black"", ""white"", ""white"", ""white"", ""white"", ""black"", ""black"", ""white"", ""white"", ""black"", ""black"", ""white"", ""white"", ""black"", ""black"", ""white"", ""black"", ""white"", ""white"", ""black"", ""white"", ""black"", ""black"", ""white"", ""black""]",26,40,7,4663,,,,,
SONA_0009,74,47,50,3,30,4,2026-02-24T11:42:15+00:00,2026-02-24T12:23:15+00:00,female,senior,Mathematics,Psychology,experiment,2,27,2026-02-24T12:07:21+00:00,green,47,black,"[""black"", ""black"", ""white"", ""white"", ""white"", ""white"", ""black"", ""black"", ""white"", ""white"", ""black"", ""black"", ""white"", ""white"", ""black"", ""black"", ""white"", ""black"", ""white"", ""white"", ""black"", ""white"", ""black"", ""black"", ""white"", ""black"", ""black""]",27,45,5,5199,,,,,
SONA_0009,74,47,50,3,30,4,2026-02-24T11:42:15+00:00,2026-02-24T12:23:15+00:00,female,senior,Mathematics,Psychology,experiment,2,28,2026-02-24T12:03:27+00:00,green,47,black,"[""black"", ""black"", ""white"", ""white"", ""white"", ""white"", ""black"", ""black"", ""white"", ""white"", ""black"", ""black"", ""white"", ""white"", ""black"", ""black"", ""white"", ""black"", ""white"", ""white"", ""black"", ""white"", ""black"", ""black"", ""white"", ""black"", ""black"", ""black""]",28,50,5,4392,,,,,
SONA_0009,74,47,50,3,30,4,2026-02-24T11:42:15+00:00,2026-02-24T12:23:15+00:00,female,senior,Mathematics,Psychology,experiment,2,29,2026-02-24T12:07:57+00:00,green,47,white,"[""black"", ""black"", ""white"", ""white"", ""white"", ""white"", ""black"", ""black"", ""white"", ""white"", ""black"", ""black"", ""white"", ""white"", ""black"", ""black"", ""white"", ""black"", ""white"", ""white"", ""black"", ""white"", ""black"", ""black"", ""white"", ""black"", ""black"", ""black"", ""white""]",29,50,5,4349,,,,,
SONA_0009,74,47,50,3,30,4,2026-02-24T11:42:15+00:00,2026-02-24T12:23:15+00:00,female,senior,Mathematics,Psychology,experiment,2,30,2026-02-24T12:03:45+00:00,green,47,white,"[""black"", ""black"", ""white"", ""white"", ""white"", ""white"", ""black"", ""black"", ""white"", ""white"", ""black"", ""black"", ""white"", ""white"", ""black"", ""black"", ""white"", ""black"", ""white"", ""white"", ""black"", ""white"", ""black"", ""black"", ""white"", ""black"", ""black"", ""black"", ""white"", ""white""]",30,40,5,4345,,,,,
SONA_0009,74,47,50,3,30,4,2026-02-24T11:42:15+00:00,2026-02-24T12:23:15+00:00,female,senior,Mathematics,Psychology,experiment,2,31,2026-02-24T12:06:29+00:00,green,47,black,"[""black"", ""black"", ""white"", ""white"", ""white"", ""white"", ""black"", ""black"", ""white"", ""white"", ""black"", ""black"", ""white"", ""white"", ""black"", ""black"", ""white"", ""black"", ""white"", ""white"", ""black"", ""white"", ""black"", ""black"", ""white"", ""black"", ""black"", ""black"", ""white"", ""white"", ""black""]",31,45,5,4490,,,,,
SONA_0009,74,47,50,3,30,4,2026-02-24T11:42:15+00:00,2026-02-24T12:23:15+00:00,female,senior,Mathematics,Psychology,experiment,2,32,2026-02-24T12:08:51+00:00,green,47,white,"[""black"", ""black"", ""white"", ""white"", ""white"", ""white"", ""black"", ""black"", ""white"", ""white"", ""black"", ""black"", ""white"", ""white"", ""black"", ""black"", ""white"", ""black"", ""white"", ""white"", ""black"", ""white"", ""black"", ""black"", ""white"", ""black"", ""black"", ""black"", ""white"", ""white"", ""black"", ""white""]",32,55,5,4019,,,,,
SONA_0009,74,47,50,3,30,4,2026-02-24T11:42:15+00:00,2026-02-24T12:23:15+00:00,female,senior,Mathematics,Psychology,experiment,2,33,2026-02-24T12:05:51+00:00,green,47,black,"[""black"", ""black"", ""white"", ""white"", ""white"", ""white"", ""black"", ""black"", ""white"", ""white"", ""black"", ""black"", ""white"", ""white"", ""black"", ""black"", ""white"", ""black"", ""white"", ""white"", ""black"", ""white"", ""black"", ""black"", ""white"", ""black"", ""black"", ""black"", ""white"", ""white"", ""black"", ""white"", ""black""]",33,45,5,4259,,,,,
SONA_0009,74,47,50,3,30,4,2026-02-24T11:42:15+00:00,2026-02-24T12:23:15+00:00,female,senior,Mathematics,Psychology,experiment,3,1,2026-02-24T12:13:27+00:00,red,74,white,"[""white""]",1,55,5,5799,,,,,
SONA_0009,74,47,50,3,30,4,2026-02-24T11:42:15+00:00,2026-02-24T12:23:15+00:00,female,senior,Mathematics,Psychology,experiment,3,2,2026-02-24T12:13:45+00:00,red,74,white,"[""white"", ""white""]",2,50,5,4922,,,,,
SONA_0009,74,47,50,3,30,4,2026-02-24T11:42:15+00:00,2026-02-24T12:23:15+00:00,female,senior,Mathematics,Psychology,experiment,3,3,2026-02-24T12:13:51+00:00,red,74,white,"[""white"", ""white"", ""white""]",3,60,7,5183,,,,,
SONA_0009,74,47,50,3,30,4,2026-02-24T11:42:15+00:00,2026-02-24T12:23:15+00:00,female,senior,Mathematics,Psychology,experiment,3,4,2026-02-24T12:13:59+00:00,red,74,black,"[""white"", ""white"", ""white"", ""black""]",4,75,6,4484,,,,,
SONA_0009,74,47,50,3,30,4,2026-02-24T11:42:15+00:00,2026-02-24T12:23:15+00:00,female,senior,Mathematics,Psychology,experiment,3,5,2026-02-24T12:14:35+00:00,red,74,black,"[""white"", ""white"", ""white"", ""black"", ""black""]",5,70,6,4489,,,,,
SONA_0009,74,47,50,3,30,4,2026-02-24T11:42:15+00:00,2026-02-24T12:23:15+00:00,female,senior,Mathematics,Psychology,experiment,3,6,2026-02-24T12:14:03+00:00,red,74,white,"[""white"", ""white"", ""white"", ""black"", ""black"", ""white""]",6,50,5,4634,,,,,
SONA_0009,74,47,50,3,30,4,2026-02-24T11:42:15+00:00,2026-02-24T12:23:15+00:00,female,senior,Mathematics,Psychology,experiment,3,7,2026-02-24T12:15:00+00:00,red,74,black,"[""white"", ""white"", ""white"", ""black"", ""black"", ""white"", ""black""]",7,70,4,4218,,,,,
SONA_0009,74,47,50,3,30,4,2026-02-24T11:42:15+00:00,2026-02-24T12:23:15+00:00,female,senior,Mathematics,Psychology,experiment,3,8,2026-02-24T12:14:19+00:00,red,74,white,"[""white"", ""white"", ""white"", ""black"", ""black"", ""white"", ""black"", ""white""]",8,50,5,5042,,,,,
SONA_0009,74,47,50,3,30,4,2026-02-24T11:42:15+00:00,2026-02-24T12:23:15+00:00,female,senior,Mathematics,Psychology,experiment,3,9,2026-02-24T12:14:54+00:00,red,74,black,"[""white"", ""white"", ""white"", ""black"", ""black"", ""white"", ""black"", ""white"", ""black""]",9,50,5,4719,,,,,
SONA_0009,74,47,50,3,30,4,2026-02-24T11:42:15+00:00,2026-02-24T12:23:15+00:00,female,senior,Mathematics,Psychology,experiment,3,10,2026-02-24T12:15:55+00:00,red,74,black,"[""white"", ""white"", ""white"", ""black"", ""black"", ""white"", ""black"", ""white"", ""black"", ""black""]",10,60,4,4475,,,,,
SONA_0009,74,47,50,3,30,4,2026-02-24T11:42:15+00:00,2026-02-24T12:23:15+00:00,female,senior,Mathematics,Psychology,experiment,3,11,2026-02-24T12:15:05+00:00,red,74,white,"[""white"", ""white"", ""white"", ""black"", ""black"", ""white"", ""black"", ""white"", ""black"", ""black"", ""white""]",11,55,4,4924,,,,,
SONA_0009,74,47,50,3,30,4,2026-02-24T11:42:15+00:00,2026-02-24T12:23:15+00:00,female,senior,Mathematics,Psychology,experiment,3,12,2026-02-24T12:16:51+00:00,red,74,white,"[""white"", ""white"", ""white"", ""black"", ""black"", ""white"", ""black"", ""white"", ""black"", ""black"", ""white"", ""white""]",12,45,6,5164,,,,,
SONA_0009,74,47,50,3,30,4,2026-02-24T11:42:15+00:00,2026-02-24T12:23:15+00:00,female,senior,Mathematics,Psychology,experiment,3,13,2026-02-24T12:15:25+00:00,red,74,white,"[""white"", ""white"", ""white"", ""black"", ""black"", ""white"", ""black"", ""white"", ""black"", ""black"", ""white"", ""white"", ""white""]",13,45,4,4466,,,,,
SONA_0009,74,47,50,3,30,4,2026-02-24T11:42:15+00:00,2026-02-24T12:23:15+00:00,female,senior,Mathematics,Psychology,experiment,3,14,2026-02-24T12:16:03+00:00,red,74,black,"[""white"", ""white"", ""white"", ""black"", ""black"", ""white"", ""black"", ""white"", ""black"", ""black"", ""white"", ""white"", ""white"", ""black""]",14,50,5,4380,,,,,
SONA_0009,74,47,50,3,30,4,2026-02-24T11:42:15+00:00,2026-02-24T12:23:15+00:00,female,senior,Mathematics,Psychology,experiment,3,15,2026-02-24T12:16:00+00:00,red,74,black,"[""white"", ""white"", ""white"", ""black"", ""black"", ""white"", ""black"", ""white"", ""black"", ""black"", ""white"", ""white"", ""white"", ""black"", ""black""]",15,55,5,4855,,,,,
SONA_0009,74,47,50,3,30,4,2026-02-24T11:42:15+00:00,2026-02-24T12:23:15+00:00,female,senior,Mathematics,Psychology,experiment,3,16,2026-02-24T12:15:55+00:00,red,74,white,"[""white"", ""white"", ""white"", ""black"", ""black"", ""white"", ""black"", ""white"", ""black"", ""black"", ""white"", ""white"", ""white"", ""black"", ""black"", ""white""]",16,30,6,4111,,,,,
SONA_0009,74,47,50,3,30,4,2026-02-24T11:42:15+00:00,2026-02-24T12:23:15+00:00,female,senior,Mathematics,Psychology,experiment,3,17,2026-02-24T12:16:05+00:00,red,74,black,"[""white"", ""white"", ""white"", ""black"", ""black"", ""white"", ""black"", ""white"", ""black"", ""black"", ""white"", ""white"", ""white"", ""black"", ""black"", ""white"", ""black""]",17,45,5,4926,,,,,
SONA_0009,74,47,50,3,30,4,2026-02-24T11:42:15+00:00,2026-02-24T12:23:15+00:00,female,senior,Mathematics,Psychology,experiment,3,18,2026-02-24T12:16:51+00:00,red,74,white,"[""white"", ""white"", ""white"", ""black"", ""black"", ""white"", ""black"", ""white"", ""black"", ""black"", ""white"", ""white"", ""white"", ""black"", ""black"", ""white"", ""black"", ""white""]",18,50,5,4858,,,,,
SONA_0009,74,47,50,3,30,4,2026-02-24T11:42:15+00:00,2026-02-24T12:23:15+00:00,female,senior,Mathematics,Psychology,experiment,3,19,2026-02-24T12:15:47+00:00,red,74,black,"[""white"", ""white"", ""white"", ""black"", ""black"", ""white"", ""black"", ""white"", ""black"", ""black"", ""white"", ""white"", ""white"", ""black"", ""black"", ""white"", ""black"", ""white"", ""black""]",19,50,5,3904,,,,,
SONA_0009,74,47,50,3,30,4,2026-02-24T11:42:15+00:00,2026-02-24T12:23:15+00:00,female,senior,Mathematics,Psychology,experiment,3,20,2026-02-24T12:15:55+00:00,red,74,white,"[""white"", ""white"", ""white"", ""black"", ""black"", ""white"", ""black"", ""white"", ""black"", ""black"", ""white"", ""white"", ""white"", ""black"", ""black"", ""white"", ""black"", ""white"", ""black"", ""white""]",20,55,5,4625,,,,,
SONA_0009,74,47,50,3,30,4,2026-02-24T11:42:15+00:00,2026-02-24T12:23:15+00:00,female,senior,Mathematics,Psychology,experiment,3,21,2026-02-24T12:18:30+00:00,red,74,white,"[""white"", ""white"", ""white"", ""black"", ""black"", ""white"", ""black"", ""white"", ""black"", ""black"", ""white"", ""white"", ""white"", ""black"", ""black"", ""white"", ""black"", ""white"", ""black"", ""white"", ""white""]",21,30,6,4683,,,,,
SONA_0009,74,47,50,3,30,4,2026-02-24T11:42:15+00:00,2026-02-24T12:23:15+00:00,female,senior,Mathematics,Psychology,experiment,3,22,2026-02-24T12:18:01+00:00,red,74,white,"[""white"", ""white"", ""white"", ""black"", ""black"", ""white"", ""black"", ""white"", ""black"", ""black"", ""white"", ""white"", ""white"", ""black"", ""black"", ""white"", ""black"", ""white"", ""black"", ""white"", ""white"", ""white""]",22,20,6,3962,,,,,
SONA_0009,74,47,50,3,30,4,2026-02-24T11:42:15+00:00,2026-02-24T12:23:15+00:00,female,senior,Mathematics,Psychology,experiment,3,23,2026-02-24T12:20:09+00:00,red,74,white,"[""white"", ""white"", ""white"", ""black"", ""black"", ""white"", ""black"", ""white"", ""black"", ""black"", ""white"", ""white"", ""white"", ""black"", ""black"", ""white"", ""black"", ""white"", ""black"", ""white"", ""white"", ""white"", ""white""]",23,45,4,3896,,,,,
SONA_0009,74,47,50,3,30,4,2026-02-24T11:42:15+00:00,2026-02-24T12:23:15+00:00,female,senior,Mathematics,Psychology,experiment,3,24,2026-02-24T12:19:39+00:00,red,74,black,"[""white"", ""white"", ""white"", ""black"", ""black"", ""white"", ""black"", ""white"", ""black"", ""black"", ""white"", ""white"", ""white"", ""black"", ""black"", ""white"", ""black"", ""white"", ""black"", ""white"", ""white"", ""white"", ""white"", ""black""]",24,40,6,5034,,,,,
SONA_0009,74,47,50,3,30,4,2026-02-24T11:42:15+00:00,2026-02-24T12:23:15+00:00,female,senior,Mathematics,Psychology,experiment,3,25,2026-02-24T12:17:50+00:00,red,74,white,"[""white"", ""white"", ""white"", ""black"", ""black"", ""white"", ""black"", ""white"", ""black"", ""black"", ""white"", ""white"", ""white"", ""black"", ""black"", ""white"", ""black"", ""white"", ""black"", ""white"", ""white"", ""white"", ""white"", ""black"", ""white""]",25,20,7,3803,,,,,
SONA_0009,74,47,50,3,30,4,2026-02-24T11:42:15+00:00,2026-02-24T12:23:15+00:00,female,senior,Mathematics,Psychology,experiment,3,26,2026-02-24T12:18:27+00:00,red,74,black,"[""white"", ""white"", ""white"", ""black"", ""black"", ""white"", ""black"", ""white"", ""black"", ""black"", ""white"", ""white"", ""white"", ""black"", ""black"", ""white"", ""black"", ""white"", ""black"", ""white"", ""white"", ""white"", ""white"", ""black"", ""white"", ""black""]",26,25,5,4225,,,,,
SONA_0009,74,47,50,3,30,4,2026-02-24T11:42:15+00:00,2026-02-24T12:23:15+00:00,female,senior,Mathematics,Psychology,experiment,3,27,2026-02-24T12:21:21+00:00,red,74,black,"[""white"", ""white"", ""white"", ""black"", ""black"", ""white"", ""black"", ""white"", ""black"", ""black"", ""white"", ""white"", ""white"", ""black"", ""black"", ""white"", ""black"", ""white"", ""black"", ""white"", ""white"", ""white"", ""white"", ""black"", ""white"", ""black"", ""black""]",27,40,7,4465,,,,,
SONA_0009,74,47,50,3,30,4,2026-02-24T11:42:15+00:00,2026-02-24T12:23:15+00:00,female,senior,Mathematics,Psychology,experiment,3,28,2026-02-24T12:17:55+00:00,red,74,black,"[""white"", ""white"", ""white"", ""black"", ""black"", ""white"", ""black"", ""white"", ""black"", ""black"", ""white"", ""white"", ""white"", ""black"", ""black"", ""white"", ""black"", ""white"", ""black"", ""white"", ""white"", ""white"", ""white"", ""black"", ""white"", ""black"", ""black"", ""black""]",28,55,4,4732,,,,,
SONA_0009,74,47,50,3,30,4,2026-02-24T11:42:15+00:00,2026-02-24T12:23:15+00:00,female,senior,Mathematics,Psychology,experiment,3,29,2026-02-24T12:20:01+00:00,red,74,white,"[""white"", ""white"", ""white"", ""black"", ""black"", ""white"", ""black"", ""white"", ""black"", ""black"", ""white"", ""white"", ""white"", ""black"", ""black"", ""white"", ""black"", ""white"", ""black"", ""white"", ""white"", ""white"", ""white"", ""black"", ""white"", ""black"", ""black"", ""black"", ""white""]",29,35,4,4487,,,,,
SONA_0009,74,47,50,3,30,4,2026-02-24T11:42:15+00:00,2026-02-24T12:23:15+00:00,female,senior,Mathematics,Psychology,experiment,3,30,2026-02-24T12:17:45+00:00,red,74,black,"[""white"", ""white"", ""white"", ""black"", ""black"", ""white"", ""black"", ""white"", ""black"", ""black"", ""white"", ""white"", ""white"", ""black"", ""black"", ""white"", ""black"", ""white"", ""black"", ""white"", ""white"", ""white"", ""white"", ""black"", ""white"", ""black"", ""black"", ""black"", ""white"", ""black""]",30,45,5,3747,,,,,
SONA_0009,74,47,50,3,30,4,2026-02-24T11:42:15+00:00,2026-02-24T12:23:15+00:00,female,senior,Mathematics,Psychology,experiment,3,31,2026-02-24T12:19:58+00:00,red,74,black,"[""white"", ""white"", ""white"", ""black"", ""black"", ""white"", ""black"", ""white"", ""black"", ""black"", ""white"", ""white"", ""white"", ""black"", ""black"", ""white"", ""black"", ""white"", ""black"", ""white"", ""white"", ""white"", ""white"", ""black"", ""white"", ""black"", ""black"", ""black"", ""white"", ""black"", ""black""]",31,50,5,4194,,,,,
SONA_0009,74,47,50,3,30,4,2026-02-24T11:42:15+00:00,2026-02-24T12:23:15+00:00,female,senior,Mathematics,Psychology,experiment,3,32,2026-02-24T12:21:15+00:00,red,74,black,"[""white"", ""white"", ""white"", ""black"", ""black"", ""white"", ""black"", ""white"", ""black"", ""black"", ""white"", ""white"", ""white"", ""black"", ""black"", ""white"", ""black"", ""white"", ""black"", ""white"", ""white"", ""white"", ""white"", ""black"", ""white"", ""black"", ""black"", ""black"", ""white"", ""black"", ""black"", ""black""]",32,60,4,3932,,,,,
SONA_0009,74,47,50,3,30,4,2026-02-24T11:42:15+00:00,2026-02-24T12:23:15+00:00,female,senior,Mathematics,Psychology,experiment,3,33,2026-02-24T12:22:36+00:00,red,74,black,"[""white"", ""white"", ""white"", ""black"", ""black"", ""white"", ""black"", ""white"", ""black"", ""black"", ""white"", ""white"", ""white"", ""black"", ""black"", ""white"", ""black"", ""white"", ""black"", ""white"", ""white"", ""white"", ""white"", ""black"", ""white"", ""black"", ""black"", ""black"", ""white"", ""black"", ""black"", ""black"", ""black""]",33,65,6,4729,,,,,
SONA_0010,10,25,35,4,55,5,2026-02-24T16:04:46+00:00,2026-02-24T16:45:46+00:00,female,junior,Biology,Data Science,experiment,1,1,2026-02-24T16:08:03+00:00,red,10,white,"[""white""]",1,35,9,3591,,,,,
SONA_0010,10,25,35,4,55,5,2026-02-24T16:04:46+00:00,2026-02-24T16:45:46+00:00,female,junior,Biology,Data Science,experiment,1,2,2026-02-24T16:08:16+00:00,red,10,white,"[""white"", ""white""]",2,45,7,3975,,,,,
SONA_0010,10,25,35,4,55,5,2026-02-24T16:04:46+00:00,2026-02-24T16:45:46+00:00,female,junior,Biology,Data Science,experiment,1,3,2026-02-24T16:08:28+00:00,red,10,white,"[""white"", ""white"", ""white""]",3,50,7,4650,,,,,
SONA_0010,10,25,35,4,55,5,2026-02-24T16:04:46+00:00,2026-02-24T16:45:46+00:00,female,junior,Biology,Data Science,experiment,1,4,2026-02-24T16:08:58+00:00,red,10,white,"[""white"", ""white"", ""white"", ""white""]",4,45,8,4013,,,,,
SONA_0010,10,25,35,4,55,5,2026-02-24T16:04:46+00:00,2026-02-24T16:45:46+00:00,female,junior,Biology,Data Science,experiment,1,5,2026-02-24T16:08:41+00:00,red,10,white,"[""white"", ""white"", ""white"", ""white"", ""white""]",5,65,8,3907,,,,,
SONA_0010,10,25,35,4,55,5,2026-02-24T16:04:46+00:00,2026-02-24T16:45:46+00:00,female,junior,Biology,Data Science,experiment,1,6,2026-02-24T16:08:58+00:00,red,10,white,"[""white"", ""white"", ""white"", ""white"", ""white"", ""white""]",6,60,6,3862,,,,,
SONA_0010,10,25,35,4,55,5,2026-02-24T16:04:46+00:00,2026-02-24T16:45:46+00:00,female,junior,Biology,Data Science,experiment,1,7,2026-02-24T16:09:10+00:00,red,10,white,"[""white"", ""white"", ""white"", ""white"", ""white"", ""white"", ""white""]",7,80,6,3776,,,,,
SONA_0010,10,25,35,4,55,5,2026-02-24T16:04:46+00:00,2026-02-24T16:45:46+00:00,female,junior,Biology,Data Science,experiment,1,8,2026-02-24T16:08:50+00:00,red,10,white,"[""white"", ""white"", ""white"", ""white"", ""white"", ""white"", ""white"", ""white""]",8,65,8,3685,,,,,
SONA_0010,10,25,35,4,55,5,2026-02-24T16:04:46+00:00,2026-02-24T16:45:46+00:00,female,junior,Biology,Data Science,experiment,1,9,2026-02-24T16:09:25+00:00,red,10,black,"[""white"", ""white"", ""white"", ""white"", ""white"", ""white"", ""white"", ""white"", ""black""]",9,55,7,3822,,,,,
SONA_0010,10,25,35,4,55,5,2026-02-24T16:04:46+00:00,2026-02-24T16:45:46+00:00,female,junior,Biology,Data Science,experiment,1,10,2026-02-24T16:09:16+00:00,red,10,white,"[""white"", ""white"", ""white"", ""white"", ""white"", ""white"", ""white"", ""white"", ""black"", ""white""]",10,65,9,3934,,,,,
SONA_0010,10,25,35,4,55,5,2026-02-24T16:04:46+00:00,2026-02-24T16:45:46+00:00,female,junior,Biology,Data Science,experiment,1,11,2026-02-24T16:10:09+00:00,red,10,white,"[""white"", ""white"", ""white"", ""white"", ""white"", ""white"", ""white"", ""white"", ""black"", ""white"", ""white""]",11,75,7,3605,,,,,
SONA_0010,10,25,35,4,55,5,2026-02-24T16:04:46+00:00,2026-02-24T16:45:46+00:00,female,junior,Biology,Data Science,experiment,1,12,2026-02-24T16:10:58+00:00,red,10,white,"[""white"", ""white"", ""white"", ""white"", ""white"", ""white"", ""white"", ""white"", ""black"", ""white"", ""white"", ""white""]",12,85,10,3753,,,,,
SONA_0010,10,25,35,4,55,5,2026-02-24T16:04:46+00:00,2026-02-24T16:45:46+00:00,female,junior,Biology,Data Science,experiment,1,13,2026-02-24T16:09:56+00:00,red,10,white,"[""white"", ""white"", ""white"", ""white"", ""white"", ""white"", ""white"", ""white"", ""black"", ""white"", ""white"", ""white"", ""white""]",13,80,10,3804,,,,,
SONA_0010,10,25,35,4,55,5,2026-02-24T16:04:46+00:00,2026-02-24T16:45:46+00:00,female,junior,Biology,Data Science,experiment,1,14,2026-02-24T16:11:30+00:00,red,10,white,"[""white"", ""white"", ""white"", ""white"", ""white"", ""white"", ""white"", ""white"", ""black"", ""white"", ""white"", ""white"", ""white"", ""white""]",14,90,10,3023,,,,,
SONA_0010,10,25,35,4,55,5,2026-02-24T16:04:46+00:00,2026-02-24T16:45:46+00:00,female,junior,Biology,Data Science,experiment,1,15,2026-02-24T16:12:01+00:00,red,10,white,"[""white"", ""white"", ""white"", ""white"", ""white"", ""white"", ""white"", ""white"", ""black"", ""white"", ""white"", ""white"", ""white"", ""white"", ""white""]",15,95,10,2701,,,,,
SONA_0010,10,25,35,4,55,5,2026-02-24T16:04:46+00:00,2026-02-24T16:45:46+00:00,female,junior,Biology,Data Science,experiment,1,16,2026-02-24T16:10:42+00:00,red,10,white,"[""white"", ""white"", ""white"", ""white"", ""white"", ""white"", ""white"", ""white"", ""black"", ""white"", ""white"", ""white"", ""white"", ""white"", ""white"", ""white""]",16,95,9,2510,,,,,
SONA_0010,10,25,35,4,55,5,2026-02-24T16:04:46+00:00,2026-02-24T16:45:46+00:00,female,junior,Biology,Data Science,experiment,1,17,2026-02-24T16:12:01+00:00,red,10,white,"[""white"", ""white"", ""white"", ""white"", ""white"", ""white"", ""white"", ""white"", ""black"", ""white"", ""white"", ""white"", ""white"", ""white"", ""white"", ""white"", ""white""]",17,100,9,3057,,,,,
SONA_0010,10,25,35,4,55,5,2026-02-24T16:04:46+00:00,2026-02-24T16:45:46+00:00,female,junior,Biology,Data Science,experiment,1,18,2026-02-24T16:10:46+00:00,red,10,white,"[""white"", ""white"", ""white"", ""white"", ""white"", ""white"", ""white"", ""white"", ""black"", ""white"", ""white"", ""white"", ""white"", ""white"", ""white"", ""white"", ""white"", ""white""]",18,90,9,3453,,,,,
SONA_0010,10,25,35,4,55,5,2026-02-24T16:04:46+00:00,2026-02-24T16:45:46+00:00,female,junior,Biology,Data Science,experiment,1,19,2026-02-24T16:12:50+00:00,red,10,white,"[""white"", ""white"", ""white"", ""white"", ""white"", ""white"", ""white"", ""white"", ""black"", ""white"", ""white"", ""white"", ""white"", ""white"", ""white"", ""white"", ""white"", ""white"", ""white""]",19,95,8,3607,,,,,
SONA_0010,10,25,35,4,55,5,2026-02-24T16:04:46+00:00,2026-02-24T16:45:46+00:00,female,junior,Biology,Data Science,experiment,1,20,2026-02-24T16:13:26+00:00,red,10,white,"[""white"", ""white"", ""white"", ""white"", ""white"", ""white"", ""white"", ""white"", ""black"", ""white"", ""white"", ""white"", ""white"", ""white"", ""white"", ""white"", ""white"", ""white"", ""white"", ""white""]",20,100,8,2726,,,,,
SONA_0010,10,25,35,4,55,5,2026-02-24T16:04:46+00:00,2026-02-24T16:45:46+00:00,female,junior,Biology,Data Science,experiment,1,21,2026-02-24T16:11:58+00:00,red,10,white,"[""white"", ""white"", ""white"", ""white"", ""white"", ""white"", ""white"", ""white"", ""black"", ""white"", ""white"", ""white"", ""white"", ""white"", ""white"", ""white"", ""white"", ""white"", ""white"", ""white"", ""white""]",21,85,9,4101,,,,,
SONA_0010,10,25,35,4,55,5,2026-02-24T16:04:46+00:00,2026-02-24T16:45:46+00:00,female,junior,Biology,Data Science,experiment,1,22,2026-02-24T16:14:22+00:00,red,10,white,"[""white"", ""white"", ""white"", ""white"", ""white"", ""white"", ""white"", ""white"", ""black"", ""white"", ""white"", ""white"", ""white"", ""white"", ""white"", ""white"", ""white"", ""white"", ""white"", ""white"", ""white"", ""white""]",22,90,10,2972,,,,,
SONA_0010,10,25,35,4,55,5,2026-02-24T16:04:46+00:00,2026-02-24T16:45:46+00:00,female,junior,Biology,Data Science,experiment,1,23,2026-02-24T16:11:59+00:00,red,10,white,"[""white"", ""white"", ""white"", ""white"", ""white"", ""white"", ""white"", ""white"", ""black"", ""white"", ""white"", ""white"", ""white"", ""white"", ""white"", ""white"", ""white"", ""white"", ""white"", ""white"", ""white"", ""white"", ""white""]",23,95,9,3102,,,,,
SONA_0010,10,25,35,4,55,5,2026-02-24T16:04:46+00:00,2026-02-24T16:45:46+00:00,female,junior,Biology,Data Science,experiment,1,24,2026-02-24T16:12:58+00:00,red,10,white,"[""white"", ""white"", ""white"", ""white"", ""white"", ""white"", ""white"", ""white"", ""black"", ""white"", ""white"", ""white"", ""white"", ""white"", ""white"", ""white"", ""white"", ""white"", ""white"", ""white"", ""white"", ""white"", ""white"", ""white""]",24,100,10,3690,,,,,
SONA_0010,10,25,35,4,55,5,2026-02-24T16:04:46+00:00,2026-02-24T16:45:46+00:00,female,junior,Biology,Data Science,experiment,1,25,2026-02-24T16:11:31+00:00,red,10,white,"[""white"", ""white"", ""white"", ""white"", ""white"", ""white"", ""white"", ""white"", ""black"", ""white"", ""white"", ""white"", ""white"", ""white"", ""white"", ""white"", ""white"", ""white"", ""white"", ""white"", ""white"", ""white"", ""white"", ""white"", ""white""]",25,100,10,3047,,,,,
SONA_0010,10,25,35,4,55,5,2026-02-24T16:04:46+00:00,2026-02-24T16:45:46+00:00,female,junior,Biology,Data Science,experiment,1,26,2026-02-24T16:14:42+00:00,red,10,white,"[""white"", ""white"", ""white"", ""white"", ""white"", ""white"", ""white"", ""white"", ""black"", ""white"", ""white"", ""white"", ""white"", ""white"", ""white"", ""white"", ""white"", ""white"", ""white"", ""white"", ""white"", ""white"", ""white"", ""white"", ""white"", ""white""]",26,100,10,3955,,,,,
SONA_0010,10,25,35,4,55,5,2026-02-24T16:04:46+00:00,2026-02-24T16:45:46+00:00,female,junior,Biology,Data Science,experiment,1,27,2026-02-24T16:12:16+00:00,red,10,white,"[""white"", ""white"", ""white"", ""white"", ""white"", ""white"", ""white"", ""white"", ""black"", ""white"", ""white"", ""white"", ""white"", ""white"", ""white"", ""white"", ""white"", ""white"", ""white"", ""white"", ""white"", ""white"", ""white"", ""white"", ""white"", ""white"", ""white""]",27,100,10,2369,,,,,
SONA_0010,10,25,35,4,55,5,2026-02-24T16:04:46+00:00,2026-02-24T16:45:46+00:00,female,junior,Biology,Data Science,experiment,1,28,2026-02-24T16:16:10+00:00,red,10,white,"[""white"", ""white"", ""white"", ""white"", ""white"", ""white"", ""white"", ""white"", ""black"", ""white"", ""white"", ""white"", ""white"", ""white"", ""white"", ""white"", ""white"", ""white"", ""white"", ""white"", ""white"", ""white"", ""white"", ""white"", ""white"", ""white"", ""white"", ""white""]",28,95,10,3067,,,,,
SONA_0010,10,25,35,4,55,5,2026-02-24T16:04:46+00:00,2026-02-24T16:45:46+00:00,female,junior,Biology,Data Science,experiment,1,29,2026-02-24T16:16:28+00:00,red,10,white,"[""white"", ""white"", ""white"", ""white"", ""white"", ""white"", ""white"", ""white"", ""black"", ""white"", ""white"", ""white"", ""white"", ""white"", ""white"", ""white"", ""white"", ""white"", ""white"", ""white"", ""white"", ""white"", ""white"", ""white"", ""white"", ""white"", ""white"", ""white"", ""white""]",29,100,10,2544,,,,,
SONA_0010,10,25,35,4,55,5,2026-02-24T16:04:46+00:00,2026-02-24T16:45:46+00:00,female,junior,Biology,Data Science,experiment,1,30,2026-02-24T16:13:46+00:00,red,10,white,"[""white"", ""white"", ""white"", ""white"", ""white"", ""white"", ""white"", ""white"", ""black"", ""white"", ""white"", ""white"", ""white"", ""white"", ""white"", ""white"", ""white"", ""white"", ""white"", ""white"", ""white"", ""white"", ""white"", ""white"", ""white"", ""white"", ""white"", ""white"", ""white"", ""white""]",30,100,9,3213,,,,,
SONA_0010,10,25,35,4,55,5,2026-02-24T16:04:46+00:00,2026-02-24T16:45:46+00:00,female,junior,Biology,Data Science,experiment,1,31,2026-02-24T16:13:58+00:00,red,10,white,"[""white"", ""white"", ""white"", ""white"", ""white"", ""white"", ""white"", ""white"", ""black"", ""white"", ""white"", ""white"", ""white"", ""white"", ""white"", ""white"", ""white"", ""white"", ""white"", ""white"", ""white"", ""white"", ""white"", ""white"", ""white"", ""white"", ""white"", ""white"", ""white"", ""white"", ""white""]",31,100,10,3509,,,,,
SONA_0010,10,25,35,4,55,5,2026-02-24T16:04:46+00:00,2026-02-24T16:45:46+00:00,female,junior,Biology,Data Science,experiment,1,32,2026-02-24T16:12:34+00:00,red,10,white,"[""white"", ""white"", ""white"", ""white"", ""white"", ""white"", ""white"", ""white"", ""black"", ""white"", ""white"", ""white"", ""white"", ""white"", ""white"", ""white"", ""white"", ""white"", ""white"", ""white"", ""white"", ""white"", ""white"", ""white"", ""white"", ""white"", ""white"", ""white"", ""white"", ""white"", ""white"", ""white""]",32,100,9,2753,,,,,
SONA_0010,10,25,35,4,55,5,2026-02-24T16:04:46+00:00,2026-02-24T16:45:46+00:00,female,junior,Biology,Data Science,experiment,1,33,2026-02-24T16:13:49+00:00,red,10,white,"[""white"", ""white"", ""white"", ""white"", ""white"", ""white"", ""white"", ""white"", ""black"", ""white"", ""white"", ""white"", ""white"", ""white"", ""white"", ""white"", ""white"", ""white"", ""white"", ""white"", ""white"", ""white"", ""white"", ""white"", ""white"", ""white"", ""white"", ""white"", ""white"", ""white"", ""white"", ""white"", ""white""]",33,100,9,2076,,,,,
SONA_0010,10,25,35,4,55,5,2026-02-24T16:04:46+00:00,2026-02-24T16:45:46+00:00,female,junior,Biology,Data Science,experiment,2,1,2026-02-24T16:20:01+00:00,green,25,white,"[""white""]",1,65,8,4148,,,,,
SONA_0010,10,25,35,4,55,5,2026-02-24T16:04:46+00:00,2026-02-24T16:45:46+00:00,female,junior,Biology,Data Science,experiment,2,2,2026-02-24T16:20:20+00:00,green,25,black,"[""white"", ""black""]",2,40,7,3469,,,,,
SONA_0010,10,25,35,4,55,5,2026-02-24T16:04:46+00:00,2026-02-24T16:45:46+00:00,female,junior,Biology,Data Science,experiment,2,3,2026-02-24T16:20:40+00:00,green,25,white,"[""white"", ""black"", ""white""]",3,45,8,4089,,,,,
SONA_0010,10,25,35,4,55,5,2026-02-24T16:04:46+00:00,2026-02-24T16:45:46+00:00,female,junior,Biology,Data Science,experiment,2,4,2026-02-24T16:20:30+00:00,green,25,white,"[""white"", ""black"", ""white"", ""white""]",4,60,6,3912,,,,,
SONA_0010,10,25,35,4,55,5,2026-02-24T16:04:46+00:00,2026-02-24T16:45:46+00:00,female,junior,Biology,Data Science,experiment,2,5,2026-02-24T16:20:46+00:00,green,25,white,"[""white"", ""black"", ""white"", ""white"", ""white""]",5,70,10,3681,,,,,
SONA_0010,10,25,35,4,55,5,2026-02-24T16:04:46+00:00,2026-02-24T16:45:46+00:00,female,junior,Biology,Data Science,experiment,2,6,2026-02-24T16:21:10+00:00,green,25,white,"[""white"", ""black"", ""white"", ""white"", ""white"", ""white""]",6,75,9,3195,,,,,
SONA_0010,10,25,35,4,55,5,2026-02-24T16:04:46+00:00,2026-02-24T16:45:46+00:00,female,junior,Biology,Data Science,experiment,2,7,2026-02-24T16:21:10+00:00,green,25,white,"[""white"", ""black"", ""white"", ""white"", ""white"", ""white"", ""white""]",7,75,7,4363,,,,,
SONA_0010,10,25,35,4,55,5,2026-02-24T16:04:46+00:00,2026-02-24T16:45:46+00:00,female,junior,Biology,Data Science,experiment,2,8,2026-02-24T16:21:22+00:00,green,25,white,"[""white"", ""black"", ""white"", ""white"", ""white"", ""white"", ""white"", ""white""]",8,85,9,3286,,,,,
SONA_0010,10,25,35,4,55,5,2026-02-24T16:04:46+00:00,2026-02-24T16:45:46+00:00,female,junior,Biology,Data Science,experiment,2,9,2026-02-24T16:21:43+00:00,green,25,white,"[""white"", ""black"", ""white"", ""white"", ""white"", ""white"", ""white"", ""white"", ""white""]",9,75,7,3017,,,,,
SONA_0010,10,25,35,4,55,5,2026-02-24T16:04:46+00:00,2026-02-24T16:45:46+00:00,female,junior,Biology,Data Science,experiment,2,10,2026-02-24T16:21:36+00:00,green,25,white,"[""white"", ""black"", ""white"", ""white"", ""white"", ""white"", ""white"", ""white"", ""white"", ""white""]",10,100,10,3043,,,,,
SONA_0010,10,25,35,4,55,5,2026-02-24T16:04:46+00:00,2026-02-24T16:45:46+00:00,female,junior,Biology,Data Science,experiment,2,11,2026-02-24T16:23:04+00:00,green,25,white,"[""white"", ""black"", ""white"", ""white"", ""white"", ""white"", ""white"", ""white"", ""white"", ""white"", ""white""]",11,100,9,3048,,,,,
SONA_0010,10,25,35,4,55,5,2026-02-24T16:04:46+00:00,2026-02-24T16:45:46+00:00,female,junior,Biology,Data Science,experiment,2,12,2026-02-24T16:21:46+00:00,green,25,white,"[""white"", ""black"", ""white"", ""white"", ""white"", ""white"", ""white"", ""white"", ""white"", ""white"", ""white"", ""white""]",12,95,9,3725,,,,,
SONA_0010,10,25,35,4,55,5,2026-02-24T16:04:46+00:00,2026-02-24T16:45:46+00:00,female,junior,Biology,Data Science,experiment,2,13,2026-02-24T16:21:30+00:00,green,25,black,"[""white"", ""black"", ""white"", ""white"", ""white"", ""white"", ""white"", ""white"", ""white"", ""white"", ""white"", ""white"", ""black""]",13,100,9,2398,,,,,
SONA_0010,10,25,35,4,55,5,2026-02-24T16:04:46+00:00,2026-02-24T16:45:46+00:00,female,junior,Biology,Data Science,experiment,2,14,2026-02-24T16:23:58+00:00,green,25,white,"[""white"", ""black"", ""white"", ""white"", ""white"", ""white"", ""white"", ""white"", ""white"", ""white"", ""white"", ""white"", ""black"", ""white""]",14,85,9,2516,,,,,
SONA_0010,10,25,35,4,55,5,2026-02-24T16:04:46+00:00,2026-02-24T16:45:46+00:00,female,junior,Biology,Data Science,experiment,2,15,2026-02-24T16:24:16+00:00,green,25,white,"[""white"", ""black"", ""white"", ""white"", ""white"", ""white"", ""white"", ""white"", ""white"", ""white"", ""white"", ""white"", ""black"", ""white"", ""white""]",15,95,8,3015,,,,,
SONA_0010,10,25,35,4,55,5,2026-02-24T16:04:46+00:00,2026-02-24T16:45:46+00:00,female,junior,Biology,Data Science,experiment,2,16,2026-02-24T16:22:26+00:00,green,25,black,"[""white"", ""black"", ""white"", ""white"", ""white"", ""white"", ""white"", ""white"", ""white"", ""white"", ""white"", ""white"", ""black"", ""white"", ""white"", ""black""]",16,95,9,2872,,,,,
SONA_0010,10,25,35,4,55,5,2026-02-24T16:04:46+00:00,2026-02-24T16:45:46+00:00,female,junior,Biology,Data Science,experiment,2,17,2026-02-24T16:23:44+00:00,green,25,white,"[""white"", ""black"", ""white"", ""white"", ""white"", ""white"", ""white"", ""white"", ""white"", ""white"", ""white"", ""white"", ""black"", ""white"", ""white"", ""black"", ""white""]",17,100,10,2951,,,,,
SONA_0010,10,25,35,4,55,5,2026-02-24T16:04:46+00:00,2026-02-24T16:45:46+00:00,female,junior,Biology,Data Science,experiment,2,18,2026-02-24T16:22:46+00:00,green,25,white,"[""white"", ""black"", ""white"", ""white"", ""white"", ""white"", ""white"", ""white"", ""white"", ""white"", ""white"", ""white"", ""black"", ""white"", ""white"", ""black"", ""white"", ""white""]",18,95,10,3625,,,,,
SONA_0010,10,25,35,4,55,5,2026-02-24T16:04:46+00:00,2026-02-24T16:45:46+00:00,female,junior,Biology,Data Science,experiment,2,19,2026-02-24T16:24:50+00:00,green,25,white,"[""white"", ""black"", ""white"", ""white"", ""white"", ""white"", ""white"", ""white"", ""white"", ""white"", ""white"", ""white"", ""black"", ""white"", ""white"", ""black"", ""white"", ""white"", ""white""]",19,100,10,3657,,,,,
SONA_0010,10,25,35,4,55,5,2026-02-24T16:04:46+00:00,2026-02-24T16:45:46+00:00,female,junior,Biology,Data Science,experiment,2,20,2026-02-24T16:23:26+00:00,green,25,white,"[""white"", ""black"", ""white"", ""white"", ""white"", ""white"", ""white"", ""white"", ""white"", ""white"", ""white"", ""white"", ""black"", ""white"", ""white"", ""black"", ""white"", ""white"", ""white"", ""white""]",20,100,10,2967,,,,,
SONA_0010,10,25,35,4,55,5,2026-02-24T16:04:46+00:00,2026-02-24T16:45:46+00:00,female,junior,Biology,Data Science,experiment,2,21,2026-02-24T16:23:37+00:00,green,25,white,"[""white"", ""black"", ""white"", ""white"", ""white"", ""white"", ""white"", ""white"", ""white"", ""white"", ""white"", ""white"", ""black"", ""white"", ""white"", ""black"", ""white"", ""white"", ""white"", ""white"", ""white""]",21,100,10,3353,,,,,
SONA_0010,10,25,35,4,55,5,2026-02-24T16:04:46+00:00,2026-02-24T16:45:46+00:00,female,junior,Biology,Data Science,experiment,2,22,2026-02-24T16:24:54+00:00,green,25,white,"[""white"", ""black"", ""white"", ""white"", ""white"", ""white"", ""white"", ""white"", ""white"", ""white"", ""white"", ""white"", ""black"", ""white"", ""white"", ""black"", ""white"", ""white"", ""white"", ""white"", ""white"", ""white""]",22,95,10,3673,,,,,
SONA_0010,10,25,35,4,55,5,2026-02-24T16:04:46+00:00,2026-02-24T16:45:46+00:00,female,junior,Biology,Data Science,experiment,2,23,2026-02-24T16:25:08+00:00,green,25,white,"[""white"", ""black"", ""white"", ""white"", ""white"", ""white"", ""white"", ""white"", ""white"", ""white"", ""white"", ""white"", ""black"", ""white"", ""white"", ""black"", ""white"", ""white"", ""white"", ""white"", ""white"", ""white"", ""white""]",23,100,10,2990,,,,,
SONA_0010,10,25,35,4,55,5,2026-02-24T16:04:46+00:00,2026-02-24T16:45:46+00:00,female,junior,Biology,Data Science,experiment,2,24,2026-02-24T16:24:34+00:00,green,25,black,"[""white"", ""black"", ""white"", ""white"", ""white"", ""white"", ""white"", ""white"", ""white"", ""white"", ""white"", ""white"", ""black"", ""white"", ""white"", ""black"", ""white"", ""white"", ""white"", ""white"", ""white"", ""white"", ""white"", ""black""]",24,100,8,2234,,,,,
SONA_0010,10,25,35,4,55,5,2026-02-24T16:04:46+00:00,2026-02-24T16:45:46+00:00,female,junior,Biology,Data Science,experiment,2,25,2026-02-24T16:24:46+00:00,green,25,white,"[""white"", ""black"", ""white"", ""white"", ""white"", ""white"", ""white"", ""white"", ""white"", ""white"", ""white"", ""white"", ""black"", ""white"", ""white"", ""black"", ""white"", ""white"", ""white"", ""white"", ""white"", ""white"", ""white"", ""black"", ""white""]",25,100,9,3142,,,,,
SONA_0010,10,25,35,4,55,5,2026-02-24T16:04:46+00:00,2026-02-24T16:45:46+00:00,female,junior,Biology,Data Science,experiment,2,26,2026-02-24T16:27:08+00:00,green,25,black,"[""white"", ""black"", ""white"", ""white"", ""white"", ""white"", ""white"", ""white"", ""white"", ""white"", ""white"", ""white"", ""black"", ""white"", ""white"", ""black"", ""white"", ""white"", ""white"", ""white"", ""white"", ""white"", ""white"", ""black"", ""white"", ""black""]",26,100,8,3594,,,,,
SONA_0010,10,25,35,4,55,5,2026-02-24T16:04:46+00:00,2026-02-24T16:45:46+00:00,female,junior,Biology,Data Science,experiment,2,27,2026-02-24T16:27:25+00:00,green,25,white,"[""white"", ""black"", ""white"", ""white"", ""white"", ""white"", ""white"", ""white"", ""white"", ""white"", ""white"", ""white"", ""black"", ""white"", ""white"", ""black"", ""white"", ""white"", ""white"", ""white"", ""white"", ""white"", ""white"", ""black"", ""white"", ""black"", ""white""]",27,100,10,3293,,,,,
SONA_0010,10,25,35,4,55,5,2026-02-24T16:04:46+00:00,2026-02-24T16:45:46+00:00,female,junior,Biology,Data Science,experiment,2,28,2026-02-24T16:26:46+00:00,green,25,white,"[""white"", ""black"", ""white"", ""white"", ""white"", ""white"", ""white"", ""white"", ""white"", ""white"", ""white"", ""white"", ""black"", ""white"", ""white"", ""black"", ""white"", ""white"", ""white"", ""white"", ""white"", ""white"", ""white"", ""black"", ""white"", ""black"", ""white"", ""white""]",28,95,10,3404,,,,,
SONA_0010,10,25,35,4,55,5,2026-02-24T16:04:46+00:00,2026-02-24T16:45:46+00:00,female,junior,Biology,Data Science,experiment,2,29,2026-02-24T16:27:30+00:00,green,25,white,"[""white"", ""black"", ""white"", ""white"", ""white"", ""white"", ""white"", ""white"", ""white"", ""white"", ""white"", ""white"", ""black"", ""white"", ""white"", ""black"", ""white"", ""white"", ""white"", ""white"", ""white"", ""white"", ""white"", ""black"", ""white"", ""black"", ""white"", ""white"", ""white""]",29,85,8,3538,,,,,
SONA_0010,10,25,35,4,55,5,2026-02-24T16:04:46+00:00,2026-02-24T16:45:46+00:00,female,junior,Biology,Data Science,experiment,2,30,2026-02-24T16:28:16+00:00,green,25,white,"[""white"", ""black"", ""white"", ""white"", ""white"", ""white"", ""white"", ""white"", ""white"", ""white"", ""white"", ""white"", ""black"", ""white"", ""white"", ""black"", ""white"", ""white"", ""white"", ""white"", ""white"", ""white"", ""white"", ""black"", ""white"", ""black"", ""white"", ""white"", ""white"", ""white""]",30,100,10,2139,,,,,
SONA_0010,10,25,35,4,55,5,2026-02-24T16:04:46+00:00,2026-02-24T16:45:46+00:00,female,junior,Biology,Data Science,experiment,2,31,2026-02-24T16:25:27+00:00,green,25,black,"[""white"", ""black"", ""white"", ""white"", ""white"", ""white"", ""white"", ""white"", ""white"", ""white"", ""white"", ""white"", ""black"", ""white"", ""white"", ""black"", ""white"", ""white"", ""white"", ""white"", ""white"", ""white"", ""white"", ""black"", ""white"", ""black"", ""white"", ""white"", ""white"", ""white"", ""black""]",31,90,10,4015,,,,,
SONA_0010,10,25,35,4,55,5,2026-02-24T16:04:46+00:00,2026-02-24T16:45:46+00:00,female,junior,Biology,Data Science,experiment,2,32,2026-02-24T16:28:50+00:00,green,25,white,"[""white"", ""black"", ""white"", ""white"", ""white"", ""white"", ""white"", ""white"", ""white"", ""white"", ""white"", ""white"", ""black"", ""white"", ""white"", ""black"", ""white"", ""white"", ""white"", ""white"", ""white"", ""white"", ""white"", ""black"", ""white"", ""black"", ""white"", ""white"", ""white"", ""white"", ""black"", ""white""]",32,90,10,2518,,,,,
SONA_0010,10,25,35,4,55,5,2026-02-24T16:04:46+00:00,2026-02-24T16:45:46+00:00,female,junior,Biology,Data Science,experiment,2,33,2026-02-24T16:28:34+00:00,green,25,white,"[""white"", ""black"", ""white"", ""white"", ""white"", ""white"", ""white"", ""white"", ""white"", ""white"", ""white"", ""white"", ""black"", ""white"", ""white"", ""black"", ""white"", ""white"", ""white"", ""white"", ""white"", ""white"", ""white"", ""black"", ""white"", ""black"", ""white"", ""white"", ""white"", ""white"", ""black"", ""white"", ""white""]",33,100,10,1890,,,,,
SONA_0010,10,25,35,4,55,5,2026-02-24T16:04:46+00:00,2026-02-24T16:45:46+00:00,female,junior,Biology,Data Science,experiment,3,1,2026-02-24T16:32:04+00:00,red,10,white,"[""white""]",1,100,8,3285,,,,,
SONA_0010,10,25,35,4,55,5,2026-02-24T16:04:46+00:00,2026-02-24T16:45:46+00:00,female,junior,Biology,Data Science,experiment,3,2,2026-02-24T16:32:18+00:00,red,10,white,"[""white"", ""white""]",2,90,8,2649,,,,,
SONA_0010,10,25,35,4,55,5,2026-02-24T16:04:46+00:00,2026-02-24T16:45:46+00:00,female,junior,Biology,Data Science,experiment,3,3,2026-02-24T16:32:13+00:00,red,10,white,"[""white"", ""white"", ""white""]",3,100,8,2837,,,,,
SONA_0010,10,25,35,4,55,5,2026-02-24T16:04:46+00:00,2026-02-24T16:45:46+00:00,female,junior,Biology,Data Science,experiment,3,4,2026-02-24T16:32:30+00:00,red,10,white,"[""white"", ""white"", ""white"", ""white""]",4,85,9,3391,,,,,
SONA_0010,10,25,35,4,55,5,2026-02-24T16:04:46+00:00,2026-02-24T16:45:46+00:00,female,junior,Biology,Data Science,experiment,3,5,2026-02-24T16:32:46+00:00,red,10,white,"[""white"", ""white"", ""white"", ""white"", ""white""]",5,100,9,3219,,,,,
SONA_0010,10,25,35,4,55,5,2026-02-24T16:04:46+00:00,2026-02-24T16:45:46+00:00,female,junior,Biology,Data Science,experiment,3,6,2026-02-24T16:33:22+00:00,red,10,white,"[""white"", ""white"", ""white"", ""white"", ""white"", ""white""]",6,100,9,3205,,,,,
SONA_0010,10,25,35,4,55,5,2026-02-24T16:04:46+00:00,2026-02-24T16:45:46+00:00,female,junior,Biology,Data Science,experiment,3,7,2026-02-24T16:33:45+00:00,red,10,white,"[""white"", ""white"", ""white"", ""white"", ""white"", ""white"", ""white""]",7,95,10,3440,,,,,
SONA_0010,10,25,35,4,55,5,2026-02-24T16:04:46+00:00,2026-02-24T16:45:46+00:00,female,junior,Biology,Data Science,experiment,3,8,2026-02-24T16:33:06+00:00,red,10,white,"[""white"", ""white"", ""white"", ""white"", ""white"", ""white"", ""white"", ""white""]",8,95,9,2947,,,,,
SONA_0010,10,25,35,4,55,5,2026-02-24T16:04:46+00:00,2026-02-24T16:45:46+00:00,female,junior,Biology,Data Science,experiment,3,9,2026-02-24T16:33:07+00:00,red,10,black,"[""white"", ""white"", ""white"", ""white"", ""white"", ""white"", ""white"", ""white"", ""black""]",9,85,9,2756,,,,,
SONA_0010,10,25,35,4,55,5,2026-02-24T16:04:46+00:00,2026-02-24T16:45:46+00:00,female,junior,Biology,Data Science,experiment,3,10,2026-02-24T16:33:26+00:00,red,10,white,"[""white"", ""white"", ""white"", ""white"", ""white"", ""white"", ""white"", ""white"", ""black"", ""white""]",10,100,8,3072,,,,,
SONA_0010,10,25,35,4,55,5,2026-02-24T16:04:46+00:00,2026-02-24T16:45:46+00:00,female,junior,Biology,Data Science,experiment,3,11,2026-02-24T16:34:53+00:00,red,10,white,"[""white"", ""white"", ""white"", ""white"", ""white"", ""white"", ""white"", ""white"", ""black"", ""white"", ""white""]",11,95,7,3147,,,,,
SONA_0010,10,25,35,4,55,5,2026-02-24T16:04:46+00:00,2026-02-24T16:45:46+00:00,female,junior,Biology,Data Science,experiment,3,12,2026-02-24T16:34:10+00:00,red,10,white,"[""white"", ""white"", ""white"", ""white"", ""white"", ""white"", ""white"", ""white"", ""black"", ""white"", ""white"", ""white""]",12,90,9,3767,,,,,
SONA_0010,10,25,35,4,55,5,2026-02-24T16:04:46+00:00,2026-02-24T16:45:46+00:00,female,junior,Biology,Data Science,experiment,3,13,2026-02-24T16:34:48+00:00,red,10,white,"[""white"", ""white"", ""white"", ""white"", ""white"", ""white"", ""white"", ""white"", ""black"", ""white"", ""white"", ""white"", ""white""]",13,100,10,2948,,,,,
SONA_0010,10,25,35,4,55,5,2026-02-24T16:04:46+00:00,2026-02-24T16:45:46+00:00,female,junior,Biology,Data Science,experiment,3,14,2026-02-24T16:34:48+00:00,red,10,white,"[""white"", ""white"", ""white"", ""white"", ""white"", ""white"", ""white"", ""white"", ""black"", ""white"", ""white"", ""white"", ""white"", ""white""]",14,95,8,2539,,,,,
SONA_0010,10,25,35,4,55,5,2026-02-24T16:04:46+00:00,2026-02-24T16:45:46+00:00,female,junior,Biology,Data Science,experiment,3,15,2026-02-24T16:35:31+00:00,red,10,white,"[""white"", ""white"", ""white"", ""white"", ""white"", ""white"", ""white"", ""white"", ""black"", ""white"", ""white"", ""white"", ""white"", ""white"", ""white""]",15,100,10,2249,,,,,
SONA_0010,10,25,35,4,55,5,2026-02-24T16:04:46+00:00,2026-02-24T16:45:46+00:00,female,junior,Biology,Data Science,experiment,3,16,2026-02-24T16:35:14+00:00,red,10,black,"[""white"", ""white"", ""white"", ""white"", ""white"", ""white"", ""white"", ""white"", ""black"", ""white"", ""white"", ""white"", ""white"", ""white"", ""white"", ""black""]",16,95,10,3437,,,,,
SONA_0010,10,25,35,4,55,5,2026-02-24T16:04:46+00:00,2026-02-24T16:45:46+00:00,female,junior,Biology,Data Science,experiment,3,17,2026-02-24T16:35:10+00:00,red,10,white,"[""white"", ""white"", ""white"", ""white"", ""white"", ""white"", ""white"", ""white"", ""black"", ""white"", ""white"", ""white"", ""white"", ""white"", ""white"", ""black"", ""white""]",17,100,10,2977,,,,,
SONA_0010,10,25,35,4,55,5,2026-02-24T16:04:46+00:00,2026-02-24T16:45:46+00:00,female,junior,Biology,Data Science,experiment,3,18,2026-02-24T16:35:22+00:00,red,10,white,"[""white"", ""white"", ""white"", ""white"", ""white"", ""white"", ""white"", ""white"", ""black"", ""white"", ""white"", ""white"", ""white"", ""white"", ""white"", ""black"", ""white"", ""white""]",18,90,10,3202,,,,,
SONA_0010,10,25,35,4,55,5,2026-02-24T16:04:46+00:00,2026-02-24T16:45:46+00:00,female,junior,Biology,Data Science,experiment,3,19,2026-02-24T16:34:37+00:00,red,10,white,"[""white"", ""white"", ""white"", ""white"", ""white"", ""white"", ""white"", ""white"", ""black"", ""white"", ""white"", ""white"", ""white"", ""white"", ""white"", ""black"", ""white"", ""white"", ""white""]",19,95,9,3595,,,,,
SONA_0010,10,25,35,4,55,5,2026-02-24T16:04:46+00:00,2026-02-24T16:45:46+00:00,female,junior,Biology,Data Science,experiment,3,20,2026-02-24T16:34:46+00:00,red,10,black,"[""white"", ""white"", ""white"", ""white"", ""white"", ""white"", ""white"", ""white"", ""black"", ""white"", ""white"", ""white"", ""white"", ""white"", ""white"", ""black"", ""white"", ""white"", ""white"", ""black""]",20,85,9,3583,,,,,
SONA_0010,10,25,35,4,55,5,2026-02-24T16:04:46+00:00,2026-02-24T16:45:46+00:00,female,junior,Biology,Data Science,experiment,3,21,2026-02-24T16:37:43+00:00,red,10,white,"[""white"", ""white"", ""white"", ""white"", ""white"", ""white"", ""white"", ""white"", ""black"", ""white"", ""white"", ""white"", ""white"", ""white"", ""white"", ""black"", ""white"", ""white"", ""white"", ""black"", ""white""]",21,90,8,3021,,,,,
SONA_0010,10,25,35,4,55,5,2026-02-24T16:04:46+00:00,2026-02-24T16:45:46+00:00,female,junior,Biology,Data Science,experiment,3,22,2026-02-24T16:35:26+00:00,red,10,white,"[""white"", ""white"", ""white"", ""white"", ""white"", ""white"", ""white"", ""white"", ""black"", ""white"", ""white"", ""white"", ""white"", ""white"", ""white"", ""black"", ""white"", ""white"", ""white"", ""black"", ""white"", ""white""]",22,95,9,2522,,,,,
SONA_0010,10,25,35,4,55,5,2026-02-24T16:04:46+00:00,2026-02-24T16:45:46+00:00,female,junior,Biology,Data Science,experiment,3,23,2026-02-24T16:35:59+00:00,red,10,white,"[""white"", ""white"", ""white"", ""white"", ""white"", ""white"", ""white"", ""white"", ""black"", ""white"", ""white"", ""white"", ""white"", ""white"", ""white"", ""black"", ""white"", ""white"", ""white"", ""black"", ""white"", ""white"", ""white""]",23,90,9,2696,,,,,
SONA_0010,10,25,35,4,55,5,2026-02-24T16:04:46+00:00,2026-02-24T16:45:46+00:00,female,junior,Biology,Data Science,experiment,3,24,2026-02-24T16:37:22+00:00,red,10,white,"[""white"", ""white"", ""white"", ""white"", ""white"", ""white"", ""white"", ""white"", ""black"", ""white"", ""white"", ""white"", ""white"", ""white"", ""white"", ""black"", ""white"", ""white"", ""white"", ""black"", ""white"", ""white"", ""white"", ""white""]",24,100,10,2353,,,,,
SONA_0010,10,25,35,4,55,5,2026-02-24T16:04:46+00:00,2026-02-24T16:45:46+00:00,female,junior,Biology,Data Science,experiment,3,25,2026-02-24T16:38:01+00:00,red,10,white,"[""white"", ""white"", ""white"", ""white"", ""white"", ""white"", ""white"", ""white"", ""black"", ""white"", ""white"", ""white"", ""white"", ""white"", ""white"", ""black"", ""white"", ""white"", ""white"", ""black"", ""white"", ""white"", ""white"", ""white"", ""white""]",25,100,8,2969,,,,,
SONA_0010,10,25,35,4,55,5,2026-02-24T16:04:46+00:00,2026-02-24T16:45:46+00:00,female,junior,Biology,Data Science,experiment,3,26,2026-02-24T16:37:50+00:00,red,10,white,"[""white"", ""white"", ""white"", ""white"", ""white"", ""white"", ""white"", ""white"", ""black"", ""white"", ""white"", ""white"", ""white"", ""white"", ""white"", ""black"", ""white"", ""white"", ""white"", ""black"", ""white"", ""white"", ""white"", ""white"", ""white"", ""white""]",26,100,9,2623,,,,,
SONA_0010,10,25,35,4,55,5,2026-02-24T16:04:46+00:00,2026-02-24T16:45:46+00:00,female,junior,Biology,Data Science,experiment,3,27,2026-02-24T16:36:43+00:00,red,10,white,"[""white"", ""white"", ""white"", ""white"", ""white"", ""white"", ""white"", ""white"", ""black"", ""white"", ""white"", ""white"", ""white"", ""white"", ""white"", ""black"", ""white"", ""white"", ""white"", ""black"", ""white"", ""white"", ""white"", ""white"", ""white"", ""white"", ""white""]",27,85,8,3712,,,,,
SONA_0010,10,25,35,4,55,5,2026-02-24T16:04:46+00:00,2026-02-24T16:45:46+00:00,female,junior,Biology,Data Science,experiment,3,28,2026-02-24T16:35:58+00:00,red,10,white,"[""white"", ""white"", ""white"", ""white"", ""white"", ""white"", ""white"", ""white"", ""black"", ""white"", ""white"", ""white"", ""white"", ""white"", ""white"", ""black"", ""white"", ""white"", ""white"", ""black"", ""white"", ""white"", ""white"", ""white"", ""white"", ""white"", ""white"", ""white""]",28,100,10,2923,,,,,
SONA_0010,10,25,35,4,55,5,2026-02-24T16:04:46+00:00,2026-02-24T16:45:46+00:00,female,junior,Biology,Data Science,experiment,3,29,2026-02-24T16:37:05+00:00,red,10,white,"[""white"", ""white"", ""white"", ""white"", ""white"", ""white"", ""white"", ""white"", ""black"", ""white"", ""white"", ""white"", ""white"", ""white"", ""white"", ""black"", ""white"", ""white"", ""white"", ""black"", ""white"", ""white"", ""white"", ""white"", ""white"", ""white"", ""white"", ""white"", ""white""]",29,100,10,2898,,,,,
SONA_0010,10,25,35,4,55,5,2026-02-24T16:04:46+00:00,2026-02-24T16:45:46+00:00,female,junior,Biology,Data Science,experiment,3,30,2026-02-24T16:37:46+00:00,red,10,white,"[""white"", ""white"", ""white"", ""white"", ""white"", ""white"", ""white"", ""white"", ""black"", ""white"", ""white"", ""white"", ""white"", ""white"", ""white"", ""black"", ""white"", ""white"", ""white"", ""black"", ""white"", ""white"", ""white"", ""white"", ""white"", ""white"", ""white"", ""white"", ""white"", ""white""]",30,100,9,2924,,,,,
SONA_0010,10,25,35,4,55,5,2026-02-24T16:04:46+00:00,2026-02-24T16:45:46+00:00,female,junior,Biology,Data Science,experiment,3,31,2026-02-24T16:39:00+00:00,red,10,white,"[""white"", ""white"", ""white"", ""white"", ""white"", ""white"", ""white"", ""white"", ""black"", ""white"", ""white"", ""white"", ""white"", ""white"", ""white"", ""black"", ""white"", ""white"", ""white"", ""black"", ""white"", ""white"", ""white"", ""white"", ""white"", ""white"", ""white"", ""white"", ""white"", ""white"", ""white""]",31,95,10,3298,,,,,
SONA_0010,10,25,35,4,55,5,2026-02-24T16:04:46+00:00,2026-02-24T16:45:46+00:00,female,junior,Biology,Data Science,experiment,3,32,2026-02-24T16:36:02+00:00,red,10,white,"[""white"", ""white"", ""white"", ""white"", ""white"", ""white"", ""white"", ""white"", ""black"", ""white"", ""white"", ""white"", ""white"", ""white"", ""white"", ""black"", ""white"", ""white"", ""white"", ""black"", ""white"", ""white"", ""white"", ""white"", ""white"", ""white"", ""white"", ""white"", ""white"", ""white"", ""white"", ""white""]",32,95,9,2408,,,,,
SONA_0010,10,25,35,4,55,5,2026-02-24T16:04:46+00:00,2026-02-24T16:45:46+00:00,female,junior,Biology,Data Science,experiment,3,33,2026-02-24T16:39:28+00:00,red,10,white,"[""white"", ""white"", ""white"", ""white"", ""white"", ""white"", ""white"", ""white"", ""black"", ""white"", ""white"", ""white"", ""white"", ""white"", ""white"", ""black"", ""white"", ""white"", ""white"", ""black"", ""white"", ""white"", ""white"", ""white"", ""white"", ""white"", ""white"", ""white"", ""white"", ""white"", ""white"", ""white"", ""white""]",33,85,8,2862,,,,,
SONA_0011,86,28,40,3,50,4,2026-02-24T14:33:21+00:00,2026-02-24T15:09:21+00:00,female,sophomore,English,Writing,experiment,1,1,2026-02-24T14:37:31+00:00,red,86,black,"[""black""]",1,45,3,4347,,,,,
SONA_0011,86,28,40,3,50,4,2026-02-24T14:33:21+00:00,2026-02-24T15:09:21+00:00,female,sophomore,English,Writing,experiment,1,2,2026-02-24T14:37:41+00:00,red,86,black,"[""black"", ""black""]",2,25,6,3243,,,,,
SONA_0011,86,28,40,3,50,4,2026-02-24T14:33:21+00:00,2026-02-24T15:09:21+00:00,female,sophomore,English,Writing,experiment,1,3,2026-02-24T14:37:57+00:00,red,86,black,"[""black"", ""black"", ""black""]",3,75,5,3193,,,,,
SONA_0011,86,28,40,3,50,4,2026-02-24T14:33:21+00:00,2026-02-24T15:09:21+00:00,female,sophomore,English,Writing,experiment,1,4,2026-02-24T14:37:53+00:00,red,86,black,"[""black"", ""black"", ""black"", ""black""]",4,85,6,3435,,,,,
SONA_0011,86,28,40,3,50,4,2026-02-24T14:33:21+00:00,2026-02-24T15:09:21+00:00,female,sophomore,English,Writing,experiment,1,5,2026-02-24T14:38:36+00:00,red,86,black,"[""black"", ""black"", ""black"", ""black"", ""black""]",5,60,4,3634,,,,,
SONA_0011,86,28,40,3,50,4,2026-02-24T14:33:21+00:00,2026-02-24T15:09:21+00:00,female,sophomore,English,Writing,experiment,1,6,2026-02-24T14:38:09+00:00,red,86,black,"[""black"", ""black"", ""black"", ""black"", ""black"", ""black""]",6,100,6,2673,,,,,
SONA_0011,86,28,40,3,50,4,2026-02-24T14:33:21+00:00,2026-02-24T15:09:21+00:00,female,sophomore,English,Writing,experiment,1,7,2026-02-24T14:39:06+00:00,red,86,black,"[""black"", ""black"", ""black"", ""black"", ""black"", ""black"", ""black""]",7,85,7,2876,,,,,
SONA_0011,86,28,40,3,50,4,2026-02-24T14:33:21+00:00,2026-02-24T15:09:21+00:00,female,sophomore,English,Writing,experiment,1,8,2026-02-24T14:38:57+00:00,red,86,white,"[""black"", ""black"", ""black"", ""black"", ""black"", ""black"", ""black"", ""white""]",8,85,7,3361,,,,,
SONA_0011,86,28,40,3,50,4,2026-02-24T14:33:21+00:00,2026-02-24T15:09:21+00:00,female,sophomore,English,Writing,experiment,1,9,2026-02-24T14:39:36+00:00,red,86,black,"[""black"", ""black"", ""black"", ""black"", ""black"", ""black"", ""black"", ""white"", ""black""]",9,85,5,3596,,,,,
SONA_0011,86,28,40,3,50,4,2026-02-24T14:33:21+00:00,2026-02-24T15:09:21+00:00,female,sophomore,English,Writing,experiment,1,10,2026-02-24T14:39:21+00:00,red,86,black,"[""black"", ""black"", ""black"", ""black"", ""black"", ""black"", ""black"", ""white"", ""black"", ""black""]",10,75,6,3763,,,,,
SONA_0011,86,28,40,3,50,4,2026-02-24T14:33:21+00:00,2026-02-24T15:09:21+00:00,female,sophomore,English,Writing,experiment,1,11,2026-02-24T14:39:11+00:00,red,86,white,"[""black"", ""black"", ""black"", ""black"", ""black"", ""black"", ""black"", ""white"", ""black"", ""black"", ""white""]",11,55,5,3506,,,,,
SONA_0011,86,28,40,3,50,4,2026-02-24T14:33:21+00:00,2026-02-24T15:09:21+00:00,female,sophomore,English,Writing,experiment,1,12,2026-02-24T14:38:57+00:00,red,86,black,"[""black"", ""black"", ""black"", ""black"", ""black"", ""black"", ""black"", ""white"", ""black"", ""black"", ""white"", ""black""]",12,70,5,3605,,,,,
SONA_0011,86,28,40,3,50,4,2026-02-24T14:33:21+00:00,2026-02-24T15:09:21+00:00,female,sophomore,English,Writing,experiment,1,13,2026-02-24T14:40:49+00:00,red,86,white,"[""black"", ""black"", ""black"", ""black"", ""black"", ""black"", ""black"", ""white"", ""black"", ""black"", ""white"", ""black"", ""white""]",13,40,5,3253,,,,,
SONA_0011,86,28,40,3,50,4,2026-02-24T14:33:21+00:00,2026-02-24T15:09:21+00:00,female,sophomore,English,Writing,experiment,1,14,2026-02-24T14:39:27+00:00,red,86,black,"[""black"", ""black"", ""black"", ""black"", ""black"", ""black"", ""black"", ""white"", ""black"", ""black"", ""white"", ""black"", ""white"", ""black""]",14,85,9,2789,,,,,
SONA_0011,86,28,40,3,50,4,2026-02-24T14:33:21+00:00,2026-02-24T15:09:21+00:00,female,sophomore,English,Writing,experiment,1,15,2026-02-24T14:41:51+00:00,red,86,black,"[""black"", ""black"", ""black"", ""black"", ""black"", ""black"", ""black"", ""white"", ""black"", ""black"", ""white"", ""black"", ""white"", ""black"", ""black""]",15,100,6,3081,,,,,
SONA_0011,86,28,40,3,50,4,2026-02-24T14:33:21+00:00,2026-02-24T15:09:21+00:00,female,sophomore,English,Writing,experiment,1,16,2026-02-24T14:39:29+00:00,red,86,white,"[""black"", ""black"", ""black"", ""black"", ""black"", ""black"", ""black"", ""white"", ""black"", ""black"", ""white"", ""black"", ""white"", ""black"", ""black"", ""white""]",16,35,6,3653,,,,,
SONA_0011,86,28,40,3,50,4,2026-02-24T14:33:21+00:00,2026-02-24T15:09:21+00:00,female,sophomore,English,Writing,experiment,1,17,2026-02-24T14:42:27+00:00,red,86,white,"[""black"", ""black"", ""black"", ""black"", ""black"", ""black"", ""black"", ""white"", ""black"", ""black"", ""white"", ""black"", ""white"", ""black"", ""black"", ""white"", ""white""]",17,55,6,2844,,,,,
SONA_0011,86,28,40,3,50,4,2026-02-24T14:33:21+00:00,2026-02-24T15:09:21+00:00,female,sophomore,English,Writing,experiment,1,18,2026-02-24T14:40:21+00:00,red,86,black,"[""black"", ""black"", ""black"", ""black"", ""black"", ""black"", ""black"", ""white"", ""black"", ""black"", ""white"", ""black"", ""white"", ""black"", ""black"", ""white"", ""white"", ""black""]",18,70,7,3346,,,,,
SONA_0011,86,28,40,3,50,4,2026-02-24T14:33:21+00:00,2026-02-24T15:09:21+00:00,female,sophomore,English,Writing,experiment,1,19,2026-02-24T14:42:06+00:00,red,86,black,"[""black"", ""black"", ""black"", ""black"", ""black"", ""black"", ""black"", ""white"", ""black"", ""black"", ""white"", ""black"", ""white"", ""black"", ""black"", ""white"", ""white"", ""black"", ""black""]",19,65,6,3471,,,,,
SONA_0011,86,28,40,3,50,4,2026-02-24T14:33:21+00:00,2026-02-24T15:09:21+00:00,female,sophomore,English,Writing,experiment,1,20,2026-02-24T14:40:21+00:00,red,86,black,"[""black"", ""black"", ""black"", ""black"", ""black"", ""black"", ""black"", ""white"", ""black"", ""black"", ""white"", ""black"", ""white"", ""black"", ""black"", ""white"", ""white"", ""black"", ""black"", ""black""]",20,75,5,3677,,,,,
SONA_0011,86,28,40,3,50,4,2026-02-24T14:33:21+00:00,2026-02-24T15:09:21+00:00,female,sophomore,English,Writing,experiment,1,21,2026-02-24T14:43:39+00:00,red,86,white,"[""black"", ""black"", ""black"", ""black"", ""black"", ""black"", ""black"", ""white"", ""black"", ""black"", ""white"", ""black"", ""white"", ""black"", ""black"", ""white"", ""white"", ""black"", ""black"", ""black"", ""white""]",21,20,6,2479,,,,,
SONA_0011,86,28,40,3,50,4,2026-02-24T14:33:21+00:00,2026-02-24T15:09:21+00:00,female,sophomore,English,Writing,experiment,1,22,2026-02-24T14:41:01+00:00,red,86,black,"[""black"", ""black"", ""black"", ""black"", ""black"", ""black"", ""black"", ""white"", ""black"", ""black"", ""white"", ""black"", ""white"", ""black"", ""black"", ""white"", ""white"", ""black"", ""black"", ""black"", ""white"", ""black""]",22,30,7,2919,,,,,
SONA_0011,86,28,40,3,50,4,2026-02-24T14:33:21+00:00,2026-02-24T15:09:21+00:00,female,sophomore,English,Writing,experiment,1,23,2026-02-24T14:40:48+00:00,red,86,black,"[""black"", ""black"", ""black"", ""black"", ""black"", ""black"", ""black"", ""white"", ""black"", ""black"", ""white"", ""black"", ""white"", ""black"", ""black"", ""white"", ""white"", ""black"", ""black"", ""black"", ""white"", ""black"", ""black""]",23,55,5,3233,,,,,
SONA_0011,86,28,40,3,50,4,2026-02-24T14:33:21+00:00,2026-02-24T15:09:21+00:00,female,sophomore,English,Writing,experiment,1,24,2026-02-24T14:43:21+00:00,red,86,black,"[""black"", ""black"", ""black"", ""black"", ""black"", ""black"", ""black"", ""white"", ""black"", ""black"", ""white"", ""black"", ""white"", ""black"", ""black"", ""white"", ""white"", ""black"", ""black"", ""black"", ""white"", ""black"", ""black"", ""black""]",24,55,4,3048,,,,,
SONA_0011,86,28,40,3,50,4,2026-02-24T14:33:21+00:00,2026-02-24T15:09:21+00:00,female,sophomore,English,Writing,experiment,1,25,2026-02-24T14:41:31+00:00,red,86,black,"[""black"", ""black"", ""black"", ""black"", ""black"", ""black"", ""black"", ""white"", ""black"", ""black"", ""white"", ""black"", ""white"", ""black"", ""black"", ""white"", ""white"", ""black"", ""black"", ""black"", ""white"", ""black"", ""black"", ""black"", ""black""]",25,75,7,3461,,,,,
SONA_0011,86,28,40,3,50,4,2026-02-24T14:33:21+00:00,2026-02-24T15:09:21+00:00,female,sophomore,English,Writing,experiment,1,26,2026-02-24T14:44:43+00:00,red,86,black,"[""black"", ""black"", ""black"", ""black"", ""black"", ""black"", ""black"", ""white"", ""black"", ""black"", ""white"", ""black"", ""white"", ""black"", ""black"", ""white"", ""white"", ""black"", ""black"", ""black"", ""white"", ""black"", ""black"", ""black"", ""black"", ""black""]",26,60,5,3434,,,,,
SONA_0011,86,28,40,3,50,4,2026-02-24T14:33:21+00:00,2026-02-24T15:09:21+00:00,female,sophomore,English,Writing,experiment,1,27,2026-02-24T14:42:45+00:00,red,86,black,"[""black"", ""black"", ""black"", ""black"", ""black"", ""black"", ""black"", ""white"", ""black"", ""black"", ""white"", ""black"", ""white"", ""black"", ""black"", ""white"", ""white"", ""black"", ""black"", ""black"", ""white"", ""black"", ""black"", ""black"", ""black"", ""black"", ""black""]",27,80,7,3181,,,,,
SONA_0011,86,28,40,3,50,4,2026-02-24T14:33:21+00:00,2026-02-24T15:09:21+00:00,female,sophomore,English,Writing,experiment,1,28,2026-02-24T14:42:29+00:00,red,86,black,"[""black"", ""black"", ""black"", ""black"", ""black"", ""black"", ""black"", ""white"", ""black"", ""black"", ""white"", ""black"", ""white"", ""black"", ""black"", ""white"", ""white"", ""black"", ""black"", ""black"", ""white"", ""black"", ""black"", ""black"", ""black"", ""black"", ""black"", ""black""]",28,100,8,2338,,,,,
SONA_0011,86,28,40,3,50,4,2026-02-24T14:33:21+00:00,2026-02-24T15:09:21+00:00,female,sophomore,English,Writing,experiment,1,29,2026-02-24T14:44:36+00:00,red,86,black,"[""black"", ""black"", ""black"", ""black"", ""black"", ""black"", ""black"", ""white"", ""black"", ""black"", ""white"", ""black"", ""white"", ""black"", ""black"", ""white"", ""white"", ""black"", ""black"", ""black"", ""white"", ""black"", ""black"", ""black"", ""black"", ""black"", ""black"", ""black"", ""black""]",29,80,6,3049,,,,,
SONA_0011,86,28,40,3,50,4,2026-02-24T14:33:21+00:00,2026-02-24T15:09:21+00:00,female,sophomore,English,Writing,experiment,1,30,2026-02-24T14:44:21+00:00,red,86,black,"[""black"", ""black"", ""black"", ""black"", ""black"", ""black"", ""black"", ""white"", ""black"", ""black"", ""white"", ""black"", ""white"", ""black"", ""black"", ""white"", ""white"", ""black"", ""black"", ""black"", ""white"", ""black"", ""black"", ""black"", ""black"", ""black"", ""black"", ""black"", ""black"", ""black""]",30,95,7,2294,,,,,
SONA_0011,86,28,40,3,50,4,2026-02-24T14:33:21+00:00,2026-02-24T15:09:21+00:00,female,sophomore,English,Writing,experiment,1,31,2026-02-24T14:46:39+00:00,red,86,black,"[""black"", ""black"", ""black"", ""black"", ""black"", ""black"", ""black"", ""white"", ""black"", ""black"", ""white"", ""black"", ""white"", ""black"", ""black"", ""white"", ""white"", ""black"", ""black"", ""black"", ""white"", ""black"", ""black"", ""black"", ""black"", ""black"", ""black"", ""black"", ""black"", ""black"", ""black""]",31,75,6,3569,,,,,
SONA_0011,86,28,40,3,50,4,2026-02-24T14:33:21+00:00,2026-02-24T15:09:21+00:00,female,sophomore,English,Writing,experiment,1,32,2026-02-24T14:42:41+00:00,red,86,black,"[""black"", ""black"", ""black"", ""black"", ""black"", ""black"", ""black"", ""white"", ""black"", ""black"", ""white"", ""black"", ""white"", ""black"", ""black"", ""white"", ""white"", ""black"", ""black"", ""black"", ""white"", ""black"", ""black"", ""black"", ""black"", ""black"", ""black"", ""black"", ""black"", ""black"", ""black"", ""black""]",32,100,8,2642,,,,,
SONA_0011,86,28,40,3,50,4,2026-02-24T14:33:21+00:00,2026-02-24T15:09:21+00:00,female,sophomore,English,Writing,experiment,1,33,2026-02-24T14:45:03+00:00,red,86,black,"[""black"", ""black"", ""black"", ""black"", ""black"", ""black"", ""black"", ""white"", ""black"", ""black"", ""white"", ""black"", ""white"", ""black"", ""black"", ""white"", ""white"", ""black"", ""black"", ""black"", ""white"", ""black"", ""black"", ""black"", ""black"", ""black"", ""black"", ""black"", ""black"", ""black"", ""black"", ""black"", ""black""]",33,70,5,2045,,,,,
SONA_0011,86,28,40,3,50,4,2026-02-24T14:33:21+00:00,2026-02-24T15:09:21+00:00,female,sophomore,English,Writing,experiment,2,1,2026-02-24T14:48:30+00:00,green,28,white,"[""white""]",1,40,5,3891,,,,,
SONA_0011,86,28,40,3,50,4,2026-02-24T14:33:21+00:00,2026-02-24T15:09:21+00:00,female,sophomore,English,Writing,experiment,2,2,2026-02-24T14:48:39+00:00,green,28,white,"[""white"", ""white""]",2,80,6,3964,,,,,
SONA_0011,86,28,40,3,50,4,2026-02-24T14:33:21+00:00,2026-02-24T15:09:21+00:00,female,sophomore,English,Writing,experiment,2,3,2026-02-24T14:48:51+00:00,green,28,white,"[""white"", ""white"", ""white""]",3,75,6,2466,,,,,
SONA_0011,86,28,40,3,50,4,2026-02-24T14:33:21+00:00,2026-02-24T15:09:21+00:00,female,sophomore,English,Writing,experiment,2,4,2026-02-24T14:49:13+00:00,green,28,white,"[""white"", ""white"", ""white"", ""white""]",4,55,5,3261,,,,,
SONA_0011,86,28,40,3,50,4,2026-02-24T14:33:21+00:00,2026-02-24T15:09:21+00:00,female,sophomore,English,Writing,experiment,2,5,2026-02-24T14:49:11+00:00,green,28,black,"[""white"", ""white"", ""white"", ""white"", ""black""]",5,90,6,2751,,,,,
SONA_0011,86,28,40,3,50,4,2026-02-24T14:33:21+00:00,2026-02-24T15:09:21+00:00,female,sophomore,English,Writing,experiment,2,6,2026-02-24T14:50:03+00:00,green,28,white,"[""white"", ""white"", ""white"", ""white"", ""black"", ""white""]",6,80,4,3423,,,,,
SONA_0011,86,28,40,3,50,4,2026-02-24T14:33:21+00:00,2026-02-24T15:09:21+00:00,female,sophomore,English,Writing,experiment,2,7,2026-02-24T14:49:31+00:00,green,28,white,"[""white"", ""white"", ""white"", ""white"", ""black"", ""white"", ""white""]",7,90,7,2759,,,,,
SONA_0011,86,28,40,3,50,4,2026-02-24T14:33:21+00:00,2026-02-24T15:09:21+00:00,female,sophomore,English,Writing,experiment,2,8,2026-02-24T14:50:21+00:00,green,28,white,"[""white"", ""white"", ""white"", ""white"", ""black"", ""white"", ""white"", ""white""]",8,95,3,2583,,,,,
SONA_0011,86,28,40,3,50,4,2026-02-24T14:33:21+00:00,2026-02-24T15:09:21+00:00,female,sophomore,English,Writing,experiment,2,9,2026-02-24T14:50:09+00:00,green,28,black,"[""white"", ""white"", ""white"", ""white"", ""black"", ""white"", ""white"", ""white"", ""black""]",9,75,6,2856,,,,,
SONA_0011,86,28,40,3,50,4,2026-02-24T14:33:21+00:00,2026-02-24T15:09:21+00:00,female,sophomore,English,Writing,experiment,2,10,2026-02-24T14:50:01+00:00,green,28,white,"[""white"", ""white"", ""white"", ""white"", ""black"", ""white"", ""white"", ""white"", ""black"", ""white""]",10,100,8,2824,,,,,
SONA_0011,86,28,40,3,50,4,2026-02-24T14:33:21+00:00,2026-02-24T15:09:21+00:00,female,sophomore,English,Writing,experiment,2,11,2026-02-24T14:50:00+00:00,green,28,white,"[""white"", ""white"", ""white"", ""white"", ""black"", ""white"", ""white"", ""white"", ""black"", ""white"", ""white""]",11,100,8,2864,,,,,
SONA_0011,86,28,40,3,50,4,2026-02-24T14:33:21+00:00,2026-02-24T15:09:21+00:00,female,sophomore,English,Writing,experiment,2,12,2026-02-24T14:51:57+00:00,green,28,white,"[""white"", ""white"", ""white"", ""white"", ""black"", ""white"", ""white"", ""white"", ""black"", ""white"", ""white"", ""white""]",12,50,5,3856,,,,,
SONA_0011,86,28,40,3,50,4,2026-02-24T14:33:21+00:00,2026-02-24T15:09:21+00:00,female,sophomore,English,Writing,experiment,2,13,2026-02-24T14:52:02+00:00,green,28,white,"[""white"", ""white"", ""white"", ""white"", ""black"", ""white"", ""white"", ""white"", ""black"", ""white"", ""white"", ""white"", ""white""]",13,85,8,2558,,,,,
SONA_0011,86,28,40,3,50,4,2026-02-24T14:33:21+00:00,2026-02-24T15:09:21+00:00,female,sophomore,English,Writing,experiment,2,14,2026-02-24T14:50:27+00:00,green,28,white,"[""white"", ""white"", ""white"", ""white"", ""black"", ""white"", ""white"", ""white"", ""black"", ""white"", ""white"", ""white"", ""white"", ""white""]",14,95,8,2519,,,,,
SONA_0011,86,28,40,3,50,4,2026-02-24T14:33:21+00:00,2026-02-24T15:09:21+00:00,female,sophomore,English,Writing,experiment,2,15,2026-02-24T14:51:21+00:00,green,28,white,"[""white"", ""white"", ""white"", ""white"", ""black"", ""white"", ""white"", ""white"", ""black"", ""white"", ""white"", ""white"", ""white"", ""white"", ""white""]",15,85,6,3271,,,,,
SONA_0011,86,28,40,3,50,4,2026-02-24T14:33:21+00:00,2026-02-24T15:09:21+00:00,female,sophomore,English,Writing,experiment,2,16,2026-02-24T14:51:33+00:00,green,28,white,"[""white"", ""white"", ""white"", ""white"", ""black"", ""white"", ""white"", ""white"", ""black"", ""white"", ""white"", ""white"", ""white"", ""white"", ""white"", ""white""]",16,90,6,3709,,,,,
SONA_0011,86,28,40,3,50,4,2026-02-24T14:33:21+00:00,2026-02-24T15:09:21+00:00,female,sophomore,English,Writing,experiment,2,17,2026-02-24T14:52:02+00:00,green,28,white,"[""white"", ""white"", ""white"", ""white"", ""black"", ""white"", ""white"", ""white"", ""black"", ""white"", ""white"", ""white"", ""white"", ""white"", ""white"", ""white"", ""white""]",17,100,6,2379,,,,,
SONA_0011,86,28,40,3,50,4,2026-02-24T14:33:21+00:00,2026-02-24T15:09:21+00:00,female,sophomore,English,Writing,experiment,2,18,2026-02-24T14:51:03+00:00,green,28,white,"[""white"", ""white"", ""white"", ""white"", ""black"", ""white"", ""white"", ""white"", ""black"", ""white"", ""white"", ""white"", ""white"", ""white"", ""white"", ""white"", ""white"", ""white""]",18,80,7,2566,,,,,
SONA_0011,86,28,40,3,50,4,2026-02-24T14:33:21+00:00,2026-02-24T15:09:21+00:00,female,sophomore,English,Writing,experiment,2,19,2026-02-24T14:50:53+00:00,green,28,black,"[""white"", ""white"", ""white"", ""white"", ""black"", ""white"", ""white"", ""white"", ""black"", ""white"", ""white"", ""white"", ""white"", ""white"", ""white"", ""white"", ""white"", ""white"", ""black""]",19,75,6,3981,,,,,
SONA_0011,86,28,40,3,50,4,2026-02-24T14:33:21+00:00,2026-02-24T15:09:21+00:00,female,sophomore,English,Writing,experiment,2,20,2026-02-24T14:51:41+00:00,green,28,white,"[""white"", ""white"", ""white"", ""white"", ""black"", ""white"", ""white"", ""white"", ""black"", ""white"", ""white"", ""white"", ""white"", ""white"", ""white"", ""white"", ""white"", ""white"", ""black"", ""white""]",20,100,7,3305,,,,,
SONA_0011,86,28,40,3,50,4,2026-02-24T14:33:21+00:00,2026-02-24T15:09:21+00:00,female,sophomore,English,Writing,experiment,2,21,2026-02-24T14:52:12+00:00,green,28,black,"[""white"", ""white"", ""white"", ""white"", ""black"", ""white"", ""white"", ""white"", ""black"", ""white"", ""white"", ""white"", ""white"", ""white"", ""white"", ""white"", ""white"", ""white"", ""black"", ""white"", ""black""]",21,100,8,2725,,,,,
SONA_0011,86,28,40,3,50,4,2026-02-24T14:33:21+00:00,2026-02-24T15:09:21+00:00,female,sophomore,English,Writing,experiment,2,22,2026-02-24T14:53:07+00:00,green,28,white,"[""white"", ""white"", ""white"", ""white"", ""black"", ""white"", ""white"", ""white"", ""black"", ""white"", ""white"", ""white"", ""white"", ""white"", ""white"", ""white"", ""white"", ""white"", ""black"", ""white"", ""black"", ""white""]",22,75,6,2636,,,,,
SONA_0011,86,28,40,3,50,4,2026-02-24T14:33:21+00:00,2026-02-24T15:09:21+00:00,female,sophomore,English,Writing,experiment,2,23,2026-02-24T14:51:25+00:00,green,28,white,"[""white"", ""white"", ""white"", ""white"", ""black"", ""white"", ""white"", ""white"", ""black"", ""white"", ""white"", ""white"", ""white"", ""white"", ""white"", ""white"", ""white"", ""white"", ""black"", ""white"", ""black"", ""white"", ""white""]",23,90,7,2204,,,,,
SONA_0011,86,28,40,3,50,4,2026-02-24T14:33:21+00:00,2026-02-24T15:09:21+00:00,female,sophomore,English,Writing,experiment,2,24,2026-02-24T14:55:09+00:00,green,28,white,"[""white"", ""white"", ""white"", ""white"", ""black"", ""white"", ""white"", ""white"", ""black"", ""white"", ""white"", ""white"", ""white"", ""white"", ""white"", ""white"", ""white"", ""white"", ""black"", ""white"", ""black"", ""white"", ""white"", ""white""]",24,100,7,2217,,,,,
SONA_0011,86,28,40,3,50,4,2026-02-24T14:33:21+00:00,2026-02-24T15:09:21+00:00,female,sophomore,English,Writing,experiment,2,25,2026-02-24T14:55:51+00:00,green,28,black,"[""white"", ""white"", ""white"", ""white"", ""black"", ""white"", ""white"", ""white"", ""black"", ""white"", ""white"", ""white"", ""white"", ""white"", ""white"", ""white"", ""white"", ""white"", ""black"", ""white"", ""black"", ""white"", ""white"", ""white"", ""black""]",25,100,9,2795,,,,,
SONA_0011,86,28,40,3,50,4,2026-02-24T14:33:21+00:00,2026-02-24T15:09:21+00:00,female,sophomore,English,Writing,experiment,2,26,2026-02-24T14:54:51+00:00,green,28,white,"[""white"", ""white"", ""white"", ""white"", ""black"", ""white"", ""white"", ""white"", ""black"", ""white"", ""white"", ""white"", ""white"", ""white"", ""white"", ""white"", ""white"", ""white"", ""black"", ""white"", ""black"", ""white"", ""white"", ""white"", ""black"", ""white""]",26,85,5,2934,,,,,
SONA_0011,86,28,40,3,50,4,2026-02-24T14:33:21+00:00,2026-02-24T15:09:21+00:00,female,sophomore,English,Writing,experiment,2,27,2026-02-24T14:55:33+00:00,green,28,black,"[""white"", ""white"", ""white"", ""white"", ""black"", ""white"", ""white"", ""white"", ""black"", ""white"", ""white"", ""white"", ""white"", ""white"", ""white"", ""white"", ""white"", ""white"", ""black"", ""white"", ""black"", ""white"", ""white"", ""white"", ""black"", ""white"", ""black""]",27,80,6,2628,,,,,
SONA_0011,86,28,40,3,50,4,2026-02-24T14:33:21+00:00,2026-02-24T15:09:21+00:00,female,sophomore,English,Writing,experiment,2,28,2026-02-24T14:52:05+00:00,green,28,white,"[""white"", ""white"", ""white"", ""white"", ""black"", ""white"", ""white"", ""white"", ""black"", ""white"", ""white"", ""white"", ""white"", ""white"", ""white"", ""white"", ""white"", ""white"", ""black"", ""white"", ""black"", ""white"", ""white"", ""white"", ""black"", ""white"", ""black"", ""white""]",28,100,9,2839,,,,,
SONA_0011,86,28,40,3,50,4,2026-02-24T14:33:21+00:00,2026-02-24T15:09:21+00:00,female,sophomore,English,Writing,experiment,2,29,2026-02-24T14:52:13+00:00,green,28,black,"[""white"", ""white"", ""white"", ""white"", ""black"", ""white"", ""white"", ""white"", ""black"", ""white"", ""white"", ""white"", ""white"", ""white"", ""white"", ""white"", ""white"", ""white"", ""black"", ""white"", ""black"", ""white"", ""white"", ""white"", ""black"", ""white"", ""black"", ""white"", ""black""]",29,60,6,3141,,,,,
SONA_0011,86,28,40,3,50,4,2026-02-24T14:33:21+00:00,2026-02-24T15:09:21+00:00,female,sophomore,English,Writing,experiment,2,30,2026-02-24T14:52:51+00:00,green,28,white,"[""white"", ""white"", ""white"", ""white"", ""black"", ""white"", ""white"", ""white"", ""black"", ""white"", ""white"", ""white"", ""white"", ""white"", ""white"", ""white"", ""white"", ""white"", ""black"", ""white"", ""black"", ""white"", ""white"", ""white"", ""black"", ""white"", ""black"", ""white"", ""black"", ""white""]",30,90,8,2810,,,,,
SONA_0011,86,28,40,3,50,4,2026-02-24T14:33:21+00:00,2026-02-24T15:09:21+00:00,female,sophomore,English,Writing,experiment,2,31,2026-02-24T14:53:31+00:00,green,28,white,"[""white"", ""white"", ""white"", ""white"", ""black"", ""white"", ""white"", ""white"", ""black"", ""white"", ""white"", ""white"", ""white"", ""white"", ""white"", ""white"", ""white"", ""white"", ""black"", ""white"", ""black"", ""white"", ""white"", ""white"", ""black"", ""white"", ""black"", ""white"", ""black"", ""white"", ""white""]",31,90,7,3409,,,,,
SONA_0011,86,28,40,3,50,4,2026-02-24T14:33:21+00:00,2026-02-24T15:09:21+00:00,female,sophomore,English,Writing,experiment,2,32,2026-02-24T14:54:45+00:00,green,28,white,"[""white"", ""white"", ""white"", ""white"", ""black"", ""white"", ""white"", ""white"", ""black"", ""white"", ""white"", ""white"", ""white"", ""white"", ""white"", ""white"", ""white"", ""white"", ""black"", ""white"", ""black"", ""white"", ""white"", ""white"", ""black"", ""white"", ""black"", ""white"", ""black"", ""white"", ""white"", ""white""]",32,100,6,2110,,,,,
SONA_0011,86,28,40,3,50,4,2026-02-24T14:33:21+00:00,2026-02-24T15:09:21+00:00,female,sophomore,English,Writing,experiment,2,33,2026-02-24T14:56:36+00:00,green,28,white,"[""white"", ""white"", ""white"", ""white"", ""black"", ""white"", ""white"", ""white"", ""black"", ""white"", ""white"", ""white"", ""white"", ""white"", ""white"", ""white"", ""white"", ""white"", ""black"", ""white"", ""black"", ""white"", ""white"", ""white"", ""black"", ""white"", ""black"", ""white"", ""black"", ""white"", ""white"", ""white"", ""white""]",33,85,8,3163,,,,,
SONA_0011,86,28,40,3,50,4,2026-02-24T14:33:21+00:00,2026-02-24T15:09:21+00:00,female,sophomore,English,Writing,experiment,3,1,2026-02-24T15:00:39+00:00,red,86,black,"[""black""]",1,80,7,2969,,,,,
SONA_0011,86,28,40,3,50,4,2026-02-24T14:33:21+00:00,2026-02-24T15:09:21+00:00,female,sophomore,English,Writing,experiment,3,2,2026-02-24T15:00:55+00:00,red,86,black,"[""black"", ""black""]",2,75,5,3468,,,,,
SONA_0011,86,28,40,3,50,4,2026-02-24T14:33:21+00:00,2026-02-24T15:09:21+00:00,female,sophomore,English,Writing,experiment,3,3,2026-02-24T15:00:51+00:00,red,86,black,"[""black"", ""black"", ""black""]",3,60,4,3559,,,,,
SONA_0011,86,28,40,3,50,4,2026-02-24T14:33:21+00:00,2026-02-24T15:09:21+00:00,female,sophomore,English,Writing,experiment,3,4,2026-02-24T15:01:17+00:00,red,86,white,"[""black"", ""black"", ""black"", ""white""]",4,90,7,3063,,,,,
SONA_0011,86,28,40,3,50,4,2026-02-24T14:33:21+00:00,2026-02-24T15:09:21+00:00,female,sophomore,English,Writing,experiment,3,5,2026-02-24T15:01:06+00:00,red,86,white,"[""black"", ""black"", ""black"", ""white"", ""white""]",5,50,4,3782,,,,,
SONA_0011,86,28,40,3,50,4,2026-02-24T14:33:21+00:00,2026-02-24T15:09:21+00:00,female,sophomore,English,Writing,experiment,3,6,2026-02-24T15:01:33+00:00,red,86,black,"[""black"", ""black"", ""black"", ""white"", ""white"", ""black""]",6,55,6,3692,,,,,
SONA_0011,86,28,40,3,50,4,2026-02-24T14:33:21+00:00,2026-02-24T15:09:21+00:00,female,sophomore,English,Writing,experiment,3,7,2026-02-24T15:02:20+00:00,red,86,black,"[""black"", ""black"", ""black"", ""white"", ""white"", ""black"", ""black""]",7,75,5,3069,,,,,
SONA_0011,86,28,40,3,50,4,2026-02-24T14:33:21+00:00,2026-02-24T15:09:21+00:00,female,sophomore,English,Writing,experiment,3,8,2026-02-24T15:02:37+00:00,red,86,black,"[""black"", ""black"", ""black"", ""white"", ""white"", ""black"", ""black"", ""black""]",8,45,7,3972,,,,,
SONA_0011,86,28,40,3,50,4,2026-02-24T14:33:21+00:00,2026-02-24T15:09:21+00:00,female,sophomore,English,Writing,experiment,3,9,2026-02-24T15:01:33+00:00,red,86,black,"[""black"", ""black"", ""black"", ""white"", ""white"", ""black"", ""black"", ""black"", ""black""]",9,85,5,2482,,,,,
SONA_0011,86,28,40,3,50,4,2026-02-24T14:33:21+00:00,2026-02-24T15:09:21+00:00,female,sophomore,English,Writing,experiment,3,10,2026-02-24T15:02:01+00:00,red,86,black,"[""black"", ""black"", ""black"", ""white"", ""white"", ""black"", ""black"", ""black"", ""black"", ""black""]",10,80,5,3418,,,,,
SONA_0011,86,28,40,3,50,4,2026-02-24T14:33:21+00:00,2026-02-24T15:09:21+00:00,female,sophomore,English,Writing,experiment,3,11,2026-02-24T15:02:55+00:00,red,86,black,"[""black"", ""black"", ""black"", ""white"", ""white"", ""black"", ""black"", ""black"", ""black"", ""black"", ""black""]",11,80,7,3819,,,,,
SONA_0011,86,28,40,3,50,4,2026-02-24T14:33:21+00:00,2026-02-24T15:09:21+00:00,female,sophomore,English,Writing,experiment,3,12,2026-02-24T15:03:09+00:00,red,86,black,"[""black"", ""black"", ""black"", ""white"", ""white"", ""black"", ""black"", ""black"", ""black"", ""black"", ""black"", ""black""]",12,70,7,3879,,,,,
SONA_0011,86,28,40,3,50,4,2026-02-24T14:33:21+00:00,2026-02-24T15:09:21+00:00,female,sophomore,English,Writing,experiment,3,13,2026-02-24T15:02:18+00:00,red,86,white,"[""black"", ""black"", ""black"", ""white"", ""white"", ""black"", ""black"", ""black"", ""black"", ""black"", ""black"", ""black"", ""white""]",13,65,5,3634,,,,,
SONA_0011,86,28,40,3,50,4,2026-02-24T14:33:21+00:00,2026-02-24T15:09:21+00:00,female,sophomore,English,Writing,experiment,3,14,2026-02-24T15:02:27+00:00,red,86,white,"[""black"", ""black"", ""black"", ""white"", ""white"", ""black"", ""black"", ""black"", ""black"", ""black"", ""black"", ""black"", ""white"", ""white""]",14,85,8,2987,,,,,
SONA_0011,86,28,40,3,50,4,2026-02-24T14:33:21+00:00,2026-02-24T15:09:21+00:00,female,sophomore,English,Writing,experiment,3,15,2026-02-24T15:02:36+00:00,red,86,black,"[""black"", ""black"", ""black"", ""white"", ""white"", ""black"", ""black"", ""black"", ""black"", ""black"", ""black"", ""black"", ""white"", ""white"", ""black""]",15,65,6,3596,,,,,
SONA_0011,86,28,40,3,50,4,2026-02-24T14:33:21+00:00,2026-02-24T15:09:21+00:00,female,sophomore,English,Writing,experiment,3,16,2026-02-24T15:02:29+00:00,red,86,black,"[""black"", ""black"", ""black"", ""white"", ""white"", ""black"", ""black"", ""black"", ""black"", ""black"", ""black"", ""black"", ""white"", ""white"", ""black"", ""black""]",16,95,8,3575,,,,,
SONA_0011,86,28,40,3,50,4,2026-02-24T14:33:21+00:00,2026-02-24T15:09:21+00:00,female,sophomore,English,Writing,experiment,3,17,2026-02-24T15:05:10+00:00,red,86,black,"[""black"", ""black"", ""black"", ""white"", ""white"", ""black"", ""black"", ""black"", ""black"", ""black"", ""black"", ""black"", ""white"", ""white"", ""black"", ""black"", ""black""]",17,65,5,3924,,,,,
SONA_0011,86,28,40,3,50,4,2026-02-24T14:33:21+00:00,2026-02-24T15:09:21+00:00,female,sophomore,English,Writing,experiment,3,18,2026-02-24T15:04:15+00:00,red,86,black,"[""black"", ""black"", ""black"", ""white"", ""white"", ""black"", ""black"", ""black"", ""black"", ""black"", ""black"", ""black"", ""white"", ""white"", ""black"", ""black"", ""black"", ""black""]",18,90,8,2274,,,,,
SONA_0011,86,28,40,3,50,4,2026-02-24T14:33:21+00:00,2026-02-24T15:09:21+00:00,female,sophomore,English,Writing,experiment,3,19,2026-02-24T15:05:25+00:00,red,86,black,"[""black"", ""black"", ""black"", ""white"", ""white"", ""black"", ""black"", ""black"", ""black"", ""black"", ""black"", ""black"", ""white"", ""white"", ""black"", ""black"", ""black"", ""black"", ""black""]",19,60,5,3544,,,,,
SONA_0011,86,28,40,3,50,4,2026-02-24T14:33:21+00:00,2026-02-24T15:09:21+00:00,female,sophomore,English,Writing,experiment,3,20,2026-02-24T15:05:01+00:00,red,86,black,"[""black"", ""black"", ""black"", ""white"", ""white"", ""black"", ""black"", ""black"", ""black"", ""black"", ""black"", ""black"", ""white"", ""white"", ""black"", ""black"", ""black"", ""black"", ""black"", ""black""]",20,85,7,3350,,,,,
SONA_0011,86,28,40,3,50,4,2026-02-24T14:33:21+00:00,2026-02-24T15:09:21+00:00,female,sophomore,English,Writing,experiment,3,21,2026-02-24T15:04:54+00:00,red,86,black,"[""black"", ""black"", ""black"", ""white"", ""white"", ""black"", ""black"", ""black"", ""black"", ""black"", ""black"", ""black"", ""white"", ""white"", ""black"", ""black"", ""black"", ""black"", ""black"", ""black"", ""black""]",21,75,7,2961,,,,,
SONA_0011,86,28,40,3,50,4,2026-02-24T14:33:21+00:00,2026-02-24T15:09:21+00:00,female,sophomore,English,Writing,experiment,3,22,2026-02-24T15:03:17+00:00,red,86,black,"[""black"", ""black"", ""black"", ""white"", ""white"", ""black"", ""black"", ""black"", ""black"", ""black"", ""black"", ""black"", ""white"", ""white"", ""black"", ""black"", ""black"", ""black"", ""black"", ""black"", ""black"", ""black""]",22,65,7,3468,,,,,
SONA_0011,86,28,40,3,50,4,2026-02-24T14:33:21+00:00,2026-02-24T15:09:21+00:00,female,sophomore,English,Writing,experiment,3,23,2026-02-24T15:03:25+00:00,red,86,white,"[""black"", ""black"", ""black"", ""white"", ""white"", ""black"", ""black"", ""black"", ""black"", ""black"", ""black"", ""black"", ""white"", ""white"", ""black"", ""black"", ""black"", ""black"", ""black"", ""black"", ""black"", ""black"", ""white""]",23,55,3,2986,,,,,
SONA_0011,86,28,40,3,50,4,2026-02-24T14:33:21+00:00,2026-02-24T15:09:21+00:00,female,sophomore,English,Writing,experiment,3,24,2026-02-24T15:05:09+00:00,red,86,black,"[""black"", ""black"", ""black"", ""white"", ""white"", ""black"", ""black"", ""black"", ""black"", ""black"", ""black"", ""black"", ""white"", ""white"", ""black"", ""black"", ""black"", ""black"", ""black"", ""black"", ""black"", ""black"", ""white"", ""black""]",24,100,6,2961,,,,,
SONA_0011,86,28,40,3,50,4,2026-02-24T14:33:21+00:00,2026-02-24T15:09:21+00:00,female,sophomore,English,Writing,experiment,3,25,2026-02-24T15:06:11+00:00,red,86,black,"[""black"", ""black"", ""black"", ""white"", ""white"", ""black"", ""black"", ""black"", ""black"", ""black"", ""black"", ""black"", ""white"", ""white"", ""black"", ""black"", ""black"", ""black"", ""black"", ""black"", ""black"", ""black"", ""white"", ""black"", ""black""]",25,100,8,2493,,,,,
SONA_0011,86,28,40,3,50,4,2026-02-24T14:33:21+00:00,2026-02-24T15:09:21+00:00,female,sophomore,English,Writing,experiment,3,26,2026-02-24T15:05:07+00:00,red,86,black,"[""black"", ""black"", ""black"", ""white"", ""white"", ""black"", ""black"", ""black"", ""black"", ""black"", ""black"", ""black"", ""white"", ""white"", ""black"", ""black"", ""black"", ""black"", ""black"", ""black"", ""black"", ""black"", ""white"", ""black"", ""black"", ""black""]",26,80,6,3452,,,,,
SONA_0011,86,28,40,3,50,4,2026-02-24T14:33:21+00:00,2026-02-24T15:09:21+00:00,female,sophomore,English,Writing,experiment,3,27,2026-02-24T15:07:33+00:00,red,86,black,"[""black"", ""black"", ""black"", ""white"", ""white"", ""black"", ""black"", ""black"", ""black"", ""black"", ""black"", ""black"", ""white"", ""white"", ""black"", ""black"", ""black"", ""black"", ""black"", ""black"", ""black"", ""black"", ""white"", ""black"", ""black"", ""black"", ""black""]",27,70,5,3299,,,,,
SONA_0011,86,28,40,3,50,4,2026-02-24T14:33:21+00:00,2026-02-24T15:09:21+00:00,female,sophomore,English,Writing,experiment,3,28,2026-02-24T15:04:05+00:00,red,86,black,"[""black"", ""black"", ""black"", ""white"", ""white"", ""black"", ""black"", ""black"", ""black"", ""black"", ""black"", ""black"", ""white"", ""white"", ""black"", ""black"", ""black"", ""black"", ""black"", ""black"", ""black"", ""black"", ""white"", ""black"", ""black"", ""black"", ""black"", ""black""]",28,90,8,2683,,,,,
SONA_0011,86,28,40,3,50,4,2026-02-24T14:33:21+00:00,2026-02-24T15:09:21+00:00,female,sophomore,English,Writing,experiment,3,29,2026-02-24T15:09:03+00:00,red,86,white,"[""black"", ""black"", ""black"", ""white"", ""white"", ""black"", ""black"", ""black"", ""black"", ""black"", ""black"", ""black"", ""white"", ""white"", ""black"", ""black"", ""black"", ""black"", ""black"", ""black"", ""black"", ""black"", ""white"", ""black"", ""black"", ""black"", ""black"", ""black"", ""white""]",29,90,7,2974,,,,,
SONA_0011,86,28,40,3,50,4,2026-02-24T14:33:21+00:00,2026-02-24T15:09:21+00:00,female,sophomore,English,Writing,experiment,3,30,2026-02-24T15:06:21+00:00,red,86,black,"[""black"", ""black"", ""black"", ""white"", ""white"", ""black"", ""black"", ""black"", ""black"", ""black"", ""black"", ""black"", ""white"", ""white"", ""black"", ""black"", ""black"", ""black"", ""black"", ""black"", ""black"", ""black"", ""white"", ""black"", ""black"", ""black"", ""black"", ""black"", ""white"", ""black""]",30,80,5,2452,,,,,
SONA_0011,86,28,40,3,50,4,2026-02-24T14:33:21+00:00,2026-02-24T15:09:21+00:00,female,sophomore,English,Writing,experiment,3,31,2026-02-24T15:08:06+00:00,red,86,black,"[""black"", ""black"", ""black"", ""white"", ""white"", ""black"", ""black"", ""black"", ""black"", ""black"", ""black"", ""black"", ""white"", ""white"", ""black"", ""black"", ""black"", ""black"", ""black"", ""black"", ""black"", ""black"", ""white"", ""black"", ""black"", ""black"", ""black"", ""black"", ""white"", ""black"", ""black""]",31,85,7,3422,,,,,
SONA_0011,86,28,40,3,50,4,2026-02-24T14:33:21+00:00,2026-02-24T15:09:21+00:00,female,sophomore,English,Writing,experiment,3,32,2026-02-24T15:05:09+00:00,red,86,white,"[""black"", ""black"", ""black"", ""white"", ""white"", ""black"", ""black"", ""black"", ""black"", ""black"", ""black"", ""black"", ""white"", ""white"", ""black"", ""black"", ""black"", ""black"", ""black"", ""black"", ""black"", ""black"", ""white"", ""black"", ""black"", ""black"", ""black"", ""black"", ""white"", ""black"", ""black"", ""white""]",32,95,6,3455,,,,,
SONA_0011,86,28,40,3,50,4,2026-02-24T14:33:21+00:00,2026-02-24T15:09:21+00:00,female,sophomore,English,Writing,experiment,3,33,2026-02-24T15:09:09+00:00,red,86,white,"[""black"", ""black"", ""black"", ""white"", ""white"", ""black"", ""black"", ""black"", ""black"", ""black"", ""black"", ""black"", ""white"", ""white"", ""black"", ""black"", ""black"", ""black"", ""black"", ""black"", ""black"", ""black"", ""white"", ""black"", ""black"", ""black"", ""black"", ""black"", ""white"", ""black"", ""black"", ""white"", ""white""]",33,85,8,3302,,,,,
SONA_0012,99,68,55,4,50,3,2026-02-24T16:57:04+00:00,2026-02-24T17:32:04+00:00,prefer-not-to-share,freshman,English,,experiment,1,1,2026-02-24T17:02:13+00:00,red,99,black,"[""black""]",1,45,6,4606,,,,,
SONA_0012,99,68,55,4,50,3,2026-02-24T16:57:04+00:00,2026-02-24T17:32:04+00:00,prefer-not-to-share,freshman,English,,experiment,1,2,2026-02-24T17:02:26+00:00,red,99,black,"[""black"", ""black""]",2,65,8,4753,,,,,
SONA_0012,99,68,55,4,50,3,2026-02-24T16:57:04+00:00,2026-02-24T17:32:04+00:00,prefer-not-to-share,freshman,English,,experiment,1,3,2026-02-24T17:02:52+00:00,red,99,black,"[""black"", ""black"", ""black""]",3,50,6,4794,,,,,
SONA_0012,99,68,55,4,50,3,2026-02-24T16:57:04+00:00,2026-02-24T17:32:04+00:00,prefer-not-to-share,freshman,English,,experiment,1,4,2026-02-24T17:02:52+00:00,red,99,black,"[""black"", ""black"", ""black"", ""black""]",4,45,7,4218,,,,,
SONA_0012,99,68,55,4,50,3,2026-02-24T16:57:04+00:00,2026-02-24T17:32:04+00:00,prefer-not-to-share,freshman,English,,experiment,1,5,2026-02-24T17:02:44+00:00,red,99,black,"[""black"", ""black"", ""black"", ""black"", ""black""]",5,65,8,4507,,,,,
SONA_0012,99,68,55,4,50,3,2026-02-24T16:57:04+00:00,2026-02-24T17:32:04+00:00,prefer-not-to-share,freshman,English,,experiment,1,6,2026-02-24T17:03:28+00:00,red,99,black,"[""black"", ""black"", ""black"", ""black"", ""black"", ""black""]",6,70,7,4719,,,,,
SONA_0012,99,68,55,4,50,3,2026-02-24T16:57:04+00:00,2026-02-24T17:32:04+00:00,prefer-not-to-share,freshman,English,,experiment,1,7,2026-02-24T17:03:49+00:00,red,99,black,"[""black"", ""black"", ""black"", ""black"", ""black"", ""black"", ""black""]",7,55,6,5020,,,,,
SONA_0012,99,68,55,4,50,3,2026-02-24T16:57:04+00:00,2026-02-24T17:32:04+00:00,prefer-not-to-share,freshman,English,,experiment,1,8,2026-02-24T17:03:56+00:00,red,99,black,"[""black"", ""black"", ""black"", ""black"", ""black"", ""black"", ""black"", ""black""]",8,60,8,4675,,,,,
SONA_0012,99,68,55,4,50,3,2026-02-24T16:57:04+00:00,2026-02-24T17:32:04+00:00,prefer-not-to-share,freshman,English,,experiment,1,9,2026-02-24T17:04:46+00:00,red,99,black,"[""black"", ""black"", ""black"", ""black"", ""black"", ""black"", ""black"", ""black"", ""black""]",9,65,7,3778,,,,,
SONA_0012,99,68,55,4,50,3,2026-02-24T16:57:04+00:00,2026-02-24T17:32:04+00:00,prefer-not-to-share,freshman,English,,experiment,1,10,2026-02-24T17:04:14+00:00,red,99,black,"[""black"", ""black"", ""black"", ""black"", ""black"", ""black"", ""black"", ""black"", ""black"", ""black""]",10,55,8,4886,,,,,
SONA_0012,99,68,55,4,50,3,2026-02-24T16:57:04+00:00,2026-02-24T17:32:04+00:00,prefer-not-to-share,freshman,English,,experiment,1,11,2026-02-24T17:05:11+00:00,red,99,black,"[""black"", ""black"", ""black"", ""black"", ""black"", ""black"", ""black"", ""black"", ""black"", ""black"", ""black""]",11,75,9,4507,,,,,
SONA_0012,99,68,55,4,50,3,2026-02-24T16:57:04+00:00,2026-02-24T17:32:04+00:00,prefer-not-to-share,freshman,English,,experiment,1,12,2026-02-24T17:05:04+00:00,red,99,black,"[""black"", ""black"", ""black"", ""black"", ""black"", ""black"", ""black"", ""black"", ""black"", ""black"", ""black"", ""black""]",12,80,8,4032,,,,,
SONA_0012,99,68,55,4,50,3,2026-02-24T16:57:04+00:00,2026-02-24T17:32:04+00:00,prefer-not-to-share,freshman,English,,experiment,1,13,2026-02-24T17:04:53+00:00,red,99,black,"[""black"", ""black"", ""black"", ""black"", ""black"", ""black"", ""black"", ""black"", ""black"", ""black"", ""black"", ""black"", ""black""]",13,70,6,4393,,,,,
SONA_0012,99,68,55,4,50,3,2026-02-24T16:57:04+00:00,2026-02-24T17:32:04+00:00,prefer-not-to-share,freshman,English,,experiment,1,14,2026-02-24T17:05:20+00:00,red,99,black,"[""black"", ""black"", ""black"", ""black"", ""black"", ""black"", ""black"", ""black"", ""black"", ""black"", ""black"", ""black"", ""black"", ""black""]",14,75,7,4819,,,,,
SONA_0012,99,68,55,4,50,3,2026-02-24T16:57:04+00:00,2026-02-24T17:32:04+00:00,prefer-not-to-share,freshman,English,,experiment,1,15,2026-02-24T17:04:34+00:00,red,99,black,"[""black"", ""black"", ""black"", ""black"", ""black"", ""black"", ""black"", ""black"", ""black"", ""black"", ""black"", ""black"", ""black"", ""black"", ""black""]",15,55,8,5297,,,,,
SONA_0012,99,68,55,4,50,3,2026-02-24T16:57:04+00:00,2026-02-24T17:32:04+00:00,prefer-not-to-share,freshman,English,,experiment,1,16,2026-02-24T17:04:12+00:00,red,99,black,"[""black"", ""black"", ""black"", ""black"", ""black"", ""black"", ""black"", ""black"", ""black"", ""black"", ""black"", ""black"", ""black"", ""black"", ""black"", ""black""]",16,70,8,3855,,,,,
SONA_0012,99,68,55,4,50,3,2026-02-24T16:57:04+00:00,2026-02-24T17:32:04+00:00,prefer-not-to-share,freshman,English,,experiment,1,17,2026-02-24T17:04:37+00:00,red,99,black,"[""black"", ""black"", ""black"", ""black"", ""black"", ""black"", ""black"", ""black"", ""black"", ""black"", ""black"", ""black"", ""black"", ""black"", ""black"", ""black"", ""black""]",17,75,9,4256,,,,,
SONA_0012,99,68,55,4,50,3,2026-02-24T16:57:04+00:00,2026-02-24T17:32:04+00:00,prefer-not-to-share,freshman,English,,experiment,1,18,2026-02-24T17:04:46+00:00,red,99,black,"[""black"", ""black"", ""black"", ""black"", ""black"", ""black"", ""black"", ""black"", ""black"", ""black"", ""black"", ""black"", ""black"", ""black"", ""black"", ""black"", ""black"", ""black""]",18,85,9,4448,,,,,
SONA_0012,99,68,55,4,50,3,2026-02-24T16:57:04+00:00,2026-02-24T17:32:04+00:00,prefer-not-to-share,freshman,English,,experiment,1,19,2026-02-24T17:05:14+00:00,red,99,black,"[""black"", ""black"", ""black"", ""black"", ""black"", ""black"", ""black"", ""black"", ""black"", ""black"", ""black"", ""black"", ""black"", ""black"", ""black"", ""black"", ""black"", ""black"", ""black""]",19,85,10,3622,,,,,
SONA_0012,99,68,55,4,50,3,2026-02-24T16:57:04+00:00,2026-02-24T17:32:04+00:00,prefer-not-to-share,freshman,English,,experiment,1,20,2026-02-24T17:06:44+00:00,red,99,black,"[""black"", ""black"", ""black"", ""black"", ""black"", ""black"", ""black"", ""black"", ""black"", ""black"", ""black"", ""black"", ""black"", ""black"", ""black"", ""black"", ""black"", ""black"", ""black"", ""black""]",20,85,8,4152,,,,,
SONA_0012,99,68,55,4,50,3,2026-02-24T16:57:04+00:00,2026-02-24T17:32:04+00:00,prefer-not-to-share,freshman,English,,experiment,1,21,2026-02-24T17:05:55+00:00,red,99,black,"[""black"", ""black"", ""black"", ""black"", ""black"", ""black"", ""black"", ""black"", ""black"", ""black"", ""black"", ""black"", ""black"", ""black"", ""black"", ""black"", ""black"", ""black"", ""black"", ""black"", ""black""]",21,65,8,4530,,,,,
SONA_0012,99,68,55,4,50,3,2026-02-24T16:57:04+00:00,2026-02-24T17:32:04+00:00,prefer-not-to-share,freshman,English,,experiment,1,22,2026-02-24T17:07:56+00:00,red,99,black,"[""black"", ""black"", ""black"", ""black"", ""black"", ""black"", ""black"", ""black"", ""black"", ""black"", ""black"", ""black"", ""black"", ""black"", ""black"", ""black"", ""black"", ""black"", ""black"", ""black"", ""black"", ""black""]",22,80,10,4218,,,,,
SONA_0012,99,68,55,4,50,3,2026-02-24T16:57:04+00:00,2026-02-24T17:32:04+00:00,prefer-not-to-share,freshman,English,,experiment,1,23,2026-02-24T17:07:26+00:00,red,99,black,"[""black"", ""black"", ""black"", ""black"", ""black"", ""black"", ""black"", ""black"", ""black"", ""black"", ""black"", ""black"", ""black"", ""black"", ""black"", ""black"", ""black"", ""black"", ""black"", ""black"", ""black"", ""black"", ""black""]",23,95,9,4190,,,,,
SONA_0012,99,68,55,4,50,3,2026-02-24T16:57:04+00:00,2026-02-24T17:32:04+00:00,prefer-not-to-share,freshman,English,,experiment,1,24,2026-02-24T17:08:52+00:00,red,99,black,"[""black"", ""black"", ""black"", ""black"", ""black"", ""black"", ""black"", ""black"", ""black"", ""black"", ""black"", ""black"", ""black"", ""black"", ""black"", ""black"", ""black"", ""black"", ""black"", ""black"", ""black"", ""black"", ""black"", ""black""]",24,75,8,3605,,,,,
SONA_0012,99,68,55,4,50,3,2026-02-24T16:57:04+00:00,2026-02-24T17:32:04+00:00,prefer-not-to-share,freshman,English,,experiment,1,25,2026-02-24T17:09:34+00:00,red,99,black,"[""black"", ""black"", ""black"", ""black"", ""black"", ""black"", ""black"", ""black"", ""black"", ""black"", ""black"", ""black"", ""black"", ""black"", ""black"", ""black"", ""black"", ""black"", ""black"", ""black"", ""black"", ""black"", ""black"", ""black"", ""black""]",25,75,9,4084,,,,,
SONA_0012,99,68,55,4,50,3,2026-02-24T16:57:04+00:00,2026-02-24T17:32:04+00:00,prefer-not-to-share,freshman,English,,experiment,1,26,2026-02-24T17:06:50+00:00,red,99,black,"[""black"", ""black"", ""black"", ""black"", ""black"", ""black"", ""black"", ""black"", ""black"", ""black"", ""black"", ""black"", ""black"", ""black"", ""black"", ""black"", ""black"", ""black"", ""black"", ""black"", ""black"", ""black"", ""black"", ""black"", ""black"", ""black""]",26,85,10,3306,,,,,
SONA_0012,99,68,55,4,50,3,2026-02-24T16:57:04+00:00,2026-02-24T17:32:04+00:00,prefer-not-to-share,freshman,English,,experiment,1,27,2026-02-24T17:08:49+00:00,red,99,black,"[""black"", ""black"", ""black"", ""black"", ""black"", ""black"", ""black"", ""black"", ""black"", ""black"", ""black"", ""black"", ""black"", ""black"", ""black"", ""black"", ""black"", ""black"", ""black"", ""black"", ""black"", ""black"", ""black"", ""black"", ""black"", ""black"", ""black""]",27,85,7,3019,,,,,
SONA_0012,99,68,55,4,50,3,2026-02-24T16:57:04+00:00,2026-02-24T17:32:04+00:00,prefer-not-to-share,freshman,English,,experiment,1,28,2026-02-24T17:10:00+00:00,red,99,black,"[""black"", ""black"", ""black"", ""black"", ""black"", ""black"", ""black"", ""black"", ""black"", ""black"", ""black"", ""black"", ""black"", ""black"", ""black"", ""black"", ""black"", ""black"", ""black"", ""black"", ""black"", ""black"", ""black"", ""black"", ""black"", ""black"", ""black"", ""black""]",28,85,8,3754,,,,,
SONA_0012,99,68,55,4,50,3,2026-02-24T16:57:04+00:00,2026-02-24T17:32:04+00:00,prefer-not-to-share,freshman,English,,experiment,1,29,2026-02-24T17:07:52+00:00,red,99,black,"[""black"", ""black"", ""black"", ""black"", ""black"", ""black"", ""black"", ""black"", ""black"", ""black"", ""black"", ""black"", ""black"", ""black"", ""black"", ""black"", ""black"", ""black"", ""black"", ""black"", ""black"", ""black"", ""black"", ""black"", ""black"", ""black"", ""black"", ""black"", ""black""]",29,70,10,4430,,,,,
SONA_0012,99,68,55,4,50,3,2026-02-24T16:57:04+00:00,2026-02-24T17:32:04+00:00,prefer-not-to-share,freshman,English,,experiment,1,30,2026-02-24T17:11:04+00:00,red,99,black,"[""black"", ""black"", ""black"", ""black"", ""black"", ""black"", ""black"", ""black"", ""black"", ""black"", ""black"", ""black"", ""black"", ""black"", ""black"", ""black"", ""black"", ""black"", ""black"", ""black"", ""black"", ""black"", ""black"", ""black"", ""black"", ""black"", ""black"", ""black"", ""black"", ""black""]",30,75,9,3572,,,,,
SONA_0012,99,68,55,4,50,3,2026-02-24T16:57:04+00:00,2026-02-24T17:32:04+00:00,prefer-not-to-share,freshman,English,,experiment,1,31,2026-02-24T17:09:49+00:00,red,99,black,"[""black"", ""black"", ""black"", ""black"", ""black"", ""black"", ""black"", ""black"", ""black"", ""black"", ""black"", ""black"", ""black"", ""black"", ""black"", ""black"", ""black"", ""black"", ""black"", ""black"", ""black"", ""black"", ""black"", ""black"", ""black"", ""black"", ""black"", ""black"", ""black"", ""black"", ""black""]",31,80,8,4466,,,,,
SONA_0012,99,68,55,4,50,3,2026-02-24T16:57:04+00:00,2026-02-24T17:32:04+00:00,prefer-not-to-share,freshman,English,,experiment,1,32,2026-02-24T17:09:00+00:00,red,99,black,"[""black"", ""black"", ""black"", ""black"", ""black"", ""black"", ""black"", ""black"", ""black"", ""black"", ""black"", ""black"", ""black"", ""black"", ""black"", ""black"", ""black"", ""black"", ""black"", ""black"", ""black"", ""black"", ""black"", ""black"", ""black"", ""black"", ""black"", ""black"", ""black"", ""black"", ""black"", ""black""]",32,95,10,3756,,,,,
SONA_0012,99,68,55,4,50,3,2026-02-24T16:57:04+00:00,2026-02-24T17:32:04+00:00,prefer-not-to-share,freshman,English,,experiment,1,33,2026-02-24T17:08:40+00:00,red,99,black,"[""black"", ""black"", ""black"", ""black"", ""black"", ""black"", ""black"", ""black"", ""black"", ""black"", ""black"", ""black"", ""black"", ""black"", ""black"", ""black"", ""black"", ""black"", ""black"", ""black"", ""black"", ""black"", ""black"", ""black"", ""black"", ""black"", ""black"", ""black"", ""black"", ""black"", ""black"", ""black"", ""black""]",33,80,9,4178,,,,,
SONA_0012,99,68,55,4,50,3,2026-02-24T16:57:04+00:00,2026-02-24T17:32:04+00:00,prefer-not-to-share,freshman,English,,experiment,2,1,2026-02-24T17:12:17+00:00,green,68,white,"[""white""]",1,45,7,4784,,,,,
SONA_0012,99,68,55,4,50,3,2026-02-24T16:57:04+00:00,2026-02-24T17:32:04+00:00,prefer-not-to-share,freshman,English,,experiment,2,2,2026-02-24T17:12:24+00:00,green,68,black,"[""white"", ""black""]",2,45,7,5819,,,,,
SONA_0012,99,68,55,4,50,3,2026-02-24T16:57:04+00:00,2026-02-24T17:32:04+00:00,prefer-not-to-share,freshman,English,,experiment,2,3,2026-02-24T17:12:58+00:00,green,68,black,"[""white"", ""black"", ""black""]",3,55,6,4263,,,,,
SONA_0012,99,68,55,4,50,3,2026-02-24T16:57:04+00:00,2026-02-24T17:32:04+00:00,prefer-not-to-share,freshman,English,,experiment,2,4,2026-02-24T17:12:56+00:00,green,68,black,"[""white"", ""black"", ""black"", ""black""]",4,65,7,4930,,,,,
SONA_0012,99,68,55,4,50,3,2026-02-24T16:57:04+00:00,2026-02-24T17:32:04+00:00,prefer-not-to-share,freshman,English,,experiment,2,5,2026-02-24T17:12:44+00:00,green,68,white,"[""white"", ""black"", ""black"", ""black"", ""white""]",5,45,7,4942,,,,,
SONA_0012,99,68,55,4,50,3,2026-02-24T16:57:04+00:00,2026-02-24T17:32:04+00:00,prefer-not-to-share,freshman,English,,experiment,2,6,2026-02-24T17:13:16+00:00,green,68,black,"[""white"", ""black"", ""black"", ""black"", ""white"", ""black""]",6,65,9,4834,,,,,
SONA_0012,99,68,55,4,50,3,2026-02-24T16:57:04+00:00,2026-02-24T17:32:04+00:00,prefer-not-to-share,freshman,English,,experiment,2,7,2026-02-24T17:14:10+00:00,green,68,black,"[""white"", ""black"", ""black"", ""black"", ""white"", ""black"", ""black""]",7,40,8,4512,,,,,
SONA_0012,99,68,55,4,50,3,2026-02-24T16:57:04+00:00,2026-02-24T17:32:04+00:00,prefer-not-to-share,freshman,English,,experiment,2,8,2026-02-24T17:13:56+00:00,green,68,black,"[""white"", ""black"", ""black"", ""black"", ""white"", ""black"", ""black"", ""black""]",8,50,6,5258,,,,,
SONA_0012,99,68,55,4,50,3,2026-02-24T16:57:04+00:00,2026-02-24T17:32:04+00:00,prefer-not-to-share,freshman,English,,experiment,2,9,2026-02-24T17:13:52+00:00,green,68,white,"[""white"", ""black"", ""black"", ""black"", ""white"", ""black"", ""black"", ""black"", ""white""]",9,60,10,4634,,,,,
SONA_0012,99,68,55,4,50,3,2026-02-24T16:57:04+00:00,2026-02-24T17:32:04+00:00,prefer-not-to-share,freshman,English,,experiment,2,10,2026-02-24T17:14:34+00:00,green,68,black,"[""white"", ""black"", ""black"", ""black"", ""white"", ""black"", ""black"", ""black"", ""white"", ""black""]",10,50,8,5216,,,,,
SONA_0012,99,68,55,4,50,3,2026-02-24T16:57:04+00:00,2026-02-24T17:32:04+00:00,prefer-not-to-share,freshman,English,,experiment,2,11,2026-02-24T17:14:05+00:00,green,68,black,"[""white"", ""black"", ""black"", ""black"", ""white"", ""black"", ""black"", ""black"", ""white"", ""black"", ""black""]",11,60,7,4449,,,,,
SONA_0012,99,68,55,4,50,3,2026-02-24T16:57:04+00:00,2026-02-24T17:32:04+00:00,prefer-not-to-share,freshman,English,,experiment,2,12,2026-02-24T17:13:52+00:00,green,68,black,"[""white"", ""black"", ""black"", ""black"", ""white"", ""black"", ""black"", ""black"", ""white"", ""black"", ""black"", ""black""]",12,50,8,4731,,,,,
SONA_0012,99,68,55,4,50,3,2026-02-24T16:57:04+00:00,2026-02-24T17:32:04+00:00,prefer-not-to-share,freshman,English,,experiment,2,13,2026-02-24T17:14:01+00:00,green,68,black,"[""white"", ""black"", ""black"", ""black"", ""white"", ""black"", ""black"", ""black"", ""white"", ""black"", ""black"", ""black"", ""black""]",13,60,7,4963,,,,,
SONA_0012,99,68,55,4,50,3,2026-02-24T16:57:04+00:00,2026-02-24T17:32:04+00:00,prefer-not-to-share,freshman,English,,experiment,2,14,2026-02-24T17:15:34+00:00,green,68,black,"[""white"", ""black"", ""black"", ""black"", ""white"", ""black"", ""black"", ""black"", ""white"", ""black"", ""black"", ""black"", ""black"", ""black""]",14,55,7,4768,,,,,
SONA_0012,99,68,55,4,50,3,2026-02-24T16:57:04+00:00,2026-02-24T17:32:04+00:00,prefer-not-to-share,freshman,English,,experiment,2,15,2026-02-24T17:15:04+00:00,green,68,black,"[""white"", ""black"", ""black"", ""black"", ""white"", ""black"", ""black"", ""black"", ""white"", ""black"", ""black"", ""black"", ""black"", ""black"", ""black""]",15,65,8,4871,,,,,
SONA_0012,99,68,55,4,50,3,2026-02-24T16:57:04+00:00,2026-02-24T17:32:04+00:00,prefer-not-to-share,freshman,English,,experiment,2,16,2026-02-24T17:14:28+00:00,green,68,black,"[""white"", ""black"", ""black"", ""black"", ""white"", ""black"", ""black"", ""black"", ""white"", ""black"", ""black"", ""black"", ""black"", ""black"", ""black"", ""black""]",16,60,8,3859,,,,,
SONA_0012,99,68,55,4,50,3,2026-02-24T16:57:04+00:00,2026-02-24T17:32:04+00:00,prefer-not-to-share,freshman,English,,experiment,2,17,2026-02-24T17:15:28+00:00,green,68,white,"[""white"", ""black"", ""black"", ""black"", ""white"", ""black"", ""black"", ""black"", ""white"", ""black"", ""black"", ""black"", ""black"", ""black"", ""black"", ""black"", ""white""]",17,55,8,4768,,,,,
SONA_0012,99,68,55,4,50,3,2026-02-24T16:57:04+00:00,2026-02-24T17:32:04+00:00,prefer-not-to-share,freshman,English,,experiment,2,18,2026-02-24T17:14:46+00:00,green,68,black,"[""white"", ""black"", ""black"", ""black"", ""white"", ""black"", ""black"", ""black"", ""white"", ""black"", ""black"", ""black"", ""black"", ""black"", ""black"", ""black"", ""white"", ""black""]",18,70,8,3950,,,,,
SONA_0012,99,68,55,4,50,3,2026-02-24T16:57:04+00:00,2026-02-24T17:32:04+00:00,prefer-not-to-share,freshman,English,,experiment,2,19,2026-02-24T17:14:55+00:00,green,68,black,"[""white"", ""black"", ""black"", ""black"", ""white"", ""black"", ""black"", ""black"", ""white"", ""black"", ""black"", ""black"", ""black"", ""black"", ""black"", ""black"", ""white"", ""black"", ""black""]",19,55,7,4601,,,,,
SONA_0012,99,68,55,4,50,3,2026-02-24T16:57:04+00:00,2026-02-24T17:32:04+00:00,prefer-not-to-share,freshman,English,,experiment,2,20,2026-02-24T17:15:24+00:00,green,68,black,"[""white"", ""black"", ""black"", ""black"", ""white"", ""black"", ""black"", ""black"", ""white"", ""black"", ""black"", ""black"", ""black"", ""black"", ""black"", ""black"", ""white"", ""black"", ""black"", ""black""]",20,55,9,4831,,,,,
SONA_0012,99,68,55,4,50,3,2026-02-24T16:57:04+00:00,2026-02-24T17:32:04+00:00,prefer-not-to-share,freshman,English,,experiment,2,21,2026-02-24T17:17:19+00:00,green,68,white,"[""white"", ""black"", ""black"", ""black"", ""white"", ""black"", ""black"", ""black"", ""white"", ""black"", ""black"", ""black"", ""black"", ""black"", ""black"", ""black"", ""white"", ""black"", ""black"", ""black"", ""white""]",21,60,8,4347,,,,,
SONA_0012,99,68,55,4,50,3,2026-02-24T16:57:04+00:00,2026-02-24T17:32:04+00:00,prefer-not-to-share,freshman,English,,experiment,2,22,2026-02-24T17:17:56+00:00,green,68,black,"[""white"", ""black"", ""black"", ""black"", ""white"", ""black"", ""black"", ""black"", ""white"", ""black"", ""black"", ""black"", ""black"", ""black"", ""black"", ""black"", ""white"", ""black"", ""black"", ""black"", ""white"", ""black""]",22,65,10,4716,,,,,
SONA_0012,99,68,55,4,50,3,2026-02-24T16:57:04+00:00,2026-02-24T17:32:04+00:00,prefer-not-to-share,freshman,English,,experiment,2,23,2026-02-24T17:17:49+00:00,green,68,white,"[""white"", ""black"", ""black"", ""black"", ""white"", ""black"", ""black"", ""black"", ""white"", ""black"", ""black"", ""black"", ""black"", ""black"", ""black"", ""black"", ""white"", ""black"", ""black"", ""black"", ""white"", ""black"", ""white""]",23,60,7,4013,,,,,
SONA_0012,99,68,55,4,50,3,2026-02-24T16:57:04+00:00,2026-02-24T17:32:04+00:00,prefer-not-to-share,freshman,English,,experiment,2,24,2026-02-24T17:15:40+00:00,green,68,black,"[""white"", ""black"", ""black"", ""black"", ""white"", ""black"", ""black"", ""black"", ""white"", ""black"", ""black"", ""black"", ""black"", ""black"", ""black"", ""black"", ""white"", ""black"", ""black"", ""black"", ""white"", ""black"", ""white"", ""black""]",24,55,7,4540,,,,,
SONA_0012,99,68,55,4,50,3,2026-02-24T16:57:04+00:00,2026-02-24T17:32:04+00:00,prefer-not-to-share,freshman,English,,experiment,2,25,2026-02-24T17:16:39+00:00,green,68,black,"[""white"", ""black"", ""black"", ""black"", ""white"", ""black"", ""black"", ""black"", ""white"", ""black"", ""black"", ""black"", ""black"", ""black"", ""black"", ""black"", ""white"", ""black"", ""black"", ""black"", ""white"", ""black"", ""white"", ""black"", ""black""]",25,65,7,4541,,,,,
SONA_0012,99,68,55,4,50,3,2026-02-24T16:57:04+00:00,2026-02-24T17:32:04+00:00,prefer-not-to-share,freshman,English,,experiment,2,26,2026-02-24T17:19:00+00:00,green,68,white,"[""white"", ""black"", ""black"", ""black"", ""white"", ""black"", ""black"", ""black"", ""white"", ""black"", ""black"", ""black"", ""black"", ""black"", ""black"", ""black"", ""white"", ""black"", ""black"", ""black"", ""white"", ""black"", ""white"", ""black"", ""black"", ""white""]",26,60,8,4499,,,,,
SONA_0012,99,68,55,4,50,3,2026-02-24T16:57:04+00:00,2026-02-24T17:32:04+00:00,prefer-not-to-share,freshman,English,,experiment,2,27,2026-02-24T17:19:43+00:00,green,68,black,"[""white"", ""black"", ""black"", ""black"", ""white"", ""black"", ""black"", ""black"", ""white"", ""black"", ""black"", ""black"", ""black"", ""black"", ""black"", ""black"", ""white"", ""black"", ""black"", ""black"", ""white"", ""black"", ""white"", ""black"", ""black"", ""white"", ""black""]",27,55,8,4608,,,,,
SONA_0012,99,68,55,4,50,3,2026-02-24T16:57:04+00:00,2026-02-24T17:32:04+00:00,prefer-not-to-share,freshman,English,,experiment,2,28,2026-02-24T17:16:44+00:00,green,68,white,"[""white"", ""black"", ""black"", ""black"", ""white"", ""black"", ""black"", ""black"", ""white"", ""black"", ""black"", ""black"", ""black"", ""black"", ""black"", ""black"", ""white"", ""black"", ""black"", ""black"", ""white"", ""black"", ""white"", ""black"", ""black"", ""white"", ""black"", ""white""]",28,70,8,4790,,,,,
SONA_0012,99,68,55,4,50,3,2026-02-24T16:57:04+00:00,2026-02-24T17:32:04+00:00,prefer-not-to-share,freshman,English,,experiment,2,29,2026-02-24T17:18:21+00:00,green,68,white,"[""white"", ""black"", ""black"", ""black"", ""white"", ""black"", ""black"", ""black"", ""white"", ""black"", ""black"", ""black"", ""black"", ""black"", ""black"", ""black"", ""white"", ""black"", ""black"", ""black"", ""white"", ""black"", ""white"", ""black"", ""black"", ""white"", ""black"", ""white"", ""white""]",29,35,7,4159,,,,,
SONA_0012,99,68,55,4,50,3,2026-02-24T16:57:04+00:00,2026-02-24T17:32:04+00:00,prefer-not-to-share,freshman,English,,experiment,2,30,2026-02-24T17:16:34+00:00,green,68,black,"[""white"", ""black"", ""black"", ""black"", ""white"", ""black"", ""black"", ""black"", ""white"", ""black"", ""black"", ""black"", ""black"", ""black"", ""black"", ""black"", ""white"", ""black"", ""black"", ""black"", ""white"", ""black"", ""white"", ""black"", ""black"", ""white"", ""black"", ""white"", ""white"", ""black""]",30,45,8,4741,,,,,
SONA_0012,99,68,55,4,50,3,2026-02-24T16:57:04+00:00,2026-02-24T17:32:04+00:00,prefer-not-to-share,freshman,English,,experiment,2,31,2026-02-24T17:18:16+00:00,green,68,white,"[""white"", ""black"", ""black"", ""black"", ""white"", ""black"", ""black"", ""black"", ""white"", ""black"", ""black"", ""black"", ""black"", ""black"", ""black"", ""black"", ""white"", ""black"", ""black"", ""black"", ""white"", ""black"", ""white"", ""black"", ""black"", ""white"", ""black"", ""white"", ""white"", ""black"", ""white""]",31,45,6,4282,,,,,
SONA_0012,99,68,55,4,50,3,2026-02-24T16:57:04+00:00,2026-02-24T17:32:04+00:00,prefer-not-to-share,freshman,English,,experiment,2,32,2026-02-24T17:20:04+00:00,green,68,black,"[""white"", ""black"", ""black"", ""black"", ""white"", ""black"", ""black"", ""black"", ""white"", ""black"", ""black"", ""black"", ""black"", ""black"", ""black"", ""black"", ""white"", ""black"", ""black"", ""black"", ""white"", ""black"", ""white"", ""black"", ""black"", ""white"", ""black"", ""white"", ""white"", ""black"", ""white"", ""black""]",32,55,8,4051,,,,,
SONA_0012,99,68,55,4,50,3,2026-02-24T16:57:04+00:00,2026-02-24T17:32:04+00:00,prefer-not-to-share,freshman,English,,experiment,2,33,2026-02-24T17:18:40+00:00,green,68,white,"[""white"", ""black"", ""black"", ""black"", ""white"", ""black"", ""black"", ""black"", ""white"", ""black"", ""black"", ""black"", ""black"", ""black"", ""black"", ""black"", ""white"", ""black"", ""black"", ""black"", ""white"", ""black"", ""white"", ""black"", ""black"", ""white"", ""black"", ""white"", ""white"", ""black"", ""white"", ""black"", ""white""]",33,60,8,4465,,,,,
SONA_0012,99,68,55,4,50,3,2026-02-24T16:57:04+00:00,2026-02-24T17:32:04+00:00,prefer-not-to-share,freshman,English,,experiment,3,1,2026-02-24T17:22:19+00:00,red,99,black,"[""black""]",1,85,7,4419,,,,,
SONA_0012,99,68,55,4,50,3,2026-02-24T16:57:04+00:00,2026-02-24T17:32:04+00:00,prefer-not-to-share,freshman,English,,experiment,3,2,2026-02-24T17:22:30+00:00,red,99,black,"[""black"", ""black""]",2,75,8,4605,,,,,
SONA_0012,99,68,55,4,50,3,2026-02-24T16:57:04+00:00,2026-02-24T17:32:04+00:00,prefer-not-to-share,freshman,English,,experiment,3,3,2026-02-24T17:22:43+00:00,red,99,black,"[""black"", ""black"", ""black""]",3,85,10,4682,,,,,
SONA_0012,99,68,55,4,50,3,2026-02-24T16:57:04+00:00,2026-02-24T17:32:04+00:00,prefer-not-to-share,freshman,English,,experiment,3,4,2026-02-24T17:23:12+00:00,red,99,black,"[""black"", ""black"", ""black"", ""black""]",4,90,9,4708,,,,,
SONA_0012,99,68,55,4,50,3,2026-02-24T16:57:04+00:00,2026-02-24T17:32:04+00:00,prefer-not-to-share,freshman,English,,experiment,3,5,2026-02-24T17:23:34+00:00,red,99,black,"[""black"", ""black"", ""black"", ""black"", ""black""]",5,80,10,4809,,,,,
SONA_0012,99,68,55,4,50,3,2026-02-24T16:57:04+00:00,2026-02-24T17:32:04+00:00,prefer-not-to-share,freshman,English,,experiment,3,6,2026-02-24T17:22:58+00:00,red,99,black,"[""black"", ""black"", ""black"", ""black"", ""black"", ""black""]",6,75,7,4711,,,,,
SONA_0012,99,68,55,4,50,3,2026-02-24T16:57:04+00:00,2026-02-24T17:32:04+00:00,prefer-not-to-share,freshman,English,,experiment,3,7,2026-02-24T17:23:49+00:00,red,99,black,"[""black"", ""black"", ""black"", ""black"", ""black"", ""black"", ""black""]",7,80,10,4247,,,,,
SONA_0012,99,68,55,4,50,3,2026-02-24T16:57:04+00:00,2026-02-24T17:32:04+00:00,prefer-not-to-share,freshman,English,,experiment,3,8,2026-02-24T17:24:20+00:00,red,99,black,"[""black"", ""black"", ""black"", ""black"", ""black"", ""black"", ""black"", ""black""]",8,90,8,4270,,,,,
SONA_0012,99,68,55,4,50,3,2026-02-24T16:57:04+00:00,2026-02-24T17:32:04+00:00,prefer-not-to-share,freshman,English,,experiment,3,9,2026-02-24T17:23:16+00:00,red,99,black,"[""black"", ""black"", ""black"", ""black"", ""black"", ""black"", ""black"", ""black"", ""black""]",9,85,9,4429,,,,,
SONA_0012,99,68,55,4,50,3,2026-02-24T16:57:04+00:00,2026-02-24T17:32:04+00:00,prefer-not-to-share,freshman,English,,experiment,3,10,2026-02-24T17:24:14+00:00,red,99,black,"[""black"", ""black"", ""black"", ""black"", ""black"", ""black"", ""black"", ""black"", ""black"", ""black""]",10,80,10,4360,,,,,
SONA_0012,99,68,55,4,50,3,2026-02-24T16:57:04+00:00,2026-02-24T17:32:04+00:00,prefer-not-to-share,freshman,English,,experiment,3,11,2026-02-24T17:24:49+00:00,red,99,black,"[""black"", ""black"", ""black"", ""black"", ""black"", ""black"", ""black"", ""black"", ""black"", ""black"", ""black""]",11,85,9,3391,,,,,
SONA_0012,99,68,55,4,50,3,2026-02-24T16:57:04+00:00,2026-02-24T17:32:04+00:00,prefer-not-to-share,freshman,English,,experiment,3,12,2026-02-24T17:24:40+00:00,red,99,black,"[""black"", ""black"", ""black"", ""black"", ""black"", ""black"", ""black"", ""black"", ""black"", ""black"", ""black"", ""black""]",12,90,10,4326,,,,,
SONA_0012,99,68,55,4,50,3,2026-02-24T16:57:04+00:00,2026-02-24T17:32:04+00:00,prefer-not-to-share,freshman,English,,experiment,3,13,2026-02-24T17:25:58+00:00,red,99,black,"[""black"", ""black"", ""black"", ""black"", ""black"", ""black"", ""black"", ""black"", ""black"", ""black"", ""black"", ""black"", ""black""]",13,100,10,3969,,,,,
SONA_0012,99,68,55,4,50,3,2026-02-24T16:57:04+00:00,2026-02-24T17:32:04+00:00,prefer-not-to-share,freshman,English,,experiment,3,14,2026-02-24T17:26:16+00:00,red,99,black,"[""black"", ""black"", ""black"", ""black"", ""black"", ""black"", ""black"", ""black"", ""black"", ""black"", ""black"", ""black"", ""black"", ""black""]",14,90,10,4306,,,,,
SONA_0012,99,68,55,4,50,3,2026-02-24T16:57:04+00:00,2026-02-24T17:32:04+00:00,prefer-not-to-share,freshman,English,,experiment,3,15,2026-02-24T17:24:04+00:00,red,99,black,"[""black"", ""black"", ""black"", ""black"", ""black"", ""black"", ""black"", ""black"", ""black"", ""black"", ""black"", ""black"", ""black"", ""black"", ""black""]",15,95,9,3578,,,,,
SONA_0012,99,68,55,4,50,3,2026-02-24T16:57:04+00:00,2026-02-24T17:32:04+00:00,prefer-not-to-share,freshman,English,,experiment,3,16,2026-02-24T17:25:48+00:00,red,99,black,"[""black"", ""black"", ""black"", ""black"", ""black"", ""black"", ""black"", ""black"", ""black"", ""black"", ""black"", ""black"", ""black"", ""black"", ""black"", ""black""]",16,85,8,4349,,,,,
SONA_0012,99,68,55,4,50,3,2026-02-24T16:57:04+00:00,2026-02-24T17:32:04+00:00,prefer-not-to-share,freshman,English,,experiment,3,17,2026-02-24T17:24:37+00:00,red,99,black,"[""black"", ""black"", ""black"", ""black"", ""black"", ""black"", ""black"", ""black"", ""black"", ""black"", ""black"", ""black"", ""black"", ""black"", ""black"", ""black"", ""black""]",17,95,10,4511,,,,,
SONA_0012,99,68,55,4,50,3,2026-02-24T16:57:04+00:00,2026-02-24T17:32:04+00:00,prefer-not-to-share,freshman,English,,experiment,3,18,2026-02-24T17:25:58+00:00,red,99,black,"[""black"", ""black"", ""black"", ""black"", ""black"", ""black"", ""black"", ""black"", ""black"", ""black"", ""black"", ""black"", ""black"", ""black"", ""black"", ""black"", ""black"", ""black""]",18,95,9,3446,,,,,
SONA_0012,99,68,55,4,50,3,2026-02-24T16:57:04+00:00,2026-02-24T17:32:04+00:00,prefer-not-to-share,freshman,English,,experiment,3,19,2026-02-24T17:24:36+00:00,red,99,black,"[""black"", ""black"", ""black"", ""black"", ""black"", ""black"", ""black"", ""black"", ""black"", ""black"", ""black"", ""black"", ""black"", ""black"", ""black"", ""black"", ""black"", ""black"", ""black""]",19,95,9,4836,,,,,
SONA_0012,99,68,55,4,50,3,2026-02-24T16:57:04+00:00,2026-02-24T17:32:04+00:00,prefer-not-to-share,freshman,English,,experiment,3,20,2026-02-24T17:28:04+00:00,red,99,black,"[""black"", ""black"", ""black"", ""black"", ""black"", ""black"", ""black"", ""black"", ""black"", ""black"", ""black"", ""black"", ""black"", ""black"", ""black"", ""black"", ""black"", ""black"", ""black"", ""black""]",20,70,7,4421,,,,,
SONA_0012,99,68,55,4,50,3,2026-02-24T16:57:04+00:00,2026-02-24T17:32:04+00:00,prefer-not-to-share,freshman,English,,experiment,3,21,2026-02-24T17:25:55+00:00,red,99,black,"[""black"", ""black"", ""black"", ""black"", ""black"", ""black"", ""black"", ""black"", ""black"", ""black"", ""black"", ""black"", ""black"", ""black"", ""black"", ""black"", ""black"", ""black"", ""black"", ""black"", ""black""]",21,95,8,3578,,,,,
SONA_0012,99,68,55,4,50,3,2026-02-24T16:57:04+00:00,2026-02-24T17:32:04+00:00,prefer-not-to-share,freshman,English,,experiment,3,22,2026-02-24T17:28:40+00:00,red,99,black,"[""black"", ""black"", ""black"", ""black"", ""black"", ""black"", ""black"", ""black"", ""black"", ""black"", ""black"", ""black"", ""black"", ""black"", ""black"", ""black"", ""black"", ""black"", ""black"", ""black"", ""black"", ""black""]",22,90,9,4182,,,,,
SONA_0012,99,68,55,4,50,3,2026-02-24T16:57:04+00:00,2026-02-24T17:32:04+00:00,prefer-not-to-share,freshman,English,,experiment,3,23,2026-02-24T17:25:31+00:00,red,99,black,"[""black"", ""black"", ""black"", ""black"", ""black"", ""black"", ""black"", ""black"", ""black"", ""black"", ""black"", ""black"", ""black"", ""black"", ""black"", ""black"", ""black"", ""black"", ""black"", ""black"", ""black"", ""black"", ""black""]",23,80,10,4525,,,,,
SONA_0012,99,68,55,4,50,3,2026-02-24T16:57:04+00:00,2026-02-24T17:32:04+00:00,prefer-not-to-share,freshman,English,,experiment,3,24,2026-02-24T17:28:04+00:00,red,99,black,"[""black"", ""black"", ""black"", ""black"", ""black"", ""black"", ""black"", ""black"", ""black"", ""black"", ""black"", ""black"", ""black"", ""black"", ""black"", ""black"", ""black"", ""black"", ""black"", ""black"", ""black"", ""black"", ""black"", ""black""]",24,85,7,4310,,,,,
SONA_0012,99,68,55,4,50,3,2026-02-24T16:57:04+00:00,2026-02-24T17:32:04+00:00,prefer-not-to-share,freshman,English,,experiment,3,25,2026-02-24T17:27:54+00:00,red,99,black,"[""black"", ""black"", ""black"", ""black"", ""black"", ""black"", ""black"", ""black"", ""black"", ""black"", ""black"", ""black"", ""black"", ""black"", ""black"", ""black"", ""black"", ""black"", ""black"", ""black"", ""black"", ""black"", ""black"", ""black"", ""black""]",25,100,10,3006,,,,,
SONA_0012,99,68,55,4,50,3,2026-02-24T16:57:04+00:00,2026-02-24T17:32:04+00:00,prefer-not-to-share,freshman,English,,experiment,3,26,2026-02-24T17:28:08+00:00,red,99,black,"[""black"", ""black"", ""black"", ""black"", ""black"", ""black"", ""black"", ""black"", ""black"", ""black"", ""black"", ""black"", ""black"", ""black"", ""black"", ""black"", ""black"", ""black"", ""black"", ""black"", ""black"", ""black"", ""black"", ""black"", ""black"", ""black""]",26,100,9,3731,,,,,
SONA_0012,99,68,55,4,50,3,2026-02-24T16:57:04+00:00,2026-02-24T17:32:04+00:00,prefer-not-to-share,freshman,English,,experiment,3,27,2026-02-24T17:29:16+00:00,red,99,black,"[""black"", ""black"", ""black"", ""black"", ""black"", ""black"", ""black"", ""black"", ""black"", ""black"", ""black"", ""black"", ""black"", ""black"", ""black"", ""black"", ""black"", ""black"", ""black"", ""black"", ""black"", ""black"", ""black"", ""black"", ""black"", ""black"", ""black""]",27,85,8,4272,,,,,
SONA_0012,99,68,55,4,50,3,2026-02-24T16:57:04+00:00,2026-02-24T17:32:04+00:00,prefer-not-to-share,freshman,English,,experiment,3,28,2026-02-24T17:26:16+00:00,red,99,black,"[""black"", ""black"", ""black"", ""black"", ""black"", ""black"", ""black"", ""black"", ""black"", ""black"", ""black"", ""black"", ""black"", ""black"", ""black"", ""black"", ""black"", ""black"", ""black"", ""black"", ""black"", ""black"", ""black"", ""black"", ""black"", ""black"", ""black"", ""black""]",28,95,10,4478,,,,,
SONA_0012,99,68,55,4,50,3,2026-02-24T16:57:04+00:00,2026-02-24T17:32:04+00:00,prefer-not-to-share,freshman,English,,experiment,3,29,2026-02-24T17:28:50+00:00,red,99,black,"[""black"", ""black"", ""black"", ""black"", ""black"", ""black"", ""black"", ""black"", ""black"", ""black"", ""black"", ""black"", ""black"", ""black"", ""black"", ""black"", ""black"", ""black"", ""black"", ""black"", ""black"", ""black"", ""black"", ""black"", ""black"", ""black"", ""black"", ""black"", ""black""]",29,80,7,3925,,,,,
SONA_0012,99,68,55,4,50,3,2026-02-24T16:57:04+00:00,2026-02-24T17:32:04+00:00,prefer-not-to-share,freshman,English,,experiment,3,30,2026-02-24T17:30:34+00:00,red,99,black,"[""black"", ""black"", ""black"", ""black"", ""black"", ""black"", ""black"", ""black"", ""black"", ""black"", ""black"", ""black"", ""black"", ""black"", ""black"", ""black"", ""black"", ""black"", ""black"", ""black"", ""black"", ""black"", ""black"", ""black"", ""black"", ""black"", ""black"", ""black"", ""black"", ""black""]",30,80,9,4244,,,,,
SONA_0012,99,68,55,4,50,3,2026-02-24T16:57:04+00:00,2026-02-24T17:32:04+00:00,prefer-not-to-share,freshman,English,,experiment,3,31,2026-02-24T17:29:49+00:00,red,99,black,"[""black"", ""black"", ""black"", ""black"", ""black"", ""black"", ""black"", ""black"", ""black"", ""black"", ""black"", ""black"", ""black"", ""black"", ""black"", ""black"", ""black"", ""black"", ""black"", ""black"", ""black"", ""black"", ""black"", ""black"", ""black"", ""black"", ""black"", ""black"", ""black"", ""black"", ""black""]",31,90,9,4068,,,,,
SONA_0012,99,68,55,4,50,3,2026-02-24T16:57:04+00:00,2026-02-24T17:32:04+00:00,prefer-not-to-share,freshman,English,,experiment,3,32,2026-02-24T17:29:00+00:00,red,99,black,"[""black"", ""black"", ""black"", ""black"", ""black"", ""black"", ""black"", ""black"", ""black"", ""black"", ""black"", ""black"", ""black"", ""black"", ""black"", ""black"", ""black"", ""black"", ""black"", ""black"", ""black"", ""black"", ""black"", ""black"", ""black"", ""black"", ""black"", ""black"", ""black"", ""black"", ""black"", ""black""]",32,80,9,3941,,,,,
SONA_0012,99,68,55,4,50,3,2026-02-24T16:57:04+00:00,2026-02-24T17:32:04+00:00,prefer-not-to-share,freshman,English,,experiment,3,33,2026-02-24T17:27:01+00:00,red,99,black,"[""black"", ""black"", ""black"", ""black"", ""black"", ""black"", ""black"", ""black"", ""black"", ""black"", ""black"", ""black"", ""black"", ""black"", ""black"", ""black"", ""black"", ""black"", ""black"", ""black"", ""black"", ""black"", ""black"", ""black"", ""black"", ""black"", ""black"", ""black"", ""black"", ""black"", ""black"", ""black"", ""black""]",33,95,9,3792,,,,,
SONA_0013,94,38,45,4,55,2,2026-02-24T13:31:44+00:00,2026-02-24T14:05:44+00:00,male,masters,English,Statistics,experiment,1,1,2026-02-24T13:35:02+00:00,red,94,black,"[""black""]",1,65,6,4991,,,,,
SONA_0013,94,38,45,4,55,2,2026-02-24T13:31:44+00:00,2026-02-24T14:05:44+00:00,male,masters,English,Statistics,experiment,1,2,2026-02-24T13:35:06+00:00,red,94,black,"[""black"", ""black""]",2,80,7,4921,,,,,
SONA_0013,94,38,45,4,55,2,2026-02-24T13:31:44+00:00,2026-02-24T14:05:44+00:00,male,masters,English,Statistics,experiment,1,3,2026-02-24T13:35:38+00:00,red,94,black,"[""black"", ""black"", ""black""]",3,50,7,5736,,,,,
SONA_0013,94,38,45,4,55,2,2026-02-24T13:31:44+00:00,2026-02-24T14:05:44+00:00,male,masters,English,Statistics,experiment,1,4,2026-02-24T13:35:52+00:00,red,94,white,"[""black"", ""black"", ""black"", ""white""]",4,45,6,5281,,,,,
SONA_0013,94,38,45,4,55,2,2026-02-24T13:31:44+00:00,2026-02-24T14:05:44+00:00,male,masters,English,Statistics,experiment,1,5,2026-02-24T13:35:34+00:00,red,94,black,"[""black"", ""black"", ""black"", ""white"", ""black""]",5,65,10,4785,,,,,
SONA_0013,94,38,45,4,55,2,2026-02-24T13:31:44+00:00,2026-02-24T14:05:44+00:00,male,masters,English,Statistics,experiment,1,6,2026-02-24T13:35:44+00:00,red,94,black,"[""black"", ""black"", ""black"", ""white"", ""black"", ""black""]",6,65,6,5461,,,,,
SONA_0013,94,38,45,4,55,2,2026-02-24T13:31:44+00:00,2026-02-24T14:05:44+00:00,male,masters,English,Statistics,experiment,1,7,2026-02-24T13:35:40+00:00,red,94,black,"[""black"", ""black"", ""black"", ""white"", ""black"", ""black"", ""black""]",7,55,8,5635,,,,,
SONA_0013,94,38,45,4,55,2,2026-02-24T13:31:44+00:00,2026-02-24T14:05:44+00:00,male,masters,English,Statistics,experiment,1,8,2026-02-24T13:36:44+00:00,red,94,black,"[""black"", ""black"", ""black"", ""white"", ""black"", ""black"", ""black"", ""black""]",8,65,6,4833,,,,,
SONA_0013,94,38,45,4,55,2,2026-02-24T13:31:44+00:00,2026-02-24T14:05:44+00:00,male,masters,English,Statistics,experiment,1,9,2026-02-24T13:37:08+00:00,red,94,black,"[""black"", ""black"", ""black"", ""white"", ""black"", ""black"", ""black"", ""black"", ""black""]",9,55,7,5813,,,,,
SONA_0013,94,38,45,4,55,2,2026-02-24T13:31:44+00:00,2026-02-24T14:05:44+00:00,male,masters,English,Statistics,experiment,1,10,2026-02-24T13:36:24+00:00,red,94,black,"[""black"", ""black"", ""black"", ""white"", ""black"", ""black"", ""black"", ""black"", ""black"", ""black""]",10,80,8,4825,,,,,
SONA_0013,94,38,45,4,55,2,2026-02-24T13:31:44+00:00,2026-02-24T14:05:44+00:00,male,masters,English,Statistics,experiment,1,11,2026-02-24T13:36:56+00:00,red,94,black,"[""black"", ""black"", ""black"", ""white"", ""black"", ""black"", ""black"", ""black"", ""black"", ""black"", ""black""]",11,70,9,4888,,,,,
SONA_0013,94,38,45,4,55,2,2026-02-24T13:31:44+00:00,2026-02-24T14:05:44+00:00,male,masters,English,Statistics,experiment,1,12,2026-02-24T13:38:08+00:00,red,94,black,"[""black"", ""black"", ""black"", ""white"", ""black"", ""black"", ""black"", ""black"", ""black"", ""black"", ""black"", ""black""]",12,70,7,5159,,,,,
SONA_0013,94,38,45,4,55,2,2026-02-24T13:31:44+00:00,2026-02-24T14:05:44+00:00,male,masters,English,Statistics,experiment,1,13,2026-02-24T13:37:20+00:00,red,94,black,"[""black"", ""black"", ""black"", ""white"", ""black"", ""black"", ""black"", ""black"", ""black"", ""black"", ""black"", ""black"", ""black""]",13,85,8,4205,,,,,
SONA_0013,94,38,45,4,55,2,2026-02-24T13:31:44+00:00,2026-02-24T14:05:44+00:00,male,masters,English,Statistics,experiment,1,14,2026-02-24T13:38:14+00:00,red,94,black,"[""black"", ""black"", ""black"", ""white"", ""black"", ""black"", ""black"", ""black"", ""black"", ""black"", ""black"", ""black"", ""black"", ""black""]",14,80,7,4753,,,,,
SONA_0013,94,38,45,4,55,2,2026-02-24T13:31:44+00:00,2026-02-24T14:05:44+00:00,male,masters,English,Statistics,experiment,1,15,2026-02-24T13:39:14+00:00,red,94,black,"[""black"", ""black"", ""black"", ""white"", ""black"", ""black"", ""black"", ""black"", ""black"", ""black"", ""black"", ""black"", ""black"", ""black"", ""black""]",15,75,8,4894,,,,,
SONA_0013,94,38,45,4,55,2,2026-02-24T13:31:44+00:00,2026-02-24T14:05:44+00:00,male,masters,English,Statistics,experiment,1,16,2026-02-24T13:38:28+00:00,red,94,black,"[""black"", ""black"", ""black"", ""white"", ""black"", ""black"", ""black"", ""black"", ""black"", ""black"", ""black"", ""black"", ""black"", ""black"", ""black"", ""black""]",16,100,8,4375,,,,,
SONA_0013,94,38,45,4,55,2,2026-02-24T13:31:44+00:00,2026-02-24T14:05:44+00:00,male,masters,English,Statistics,experiment,1,17,2026-02-24T13:39:50+00:00,red,94,black,"[""black"", ""black"", ""black"", ""white"", ""black"", ""black"", ""black"", ""black"", ""black"", ""black"", ""black"", ""black"", ""black"", ""black"", ""black"", ""black"", ""black""]",17,90,7,4294,,,,,
SONA_0013,94,38,45,4,55,2,2026-02-24T13:31:44+00:00,2026-02-24T14:05:44+00:00,male,masters,English,Statistics,experiment,1,18,2026-02-24T13:39:14+00:00,red,94,black,"[""black"", ""black"", ""black"", ""white"", ""black"", ""black"", ""black"", ""black"", ""black"", ""black"", ""black"", ""black"", ""black"", ""black"", ""black"", ""black"", ""black"", ""black""]",18,85,8,4852,,,,,
SONA_0013,94,38,45,4,55,2,2026-02-24T13:31:44+00:00,2026-02-24T14:05:44+00:00,male,masters,English,Statistics,experiment,1,19,2026-02-24T13:37:16+00:00,red,94,black,"[""black"", ""black"", ""black"", ""white"", ""black"", ""black"", ""black"", ""black"", ""black"", ""black"", ""black"", ""black"", ""black"", ""black"", ""black"", ""black"", ""black"", ""black"", ""black""]",19,70,8,4636,,,,,
SONA_0013,94,38,45,4,55,2,2026-02-24T13:31:44+00:00,2026-02-24T14:05:44+00:00,male,masters,English,Statistics,experiment,1,20,2026-02-24T13:38:24+00:00,red,94,black,"[""black"", ""black"", ""black"", ""white"", ""black"", ""black"", ""black"", ""black"", ""black"", ""black"", ""black"", ""black"", ""black"", ""black"", ""black"", ""black"", ""black"", ""black"", ""black"", ""black""]",20,80,6,4592,,,,,
SONA_0013,94,38,45,4,55,2,2026-02-24T13:31:44+00:00,2026-02-24T14:05:44+00:00,male,masters,English,Statistics,experiment,1,21,2026-02-24T13:40:20+00:00,red,94,black,"[""black"", ""black"", ""black"", ""white"", ""black"", ""black"", ""black"", ""black"", ""black"", ""black"", ""black"", ""black"", ""black"", ""black"", ""black"", ""black"", ""black"", ""black"", ""black"", ""black"", ""black""]",21,75,8,5080,,,,,
SONA_0013,94,38,45,4,55,2,2026-02-24T13:31:44+00:00,2026-02-24T14:05:44+00:00,male,masters,English,Statistics,experiment,1,22,2026-02-24T13:38:24+00:00,red,94,black,"[""black"", ""black"", ""black"", ""white"", ""black"", ""black"", ""black"", ""black"", ""black"", ""black"", ""black"", ""black"", ""black"", ""black"", ""black"", ""black"", ""black"", ""black"", ""black"", ""black"", ""black"", ""black""]",22,70,8,4442,,,,,
SONA_0013,94,38,45,4,55,2,2026-02-24T13:31:44+00:00,2026-02-24T14:05:44+00:00,male,masters,English,Statistics,experiment,1,23,2026-02-24T13:40:29+00:00,red,94,black,"[""black"", ""black"", ""black"", ""white"", ""black"", ""black"", ""black"", ""black"", ""black"", ""black"", ""black"", ""black"", ""black"", ""black"", ""black"", ""black"", ""black"", ""black"", ""black"", ""black"", ""black"", ""black"", ""black""]",23,60,8,4575,,,,,
SONA_0013,94,38,45,4,55,2,2026-02-24T13:31:44+00:00,2026-02-24T14:05:44+00:00,male,masters,English,Statistics,experiment,1,24,2026-02-24T13:38:20+00:00,red,94,black,"[""black"", ""black"", ""black"", ""white"", ""black"", ""black"", ""black"", ""black"", ""black"", ""black"", ""black"", ""black"", ""black"", ""black"", ""black"", ""black"", ""black"", ""black"", ""black"", ""black"", ""black"", ""black"", ""black"", ""black""]",24,100,9,3232,,,,,
SONA_0013,94,38,45,4,55,2,2026-02-24T13:31:44+00:00,2026-02-24T14:05:44+00:00,male,masters,English,Statistics,experiment,1,25,2026-02-24T13:41:24+00:00,red,94,black,"[""black"", ""black"", ""black"", ""white"", ""black"", ""black"", ""black"", ""black"", ""black"", ""black"", ""black"", ""black"", ""black"", ""black"", ""black"", ""black"", ""black"", ""black"", ""black"", ""black"", ""black"", ""black"", ""black"", ""black"", ""black""]",25,90,8,4021,,,,,
SONA_0013,94,38,45,4,55,2,2026-02-24T13:31:44+00:00,2026-02-24T14:05:44+00:00,male,masters,English,Statistics,experiment,1,26,2026-02-24T13:38:38+00:00,red,94,black,"[""black"", ""black"", ""black"", ""white"", ""black"", ""black"", ""black"", ""black"", ""black"", ""black"", ""black"", ""black"", ""black"", ""black"", ""black"", ""black"", ""black"", ""black"", ""black"", ""black"", ""black"", ""black"", ""black"", ""black"", ""black"", ""black""]",26,85,7,4893,,,,,
SONA_0013,94,38,45,4,55,2,2026-02-24T13:31:44+00:00,2026-02-24T14:05:44+00:00,male,masters,English,Statistics,experiment,1,27,2026-02-24T13:39:14+00:00,red,94,black,"[""black"", ""black"", ""black"", ""white"", ""black"", ""black"", ""black"", ""black"", ""black"", ""black"", ""black"", ""black"", ""black"", ""black"", ""black"", ""black"", ""black"", ""black"", ""black"", ""black"", ""black"", ""black"", ""black"", ""black"", ""black"", ""black"", ""black""]",27,95,8,4115,,,,,
SONA_0013,94,38,45,4,55,2,2026-02-24T13:31:44+00:00,2026-02-24T14:05:44+00:00,male,masters,English,Statistics,experiment,1,28,2026-02-24T13:38:28+00:00,red,94,black,"[""black"", ""black"", ""black"", ""white"", ""black"", ""black"", ""black"", ""black"", ""black"", ""black"", ""black"", ""black"", ""black"", ""black"", ""black"", ""black"", ""black"", ""black"", ""black"", ""black"", ""black"", ""black"", ""black"", ""black"", ""black"", ""black"", ""black"", ""black""]",28,70,8,4965,,,,,
SONA_0013,94,38,45,4,55,2,2026-02-24T13:31:44+00:00,2026-02-24T14:05:44+00:00,male,masters,English,Statistics,experiment,1,29,2026-02-24T13:43:26+00:00,red,94,black,"[""black"", ""black"", ""black"", ""white"", ""black"", ""black"", ""black"", ""black"", ""black"", ""black"", ""black"", ""black"", ""black"", ""black"", ""black"", ""black"", ""black"", ""black"", ""black"", ""black"", ""black"", ""black"", ""black"", ""black"", ""black"", ""black"", ""black"", ""black"", ""black""]",29,100,9,4515,,,,,
SONA_0013,94,38,45,4,55,2,2026-02-24T13:31:44+00:00,2026-02-24T14:05:44+00:00,male,masters,English,Statistics,experiment,1,30,2026-02-24T13:42:44+00:00,red,94,black,"[""black"", ""black"", ""black"", ""white"", ""black"", ""black"", ""black"", ""black"", ""black"", ""black"", ""black"", ""black"", ""black"", ""black"", ""black"", ""black"", ""black"", ""black"", ""black"", ""black"", ""black"", ""black"", ""black"", ""black"", ""black"", ""black"", ""black"", ""black"", ""black"", ""black""]",30,100,8,4421,,,,,
SONA_0013,94,38,45,4,55,2,2026-02-24T13:31:44+00:00,2026-02-24T14:05:44+00:00,male,masters,English,Statistics,experiment,1,31,2026-02-24T13:43:31+00:00,red,94,black,"[""black"", ""black"", ""black"", ""white"", ""black"", ""black"", ""black"", ""black"", ""black"", ""black"", ""black"", ""black"", ""black"", ""black"", ""black"", ""black"", ""black"", ""black"", ""black"", ""black"", ""black"", ""black"", ""black"", ""black"", ""black"", ""black"", ""black"", ""black"", ""black"", ""black"", ""black""]",31,85,9,4171,,,,,
SONA_0013,94,38,45,4,55,2,2026-02-24T13:31:44+00:00,2026-02-24T14:05:44+00:00,male,masters,English,Statistics,experiment,1,32,2026-02-24T13:41:08+00:00,red,94,black,"[""black"", ""black"", ""black"", ""white"", ""black"", ""black"", ""black"", ""black"", ""black"", ""black"", ""black"", ""black"", ""black"", ""black"", ""black"", ""black"", ""black"", ""black"", ""black"", ""black"", ""black"", ""black"", ""black"", ""black"", ""black"", ""black"", ""black"", ""black"", ""black"", ""black"", ""black"", ""black""]",32,70,7,5375,,,,,
SONA_0013,94,38,45,4,55,2,2026-02-24T13:31:44+00:00,2026-02-24T14:05:44+00:00,male,masters,English,Statistics,experiment,1,33,2026-02-24T13:44:05+00:00,red,94,black,"[""black"", ""black"", ""black"", ""white"", ""black"", ""black"", ""black"", ""black"", ""black"", ""black"", ""black"", ""black"", ""black"", ""black"", ""black"", ""black"", ""black"", ""black"", ""black"", ""black"", ""black"", ""black"", ""black"", ""black"", ""black"", ""black"", ""black"", ""black"", ""black"", ""black"", ""black"", ""black"", ""black""]",33,95,8,4213,,,,,
SONA_0013,94,38,45,4,55,2,2026-02-24T13:31:44+00:00,2026-02-24T14:05:44+00:00,male,masters,English,Statistics,experiment,2,1,2026-02-24T13:46:59+00:00,green,38,white,"[""white""]",1,65,6,4972,,,,,
SONA_0013,94,38,45,4,55,2,2026-02-24T13:31:44+00:00,2026-02-24T14:05:44+00:00,male,masters,English,Statistics,experiment,2,2,2026-02-24T13:47:16+00:00,green,38,white,"[""white"", ""white""]",2,70,7,4695,,,,,
SONA_0013,94,38,45,4,55,2,2026-02-24T13:31:44+00:00,2026-02-24T14:05:44+00:00,male,masters,English,Statistics,experiment,2,3,2026-02-24T13:47:32+00:00,green,38,white,"[""white"", ""white"", ""white""]",3,60,7,4844,,,,,
SONA_0013,94,38,45,4,55,2,2026-02-24T13:31:44+00:00,2026-02-24T14:05:44+00:00,male,masters,English,Statistics,experiment,2,4,2026-02-24T13:47:44+00:00,green,38,black,"[""white"", ""white"", ""white"", ""black""]",4,65,8,5397,,,,,
SONA_0013,94,38,45,4,55,2,2026-02-24T13:31:44+00:00,2026-02-24T14:05:44+00:00,male,masters,English,Statistics,experiment,2,5,2026-02-24T13:47:49+00:00,green,38,black,"[""white"", ""white"", ""white"", ""black"", ""black""]",5,60,7,5059,,,,,
SONA_0013,94,38,45,4,55,2,2026-02-24T13:31:44+00:00,2026-02-24T14:05:44+00:00,male,masters,English,Statistics,experiment,2,6,2026-02-24T13:48:02+00:00,green,38,black,"[""white"", ""white"", ""white"", ""black"", ""black"", ""black""]",6,35,7,4991,,,,,
SONA_0013,94,38,45,4,55,2,2026-02-24T13:31:44+00:00,2026-02-24T14:05:44+00:00,male,masters,English,Statistics,experiment,2,7,2026-02-24T13:48:22+00:00,green,38,black,"[""white"", ""white"", ""white"", ""black"", ""black"", ""black"", ""black""]",7,55,7,4173,,,,,
SONA_0013,94,38,45,4,55,2,2026-02-24T13:31:44+00:00,2026-02-24T14:05:44+00:00,male,masters,English,Statistics,experiment,2,8,2026-02-24T13:49:00+00:00,green,38,black,"[""white"", ""white"", ""white"", ""black"", ""black"", ""black"", ""black"", ""black""]",8,45,6,5103,,,,,
SONA_0013,94,38,45,4,55,2,2026-02-24T13:31:44+00:00,2026-02-24T14:05:44+00:00,male,masters,English,Statistics,experiment,2,9,2026-02-24T13:49:08+00:00,green,38,white,"[""white"", ""white"", ""white"", ""black"", ""black"", ""black"", ""black"", ""black"", ""white""]",9,35,6,5068,,,,,
SONA_0013,94,38,45,4,55,2,2026-02-24T13:31:44+00:00,2026-02-24T14:05:44+00:00,male,masters,English,Statistics,experiment,2,10,2026-02-24T13:48:04+00:00,green,38,white,"[""white"", ""white"", ""white"", ""black"", ""black"", ""black"", ""black"", ""black"", ""white"", ""white""]",10,50,8,5072,,,,,
SONA_0013,94,38,45,4,55,2,2026-02-24T13:31:44+00:00,2026-02-24T14:05:44+00:00,male,masters,English,Statistics,experiment,2,11,2026-02-24T13:48:23+00:00,green,38,white,"[""white"", ""white"", ""white"", ""black"", ""black"", ""black"", ""black"", ""black"", ""white"", ""white"", ""white""]",11,35,8,4756,,,,,
SONA_0013,94,38,45,4,55,2,2026-02-24T13:31:44+00:00,2026-02-24T14:05:44+00:00,male,masters,English,Statistics,experiment,2,12,2026-02-24T13:49:08+00:00,green,38,black,"[""white"", ""white"", ""white"", ""black"", ""black"", ""black"", ""black"", ""black"", ""white"", ""white"", ""white"", ""black""]",12,40,8,4966,,,,,
SONA_0013,94,38,45,4,55,2,2026-02-24T13:31:44+00:00,2026-02-24T14:05:44+00:00,male,masters,English,Statistics,experiment,2,13,2026-02-24T13:50:25+00:00,green,38,black,"[""white"", ""white"", ""white"", ""black"", ""black"", ""black"", ""black"", ""black"", ""white"", ""white"", ""white"", ""black"", ""black""]",13,20,9,4053,,,,,
SONA_0013,94,38,45,4,55,2,2026-02-24T13:31:44+00:00,2026-02-24T14:05:44+00:00,male,masters,English,Statistics,experiment,2,14,2026-02-24T13:50:56+00:00,green,38,white,"[""white"", ""white"", ""white"", ""black"", ""black"", ""black"", ""black"", ""black"", ""white"", ""white"", ""white"", ""black"", ""black"", ""white""]",14,75,8,4796,,,,,
SONA_0013,94,38,45,4,55,2,2026-02-24T13:31:44+00:00,2026-02-24T14:05:44+00:00,male,masters,English,Statistics,experiment,2,15,2026-02-24T13:49:29+00:00,green,38,black,"[""white"", ""white"", ""white"", ""black"", ""black"", ""black"", ""black"", ""black"", ""white"", ""white"", ""white"", ""black"", ""black"", ""white"", ""black""]",15,50,6,5396,,,,,
SONA_0013,94,38,45,4,55,2,2026-02-24T13:31:44+00:00,2026-02-24T14:05:44+00:00,male,masters,English,Statistics,experiment,2,16,2026-02-24T13:51:16+00:00,green,38,black,"[""white"", ""white"", ""white"", ""black"", ""black"", ""black"", ""black"", ""black"", ""white"", ""white"", ""white"", ""black"", ""black"", ""white"", ""black"", ""black""]",16,40,8,5059,,,,,
SONA_0013,94,38,45,4,55,2,2026-02-24T13:31:44+00:00,2026-02-24T14:05:44+00:00,male,masters,English,Statistics,experiment,2,17,2026-02-24T13:50:08+00:00,green,38,white,"[""white"", ""white"", ""white"", ""black"", ""black"", ""black"", ""black"", ""black"", ""white"", ""white"", ""white"", ""black"", ""black"", ""white"", ""black"", ""black"", ""white""]",17,35,7,5040,,,,,
SONA_0013,94,38,45,4,55,2,2026-02-24T13:31:44+00:00,2026-02-24T14:05:44+00:00,male,masters,English,Statistics,experiment,2,18,2026-02-24T13:50:56+00:00,green,38,black,"[""white"", ""white"", ""white"", ""black"", ""black"", ""black"", ""black"", ""black"", ""white"", ""white"", ""white"", ""black"", ""black"", ""white"", ""black"", ""black"", ""white"", ""black""]",18,35,7,4214,,,,,
SONA_0013,94,38,45,4,55,2,2026-02-24T13:31:44+00:00,2026-02-24T14:05:44+00:00,male,masters,English,Statistics,experiment,2,19,2026-02-24T13:49:16+00:00,green,38,white,"[""white"", ""white"", ""white"", ""black"", ""black"", ""black"", ""black"", ""black"", ""white"", ""white"", ""white"", ""black"", ""black"", ""white"", ""black"", ""black"", ""white"", ""black"", ""white""]",19,40,7,5077,,,,,
SONA_0013,94,38,45,4,55,2,2026-02-24T13:31:44+00:00,2026-02-24T14:05:44+00:00,male,masters,English,Statistics,experiment,2,20,2026-02-24T13:49:44+00:00,green,38,black,"[""white"", ""white"", ""white"", ""black"", ""black"", ""black"", ""black"", ""black"", ""white"", ""white"", ""white"", ""black"", ""black"", ""white"", ""black"", ""black"", ""white"", ""black"", ""white"", ""black""]",20,45,9,4832,,,,,
SONA_0013,94,38,45,4,55,2,2026-02-24T13:31:44+00:00,2026-02-24T14:05:44+00:00,male,masters,English,Statistics,experiment,2,21,2026-02-24T13:50:56+00:00,green,38,black,"[""white"", ""white"", ""white"", ""black"", ""black"", ""black"", ""black"", ""black"", ""white"", ""white"", ""white"", ""black"", ""black"", ""white"", ""black"", ""black"", ""white"", ""black"", ""white"", ""black"", ""black""]",21,55,6,5137,,,,,
SONA_0013,94,38,45,4,55,2,2026-02-24T13:31:44+00:00,2026-02-24T14:05:44+00:00,male,masters,English,Statistics,experiment,2,22,2026-02-24T13:51:52+00:00,green,38,white,"[""white"", ""white"", ""white"", ""black"", ""black"", ""black"", ""black"", ""black"", ""white"", ""white"", ""white"", ""black"", ""black"", ""white"", ""black"", ""black"", ""white"", ""black"", ""white"", ""black"", ""black"", ""white""]",22,50,8,5879,,,,,
SONA_0013,94,38,45,4,55,2,2026-02-24T13:31:44+00:00,2026-02-24T14:05:44+00:00,male,masters,English,Statistics,experiment,2,23,2026-02-24T13:49:48+00:00,green,38,white,"[""white"", ""white"", ""white"", ""black"", ""black"", ""black"", ""black"", ""black"", ""white"", ""white"", ""white"", ""black"", ""black"", ""white"", ""black"", ""black"", ""white"", ""black"", ""white"", ""black"", ""black"", ""white"", ""white""]",23,30,6,4325,,,,,
SONA_0013,94,38,45,4,55,2,2026-02-24T13:31:44+00:00,2026-02-24T14:05:44+00:00,male,masters,English,Statistics,experiment,2,24,2026-02-24T13:51:32+00:00,green,38,white,"[""white"", ""white"", ""white"", ""black"", ""black"", ""black"", ""black"", ""black"", ""white"", ""white"", ""white"", ""black"", ""black"", ""white"", ""black"", ""black"", ""white"", ""black"", ""white"", ""black"", ""black"", ""white"", ""white"", ""white""]",24,30,8,5111,,,,,
SONA_0013,94,38,45,4,55,2,2026-02-24T13:31:44+00:00,2026-02-24T14:05:44+00:00,male,masters,English,Statistics,experiment,2,25,2026-02-24T13:52:59+00:00,green,38,white,"[""white"", ""white"", ""white"", ""black"", ""black"", ""black"", ""black"", ""black"", ""white"", ""white"", ""white"", ""black"", ""black"", ""white"", ""black"", ""black"", ""white"", ""black"", ""white"", ""black"", ""black"", ""white"", ""white"", ""white"", ""white""]",25,60,7,4279,,,,,
SONA_0013,94,38,45,4,55,2,2026-02-24T13:31:44+00:00,2026-02-24T14:05:44+00:00,male,masters,English,Statistics,experiment,2,26,2026-02-24T13:54:06+00:00,green,38,white,"[""white"", ""white"", ""white"", ""black"", ""black"", ""black"", ""black"", ""black"", ""white"", ""white"", ""white"", ""black"", ""black"", ""white"", ""black"", ""black"", ""white"", ""black"", ""white"", ""black"", ""black"", ""white"", ""white"", ""white"", ""white"", ""white""]",26,30,8,4789,,,,,
SONA_0013,94,38,45,4,55,2,2026-02-24T13:31:44+00:00,2026-02-24T14:05:44+00:00,male,masters,English,Statistics,experiment,2,27,2026-02-24T13:50:47+00:00,green,38,white,"[""white"", ""white"", ""white"", ""black"", ""black"", ""black"", ""black"", ""black"", ""white"", ""white"", ""white"", ""black"", ""black"", ""white"", ""black"", ""black"", ""white"", ""black"", ""white"", ""black"", ""black"", ""white"", ""white"", ""white"", ""white"", ""white"", ""white""]",27,55,7,4948,,,,,
SONA_0013,94,38,45,4,55,2,2026-02-24T13:31:44+00:00,2026-02-24T14:05:44+00:00,male,masters,English,Statistics,experiment,2,28,2026-02-24T13:50:28+00:00,green,38,black,"[""white"", ""white"", ""white"", ""black"", ""black"", ""black"", ""black"", ""black"", ""white"", ""white"", ""white"", ""black"", ""black"", ""white"", ""black"", ""black"", ""white"", ""black"", ""white"", ""black"", ""black"", ""white"", ""white"", ""white"", ""white"", ""white"", ""white"", ""black""]",28,45,8,4698,,,,,
SONA_0013,94,38,45,4,55,2,2026-02-24T13:31:44+00:00,2026-02-24T14:05:44+00:00,male,masters,English,Statistics,experiment,2,29,2026-02-24T13:52:03+00:00,green,38,white,"[""white"", ""white"", ""white"", ""black"", ""black"", ""black"", ""black"", ""black"", ""white"", ""white"", ""white"", ""black"", ""black"", ""white"", ""black"", ""black"", ""white"", ""black"", ""white"", ""black"", ""black"", ""white"", ""white"", ""white"", ""white"", ""white"", ""white"", ""black"", ""white""]",29,45,6,4814,,,,,
SONA_0013,94,38,45,4,55,2,2026-02-24T13:31:44+00:00,2026-02-24T14:05:44+00:00,male,masters,English,Statistics,experiment,2,30,2026-02-24T13:53:44+00:00,green,38,white,"[""white"", ""white"", ""white"", ""black"", ""black"", ""black"", ""black"", ""black"", ""white"", ""white"", ""white"", ""black"", ""black"", ""white"", ""black"", ""black"", ""white"", ""black"", ""white"", ""black"", ""black"", ""white"", ""white"", ""white"", ""white"", ""white"", ""white"", ""black"", ""white"", ""white""]",30,35,9,4839,,,,,
SONA_0013,94,38,45,4,55,2,2026-02-24T13:31:44+00:00,2026-02-24T14:05:44+00:00,male,masters,English,Statistics,experiment,2,31,2026-02-24T13:50:52+00:00,green,38,white,"[""white"", ""white"", ""white"", ""black"", ""black"", ""black"", ""black"", ""black"", ""white"", ""white"", ""white"", ""black"", ""black"", ""white"", ""black"", ""black"", ""white"", ""black"", ""white"", ""black"", ""black"", ""white"", ""white"", ""white"", ""white"", ""white"", ""white"", ""black"", ""white"", ""white"", ""white""]",31,40,9,4567,,,,,
SONA_0013,94,38,45,4,55,2,2026-02-24T13:31:44+00:00,2026-02-24T14:05:44+00:00,male,masters,English,Statistics,experiment,2,32,2026-02-24T13:55:48+00:00,green,38,black,"[""white"", ""white"", ""white"", ""black"", ""black"", ""black"", ""black"", ""black"", ""white"", ""white"", ""white"", ""black"", ""black"", ""white"", ""black"", ""black"", ""white"", ""black"", ""white"", ""black"", ""black"", ""white"", ""white"", ""white"", ""white"", ""white"", ""white"", ""black"", ""white"", ""white"", ""white"", ""black""]",32,45,7,4736,,,,,
SONA_0013,94,38,45,4,55,2,2026-02-24T13:31:44+00:00,2026-02-24T14:05:44+00:00,male,masters,English,Statistics,experiment,2,33,2026-02-24T13:53:53+00:00,green,38,white,"[""white"", ""white"", ""white"", ""black"", ""black"", ""black"", ""black"", ""black"", ""white"", ""white"", ""white"", ""black"", ""black"", ""white"", ""black"", ""black"", ""white"", ""black"", ""white"", ""black"", ""black"", ""white"", ""white"", ""white"", ""white"", ""white"", ""white"", ""black"", ""white"", ""white"", ""white"", ""black"", ""white""]",33,45,9,3865,,,,,
SONA_0013,94,38,45,4,55,2,2026-02-24T13:31:44+00:00,2026-02-24T14:05:44+00:00,male,masters,English,Statistics,experiment,3,1,2026-02-24T13:55:55+00:00,red,94,black,"[""black""]",1,95,7,4498,,,,,
SONA_0013,94,38,45,4,55,2,2026-02-24T13:31:44+00:00,2026-02-24T14:05:44+00:00,male,masters,English,Statistics,experiment,3,2,2026-02-24T13:56:04+00:00,red,94,black,"[""black"", ""black""]",2,100,8,4723,,,,,
SONA_0013,94,38,45,4,55,2,2026-02-24T13:31:44+00:00,2026-02-24T14:05:44+00:00,male,masters,English,Statistics,experiment,3,3,2026-02-24T13:56:20+00:00,red,94,black,"[""black"", ""black"", ""black""]",3,90,7,5161,,,,,
SONA_0013,94,38,45,4,55,2,2026-02-24T13:31:44+00:00,2026-02-24T14:05:44+00:00,male,masters,English,Statistics,experiment,3,4,2026-02-24T13:56:36+00:00,red,94,black,"[""black"", ""black"", ""black"", ""black""]",4,60,10,5581,,,,,
SONA_0013,94,38,45,4,55,2,2026-02-24T13:31:44+00:00,2026-02-24T14:05:44+00:00,male,masters,English,Statistics,experiment,3,5,2026-02-24T13:56:59+00:00,red,94,black,"[""black"", ""black"", ""black"", ""black"", ""black""]",5,80,7,4985,,,,,
SONA_0013,94,38,45,4,55,2,2026-02-24T13:31:44+00:00,2026-02-24T14:05:44+00:00,male,masters,English,Statistics,experiment,3,6,2026-02-24T13:57:08+00:00,red,94,black,"[""black"", ""black"", ""black"", ""black"", ""black"", ""black""]",6,95,8,4644,,,,,
SONA_0013,94,38,45,4,55,2,2026-02-24T13:31:44+00:00,2026-02-24T14:05:44+00:00,male,masters,English,Statistics,experiment,3,7,2026-02-24T13:57:01+00:00,red,94,black,"[""black"", ""black"", ""black"", ""black"", ""black"", ""black"", ""black""]",7,95,9,4317,,,,,
SONA_0013,94,38,45,4,55,2,2026-02-24T13:31:44+00:00,2026-02-24T14:05:44+00:00,male,masters,English,Statistics,experiment,3,8,2026-02-24T13:57:44+00:00,red,94,black,"[""black"", ""black"", ""black"", ""black"", ""black"", ""black"", ""black"", ""black""]",8,100,8,4545,,,,,
SONA_0013,94,38,45,4,55,2,2026-02-24T13:31:44+00:00,2026-02-24T14:05:44+00:00,male,masters,English,Statistics,experiment,3,9,2026-02-24T13:57:32+00:00,red,94,black,"[""black"", ""black"", ""black"", ""black"", ""black"", ""black"", ""black"", ""black"", ""black""]",9,100,10,4761,,,,,
SONA_0013,94,38,45,4,55,2,2026-02-24T13:31:44+00:00,2026-02-24T14:05:44+00:00,male,masters,English,Statistics,experiment,3,10,2026-02-24T13:58:14+00:00,red,94,black,"[""black"", ""black"", ""black"", ""black"", ""black"", ""black"", ""black"", ""black"", ""black"", ""black""]",10,100,10,4025,,,,,
SONA_0013,94,38,45,4,55,2,2026-02-24T13:31:44+00:00,2026-02-24T14:05:44+00:00,male,masters,English,Statistics,experiment,3,11,2026-02-24T13:57:45+00:00,red,94,black,"[""black"", ""black"", ""black"", ""black"", ""black"", ""black"", ""black"", ""black"", ""black"", ""black"", ""black""]",11,80,7,4845,,,,,
SONA_0013,94,38,45,4,55,2,2026-02-24T13:31:44+00:00,2026-02-24T14:05:44+00:00,male,masters,English,Statistics,experiment,3,12,2026-02-24T13:58:08+00:00,red,94,black,"[""black"", ""black"", ""black"", ""black"", ""black"", ""black"", ""black"", ""black"", ""black"", ""black"", ""black"", ""black""]",12,90,9,5050,,,,,
SONA_0013,94,38,45,4,55,2,2026-02-24T13:31:44+00:00,2026-02-24T14:05:44+00:00,male,masters,English,Statistics,experiment,3,13,2026-02-24T13:58:59+00:00,red,94,black,"[""black"", ""black"", ""black"", ""black"", ""black"", ""black"", ""black"", ""black"", ""black"", ""black"", ""black"", ""black"", ""black""]",13,90,8,5063,,,,,
SONA_0013,94,38,45,4,55,2,2026-02-24T13:31:44+00:00,2026-02-24T14:05:44+00:00,male,masters,English,Statistics,experiment,3,14,2026-02-24T13:58:18+00:00,red,94,black,"[""black"", ""black"", ""black"", ""black"", ""black"", ""black"", ""black"", ""black"", ""black"", ""black"", ""black"", ""black"", ""black"", ""black""]",14,100,8,4357,,,,,
SONA_0013,94,38,45,4,55,2,2026-02-24T13:31:44+00:00,2026-02-24T14:05:44+00:00,male,masters,English,Statistics,experiment,3,15,2026-02-24T13:58:29+00:00,red,94,black,"[""black"", ""black"", ""black"", ""black"", ""black"", ""black"", ""black"", ""black"", ""black"", ""black"", ""black"", ""black"", ""black"", ""black"", ""black""]",15,55,7,5454,,,,,
SONA_0013,94,38,45,4,55,2,2026-02-24T13:31:44+00:00,2026-02-24T14:05:44+00:00,male,masters,English,Statistics,experiment,3,16,2026-02-24T13:59:28+00:00,red,94,black,"[""black"", ""black"", ""black"", ""black"", ""black"", ""black"", ""black"", ""black"", ""black"", ""black"", ""black"", ""black"", ""black"", ""black"", ""black"", ""black""]",16,80,8,4348,,,,,
SONA_0013,94,38,45,4,55,2,2026-02-24T13:31:44+00:00,2026-02-24T14:05:44+00:00,male,masters,English,Statistics,experiment,3,17,2026-02-24T13:58:51+00:00,red,94,black,"[""black"", ""black"", ""black"", ""black"", ""black"", ""black"", ""black"", ""black"", ""black"", ""black"", ""black"", ""black"", ""black"", ""black"", ""black"", ""black"", ""black""]",17,100,8,4226,,,,,
SONA_0013,94,38,45,4,55,2,2026-02-24T13:31:44+00:00,2026-02-24T14:05:44+00:00,male,masters,English,Statistics,experiment,3,18,2026-02-24T13:59:02+00:00,red,94,black,"[""black"", ""black"", ""black"", ""black"", ""black"", ""black"", ""black"", ""black"", ""black"", ""black"", ""black"", ""black"", ""black"", ""black"", ""black"", ""black"", ""black"", ""black""]",18,100,9,4603,,,,,
SONA_0013,94,38,45,4,55,2,2026-02-24T13:31:44+00:00,2026-02-24T14:05:44+00:00,male,masters,English,Statistics,experiment,3,19,2026-02-24T13:58:54+00:00,red,94,black,"[""black"", ""black"", ""black"", ""black"", ""black"", ""black"", ""black"", ""black"", ""black"", ""black"", ""black"", ""black"", ""black"", ""black"", ""black"", ""black"", ""black"", ""black"", ""black""]",19,95,10,4020,,,,,
SONA_0013,94,38,45,4,55,2,2026-02-24T13:31:44+00:00,2026-02-24T14:05:44+00:00,male,masters,English,Statistics,experiment,3,20,2026-02-24T13:59:44+00:00,red,94,black,"[""black"", ""black"", ""black"", ""black"", ""black"", ""black"", ""black"", ""black"", ""black"", ""black"", ""black"", ""black"", ""black"", ""black"", ""black"", ""black"", ""black"", ""black"", ""black"", ""black""]",20,85,9,4846,,,,,
SONA_0013,94,38,45,4,55,2,2026-02-24T13:31:44+00:00,2026-02-24T14:05:44+00:00,male,masters,English,Statistics,experiment,3,21,2026-02-24T14:02:02+00:00,red,94,black,"[""black"", ""black"", ""black"", ""black"", ""black"", ""black"", ""black"", ""black"", ""black"", ""black"", ""black"", ""black"", ""black"", ""black"", ""black"", ""black"", ""black"", ""black"", ""black"", ""black"", ""black""]",21,95,8,3830,,,,,
SONA_0013,94,38,45,4,55,2,2026-02-24T13:31:44+00:00,2026-02-24T14:05:44+00:00,male,masters,English,Statistics,experiment,3,22,2026-02-24T13:59:24+00:00,red,94,black,"[""black"", ""black"", ""black"", ""black"", ""black"", ""black"", ""black"", ""black"", ""black"", ""black"", ""black"", ""black"", ""black"", ""black"", ""black"", ""black"", ""black"", ""black"", ""black"", ""black"", ""black"", ""black""]",22,100,9,4062,,,,,
SONA_0013,94,38,45,4,55,2,2026-02-24T13:31:44+00:00,2026-02-24T14:05:44+00:00,male,masters,English,Statistics,experiment,3,23,2026-02-24T14:01:29+00:00,red,94,black,"[""black"", ""black"", ""black"", ""black"", ""black"", ""black"", ""black"", ""black"", ""black"", ""black"", ""black"", ""black"", ""black"", ""black"", ""black"", ""black"", ""black"", ""black"", ""black"", ""black"", ""black"", ""black"", ""black""]",23,80,8,4826,,,,,
SONA_0013,94,38,45,4,55,2,2026-02-24T13:31:44+00:00,2026-02-24T14:05:44+00:00,male,masters,English,Statistics,experiment,3,24,2026-02-24T13:59:20+00:00,red,94,black,"[""black"", ""black"", ""black"", ""black"", ""black"", ""black"", ""black"", ""black"", ""black"", ""black"", ""black"", ""black"", ""black"", ""black"", ""black"", ""black"", ""black"", ""black"", ""black"", ""black"", ""black"", ""black"", ""black"", ""black""]",24,55,6,4508,,,,,
SONA_0013,94,38,45,4,55,2,2026-02-24T13:31:44+00:00,2026-02-24T14:05:44+00:00,male,masters,English,Statistics,experiment,3,25,2026-02-24T14:02:49+00:00,red,94,black,"[""black"", ""black"", ""black"", ""black"", ""black"", ""black"", ""black"", ""black"", ""black"", ""black"", ""black"", ""black"", ""black"", ""black"", ""black"", ""black"", ""black"", ""black"", ""black"", ""black"", ""black"", ""black"", ""black"", ""black"", ""black""]",25,85,8,4644,,,,,
SONA_0013,94,38,45,4,55,2,2026-02-24T13:31:44+00:00,2026-02-24T14:05:44+00:00,male,masters,English,Statistics,experiment,3,26,2026-02-24T14:02:40+00:00,red,94,black,"[""black"", ""black"", ""black"", ""black"", ""black"", ""black"", ""black"", ""black"", ""black"", ""black"", ""black"", ""black"", ""black"", ""black"", ""black"", ""black"", ""black"", ""black"", ""black"", ""black"", ""black"", ""black"", ""black"", ""black"", ""black"", ""black""]",26,85,7,3806,,,,,
SONA_0013,94,38,45,4,55,2,2026-02-24T13:31:44+00:00,2026-02-24T14:05:44+00:00,male,masters,English,Statistics,experiment,3,27,2026-02-24T13:59:47+00:00,red,94,black,"[""black"", ""black"", ""black"", ""black"", ""black"", ""black"", ""black"", ""black"", ""black"", ""black"", ""black"", ""black"", ""black"", ""black"", ""black"", ""black"", ""black"", ""black"", ""black"", ""black"", ""black"", ""black"", ""black"", ""black"", ""black"", ""black"", ""black""]",27,100,8,3771,,,,,
SONA_0013,94,38,45,4,55,2,2026-02-24T13:31:44+00:00,2026-02-24T14:05:44+00:00,male,masters,English,Statistics,experiment,3,28,2026-02-24T14:01:20+00:00,red,94,black,"[""black"", ""black"", ""black"", ""black"", ""black"", ""black"", ""black"", ""black"", ""black"", ""black"", ""black"", ""black"", ""black"", ""black"", ""black"", ""black"", ""black"", ""black"", ""black"", ""black"", ""black"", ""black"", ""black"", ""black"", ""black"", ""black"", ""black"", ""black""]",28,95,9,4192,,,,,
SONA_0013,94,38,45,4,55,2,2026-02-24T13:31:44+00:00,2026-02-24T14:05:44+00:00,male,masters,English,Statistics,experiment,3,29,2026-02-24T14:01:03+00:00,red,94,black,"[""black"", ""black"", ""black"", ""black"", ""black"", ""black"", ""black"", ""black"", ""black"", ""black"", ""black"", ""black"", ""black"", ""black"", ""black"", ""black"", ""black"", ""black"", ""black"", ""black"", ""black"", ""black"", ""black"", ""black"", ""black"", ""black"", ""black"", ""black"", ""black""]",29,85,8,4320,,,,,
SONA_0013,94,38,45,4,55,2,2026-02-24T13:31:44+00:00,2026-02-24T14:05:44+00:00,male,masters,English,Statistics,experiment,3,30,2026-02-24T14:03:14+00:00,red,94,black,"[""black"", ""black"", ""black"", ""black"", ""black"", ""black"", ""black"", ""black"", ""black"", ""black"", ""black"", ""black"", ""black"", ""black"", ""black"", ""black"", ""black"", ""black"", ""black"", ""black"", ""black"", ""black"", ""black"", ""black"", ""black"", ""black"", ""black"", ""black"", ""black"", ""black""]",30,85,8,4058,,,,,
SONA_0013,94,38,45,4,55,2,2026-02-24T13:31:44+00:00,2026-02-24T14:05:44+00:00,male,masters,English,Statistics,experiment,3,31,2026-02-24T14:04:00+00:00,red,94,black,"[""black"", ""black"", ""black"", ""black"", ""black"", ""black"", ""black"", ""black"", ""black"", ""black"", ""black"", ""black"", ""black"", ""black"", ""black"", ""black"", ""black"", ""black"", ""black"", ""black"", ""black"", ""black"", ""black"", ""black"", ""black"", ""black"", ""black"", ""black"", ""black"", ""black"", ""black""]",31,90,10,4100,,,,,
SONA_0013,94,38,45,4,55,2,2026-02-24T13:31:44+00:00,2026-02-24T14:05:44+00:00,male,masters,English,Statistics,experiment,3,32,2026-02-24T14:05:20+00:00,red,94,black,"[""black"", ""black"", ""black"", ""black"", ""black"", ""black"", ""black"", ""black"", ""black"", ""black"", ""black"", ""black"", ""black"", ""black"", ""black"", ""black"", ""black"", ""black"", ""black"", ""black"", ""black"", ""black"", ""black"", ""black"", ""black"", ""black"", ""black"", ""black"", ""black"", ""black"", ""black"", ""black""]",32,100,10,4580,,,,,
SONA_0013,94,38,45,4,55,2,2026-02-24T13:31:44+00:00,2026-02-24T14:05:44+00:00,male,masters,English,Statistics,experiment,3,33,2026-02-24T14:00:41+00:00,red,94,black,"[""black"", ""black"", ""black"", ""black"", ""black"", ""black"", ""black"", ""black"", ""black"", ""black"", ""black"", ""black"", ""black"", ""black"", ""black"", ""black"", ""black"", ""black"", ""black"", ""black"", ""black"", ""black"", ""black"", ""black"", ""black"", ""black"", ""black"", ""black"", ""black"", ""black"", ""black"", ""black"", ""black""]",33,95,10,4106,,,,,
SONA_0014,27,47,45,4,50,3,2026-02-24T10:15:21+00:00,2026-02-24T11:00:21+00:00,male,sophomore,Communications,,experiment,1,1,2026-02-24T10:21:30+00:00,red,27,black,"[""black""]",1,45,5,3784,,,,,
SONA_0014,27,47,45,4,50,3,2026-02-24T10:15:21+00:00,2026-02-24T11:00:21+00:00,male,sophomore,Communications,,experiment,1,2,2026-02-24T10:21:43+00:00,red,27,white,"[""black"", ""white""]",2,25,5,3722,,,,,
SONA_0014,27,47,45,4,50,3,2026-02-24T10:15:21+00:00,2026-02-24T11:00:21+00:00,male,sophomore,Communications,,experiment,1,3,2026-02-24T10:21:57+00:00,red,27,black,"[""black"", ""white"", ""black""]",3,40,3,4229,,,,,
SONA_0014,27,47,45,4,50,3,2026-02-24T10:15:21+00:00,2026-02-24T11:00:21+00:00,male,sophomore,Communications,,experiment,1,4,2026-02-24T10:22:29+00:00,red,27,white,"[""black"", ""white"", ""black"", ""white""]",4,45,3,2744,,,,,
SONA_0014,27,47,45,4,50,3,2026-02-24T10:15:21+00:00,2026-02-24T11:00:21+00:00,male,sophomore,Communications,,experiment,1,5,2026-02-24T10:22:31+00:00,red,27,black,"[""black"", ""white"", ""black"", ""white"", ""black""]",5,30,5,3656,,,,,
SONA_0014,27,47,45,4,50,3,2026-02-24T10:15:21+00:00,2026-02-24T11:00:21+00:00,male,sophomore,Communications,,experiment,1,6,2026-02-24T10:22:51+00:00,red,27,white,"[""black"", ""white"", ""black"", ""white"", ""black"", ""white""]",6,35,5,3729,,,,,
SONA_0014,27,47,45,4,50,3,2026-02-24T10:15:21+00:00,2026-02-24T11:00:21+00:00,male,sophomore,Communications,,experiment,1,7,2026-02-24T10:22:31+00:00,red,27,white,"[""black"", ""white"", ""black"", ""white"", ""black"", ""white"", ""white""]",7,30,4,3497,,,,,
SONA_0014,27,47,45,4,50,3,2026-02-24T10:15:21+00:00,2026-02-24T11:00:21+00:00,male,sophomore,Communications,,experiment,1,8,2026-02-24T10:22:49+00:00,red,27,black,"[""black"", ""white"", ""black"", ""white"", ""black"", ""white"", ""white"", ""black""]",8,35,4,2565,,,,,
SONA_0014,27,47,45,4,50,3,2026-02-24T10:15:21+00:00,2026-02-24T11:00:21+00:00,male,sophomore,Communications,,experiment,1,9,2026-02-24T10:22:42+00:00,red,27,white,"[""black"", ""white"", ""black"", ""white"", ""black"", ""white"", ""white"", ""black"", ""white""]",9,40,5,3727,,,,,
SONA_0014,27,47,45,4,50,3,2026-02-24T10:15:21+00:00,2026-02-24T11:00:21+00:00,male,sophomore,Communications,,experiment,1,10,2026-02-24T10:22:41+00:00,red,27,white,"[""black"", ""white"", ""black"", ""white"", ""black"", ""white"", ""white"", ""black"", ""white"", ""white""]",10,25,5,2600,,,,,
SONA_0014,27,47,45,4,50,3,2026-02-24T10:15:21+00:00,2026-02-24T11:00:21+00:00,male,sophomore,Communications,,experiment,1,11,2026-02-24T10:23:22+00:00,red,27,black,"[""black"", ""white"", ""black"", ""white"", ""black"", ""white"", ""white"", ""black"", ""white"", ""white"", ""black""]",11,25,2,3669,,,,,
SONA_0014,27,47,45,4,50,3,2026-02-24T10:15:21+00:00,2026-02-24T11:00:21+00:00,male,sophomore,Communications,,experiment,1,12,2026-02-24T10:24:57+00:00,red,27,white,"[""black"", ""white"", ""black"", ""white"", ""black"", ""white"", ""white"", ""black"", ""white"", ""white"", ""black"", ""white""]",12,35,5,3080,,,,,
SONA_0014,27,47,45,4,50,3,2026-02-24T10:15:21+00:00,2026-02-24T11:00:21+00:00,male,sophomore,Communications,,experiment,1,13,2026-02-24T10:24:36+00:00,red,27,white,"[""black"", ""white"", ""black"", ""white"", ""black"", ""white"", ""white"", ""black"", ""white"", ""white"", ""black"", ""white"", ""white""]",13,35,5,3163,,,,,
SONA_0014,27,47,45,4,50,3,2026-02-24T10:15:21+00:00,2026-02-24T11:00:21+00:00,male,sophomore,Communications,,experiment,1,14,2026-02-24T10:24:09+00:00,red,27,black,"[""black"", ""white"", ""black"", ""white"", ""black"", ""white"", ""white"", ""black"", ""white"", ""white"", ""black"", ""white"", ""white"", ""black""]",14,35,4,3547,,,,,
SONA_0014,27,47,45,4,50,3,2026-02-24T10:15:21+00:00,2026-02-24T11:00:21+00:00,male,sophomore,Communications,,experiment,1,15,2026-02-24T10:25:21+00:00,red,27,white,"[""black"", ""white"", ""black"", ""white"", ""black"", ""white"", ""white"", ""black"", ""white"", ""white"", ""black"", ""white"", ""white"", ""black"", ""white""]",15,30,7,3977,,,,,
SONA_0014,27,47,45,4,50,3,2026-02-24T10:15:21+00:00,2026-02-24T11:00:21+00:00,male,sophomore,Communications,,experiment,1,16,2026-02-24T10:25:37+00:00,red,27,white,"[""black"", ""white"", ""black"", ""white"", ""black"", ""white"", ""white"", ""black"", ""white"", ""white"", ""black"", ""white"", ""white"", ""black"", ""white"", ""white""]",16,30,5,3480,,,,,
SONA_0014,27,47,45,4,50,3,2026-02-24T10:15:21+00:00,2026-02-24T11:00:21+00:00,male,sophomore,Communications,,experiment,1,17,2026-02-24T10:25:36+00:00,red,27,white,"[""black"", ""white"", ""black"", ""white"", ""black"", ""white"", ""white"", ""black"", ""white"", ""white"", ""black"", ""white"", ""white"", ""black"", ""white"", ""white"", ""white""]",17,35,4,3297,,,,,
SONA_0014,27,47,45,4,50,3,2026-02-24T10:15:21+00:00,2026-02-24T11:00:21+00:00,male,sophomore,Communications,,experiment,1,18,2026-02-24T10:26:27+00:00,red,27,white,"[""black"", ""white"", ""black"", ""white"", ""black"", ""white"", ""white"", ""black"", ""white"", ""white"", ""black"", ""white"", ""white"", ""black"", ""white"", ""white"", ""white"", ""white""]",18,35,3,3017,,,,,
SONA_0014,27,47,45,4,50,3,2026-02-24T10:15:21+00:00,2026-02-24T11:00:21+00:00,male,sophomore,Communications,,experiment,1,19,2026-02-24T10:25:09+00:00,red,27,white,"[""black"", ""white"", ""black"", ""white"", ""black"", ""white"", ""white"", ""black"", ""white"", ""white"", ""black"", ""white"", ""white"", ""black"", ""white"", ""white"", ""white"", ""white"", ""white""]",19,45,5,2866,,,,,
SONA_0014,27,47,45,4,50,3,2026-02-24T10:15:21+00:00,2026-02-24T11:00:21+00:00,male,sophomore,Communications,,experiment,1,20,2026-02-24T10:25:41+00:00,red,27,white,"[""black"", ""white"", ""black"", ""white"", ""black"", ""white"", ""white"", ""black"", ""white"", ""white"", ""black"", ""white"", ""white"", ""black"", ""white"", ""white"", ""white"", ""white"", ""white"", ""white""]",20,45,5,3217,,,,,
SONA_0014,27,47,45,4,50,3,2026-02-24T10:15:21+00:00,2026-02-24T11:00:21+00:00,male,sophomore,Communications,,experiment,1,21,2026-02-24T10:25:12+00:00,red,27,white,"[""black"", ""white"", ""black"", ""white"", ""black"", ""white"", ""white"", ""black"", ""white"", ""white"", ""black"", ""white"", ""white"", ""black"", ""white"", ""white"", ""white"", ""white"", ""white"", ""white"", ""white""]",21,45,5,3612,,,,,
SONA_0014,27,47,45,4,50,3,2026-02-24T10:15:21+00:00,2026-02-24T11:00:21+00:00,male,sophomore,Communications,,experiment,1,22,2026-02-24T10:25:23+00:00,red,27,white,"[""black"", ""white"", ""black"", ""white"", ""black"", ""white"", ""white"", ""black"", ""white"", ""white"", ""black"", ""white"", ""white"", ""black"", ""white"", ""white"", ""white"", ""white"", ""white"", ""white"", ""white"", ""white""]",22,35,5,2496,,,,,
SONA_0014,27,47,45,4,50,3,2026-02-24T10:15:21+00:00,2026-02-24T11:00:21+00:00,male,sophomore,Communications,,experiment,1,23,2026-02-24T10:26:20+00:00,red,27,white,"[""black"", ""white"", ""black"", ""white"", ""black"", ""white"", ""white"", ""black"", ""white"", ""white"", ""black"", ""white"", ""white"", ""black"", ""white"", ""white"", ""white"", ""white"", ""white"", ""white"", ""white"", ""white"", ""white""]",23,30,5,3409,,,,,
SONA_0014,27,47,45,4,50,3,2026-02-24T10:15:21+00:00,2026-02-24T11:00:21+00:00,male,sophomore,Communications,,experiment,1,24,2026-02-24T10:24:33+00:00,red,27,white,"[""black"", ""white"", ""black"", ""white"", ""black"", ""white"", ""white"", ""black"", ""white"", ""white"", ""black"", ""white"", ""white"", ""black"", ""white"", ""white"", ""white"", ""white"", ""white"", ""white"", ""white"", ""white"", ""white"", ""white""]",24,50,4,3463,,,,,
SONA_0014,27,47,45,4,50,3,2026-02-24T10:15:21+00:00,2026-02-24T11:00:21+00:00,male,sophomore,Communications,,experiment,1,25,2026-02-24T10:26:46+00:00,red,27,white,"[""black"", ""white"", ""black"", ""white"", ""black"", ""white"", ""white"", ""black"", ""white"", ""white"", ""black"", ""white"", ""white"", ""black"", ""white"", ""white"", ""white"", ""white"", ""white"", ""white"", ""white"", ""white"", ""white"", ""white"", ""white""]",25,50,3,3139,,,,,
SONA_0014,27,47,45,4,50,3,2026-02-24T10:15:21+00:00,2026-02-24T11:00:21+00:00,male,sophomore,Communications,,experiment,1,26,2026-02-24T10:28:43+00:00,red,27,black,"[""black"", ""white"", ""black"", ""white"", ""black"", ""white"", ""white"", ""black"", ""white"", ""white"", ""black"", ""white"", ""white"", ""black"", ""white"", ""white"", ""white"", ""white"", ""white"", ""white"", ""white"", ""white"", ""white"", ""white"", ""white"", ""black""]",26,40,2,3831,,,,,
SONA_0014,27,47,45,4,50,3,2026-02-24T10:15:21+00:00,2026-02-24T11:00:21+00:00,male,sophomore,Communications,,experiment,1,27,2026-02-24T10:29:27+00:00,red,27,white,"[""black"", ""white"", ""black"", ""white"", ""black"", ""white"", ""white"", ""black"", ""white"", ""white"", ""black"", ""white"", ""white"", ""black"", ""white"", ""white"", ""white"", ""white"", ""white"", ""white"", ""white"", ""white"", ""white"", ""white"", ""white"", ""black"", ""white""]",27,35,4,1811,,,,,
SONA_0014,27,47,45,4,50,3,2026-02-24T10:15:21+00:00,2026-02-24T11:00:21+00:00,male,sophomore,Communications,,experiment,1,28,2026-02-24T10:29:45+00:00,red,27,white,"[""black"", ""white"", ""black"", ""white"", ""black"", ""white"", ""white"", ""black"", ""white"", ""white"", ""black"", ""white"", ""white"", ""black"", ""white"", ""white"", ""white"", ""white"", ""white"", ""white"", ""white"", ""white"", ""white"", ""white"", ""white"", ""black"", ""white"", ""white""]",28,45,4,3308,,,,,
SONA_0014,27,47,45,4,50,3,2026-02-24T10:15:21+00:00,2026-02-24T11:00:21+00:00,male,sophomore,Communications,,experiment,1,29,2026-02-24T10:28:36+00:00,red,27,white,"[""black"", ""white"", ""black"", ""white"", ""black"", ""white"", ""white"", ""black"", ""white"", ""white"", ""black"", ""white"", ""white"", ""black"", ""white"", ""white"", ""white"", ""white"", ""white"", ""white"", ""white"", ""white"", ""white"", ""white"", ""white"", ""black"", ""white"", ""white"", ""white""]",29,35,4,3015,,,,,
SONA_0014,27,47,45,4,50,3,2026-02-24T10:15:21+00:00,2026-02-24T11:00:21+00:00,male,sophomore,Communications,,experiment,1,30,2026-02-24T10:29:21+00:00,red,27,white,"[""black"", ""white"", ""black"", ""white"", ""black"", ""white"", ""white"", ""black"", ""white"", ""white"", ""black"", ""white"", ""white"", ""black"", ""white"", ""white"", ""white"", ""white"", ""white"", ""white"", ""white"", ""white"", ""white"", ""white"", ""white"", ""black"", ""white"", ""white"", ""white"", ""white""]",30,50,3,3225,,,,,
SONA_0014,27,47,45,4,50,3,2026-02-24T10:15:21+00:00,2026-02-24T11:00:21+00:00,male,sophomore,Communications,,experiment,1,31,2026-02-24T10:26:31+00:00,red,27,white,"[""black"", ""white"", ""black"", ""white"", ""black"", ""white"", ""white"", ""black"", ""white"", ""white"", ""black"", ""white"", ""white"", ""black"", ""white"", ""white"", ""white"", ""white"", ""white"", ""white"", ""white"", ""white"", ""white"", ""white"", ""white"", ""black"", ""white"", ""white"", ""white"", ""white"", ""white""]",31,65,4,2537,,,,,
SONA_0014,27,47,45,4,50,3,2026-02-24T10:15:21+00:00,2026-02-24T11:00:21+00:00,male,sophomore,Communications,,experiment,1,32,2026-02-24T10:26:09+00:00,red,27,black,"[""black"", ""white"", ""black"", ""white"", ""black"", ""white"", ""white"", ""black"", ""white"", ""white"", ""black"", ""white"", ""white"", ""black"", ""white"", ""white"", ""white"", ""white"", ""white"", ""white"", ""white"", ""white"", ""white"", ""white"", ""white"", ""black"", ""white"", ""white"", ""white"", ""white"", ""white"", ""black""]",32,50,5,3332,,,,,
SONA_0014,27,47,45,4,50,3,2026-02-24T10:15:21+00:00,2026-02-24T11:00:21+00:00,male,sophomore,Communications,,experiment,1,33,2026-02-24T10:27:24+00:00,red,27,white,"[""black"", ""white"", ""black"", ""white"", ""black"", ""white"", ""white"", ""black"", ""white"", ""white"", ""black"", ""white"", ""white"", ""black"", ""white"", ""white"", ""white"", ""white"", ""white"", ""white"", ""white"", ""white"", ""white"", ""white"", ""white"", ""black"", ""white"", ""white"", ""white"", ""white"", ""white"", ""black"", ""white""]",33,60,4,2777,,,,,
SONA_0014,27,47,45,4,50,3,2026-02-24T10:15:21+00:00,2026-02-24T11:00:21+00:00,male,sophomore,Communications,,experiment,2,1,2026-02-24T10:35:37+00:00,green,47,white,"[""white""]",1,55,1,3898,,,,,
SONA_0014,27,47,45,4,50,3,2026-02-24T10:15:21+00:00,2026-02-24T11:00:21+00:00,male,sophomore,Communications,,experiment,2,2,2026-02-24T10:35:57+00:00,green,47,black,"[""white"", ""black""]",2,55,3,3697,,,,,
SONA_0014,27,47,45,4,50,3,2026-02-24T10:15:21+00:00,2026-02-24T11:00:21+00:00,male,sophomore,Communications,,experiment,2,3,2026-02-24T10:35:48+00:00,green,47,white,"[""white"", ""black"", ""white""]",3,50,6,4395,,,,,
SONA_0014,27,47,45,4,50,3,2026-02-24T10:15:21+00:00,2026-02-24T11:00:21+00:00,male,sophomore,Communications,,experiment,2,4,2026-02-24T10:35:57+00:00,green,47,white,"[""white"", ""black"", ""white"", ""white""]",4,55,3,3790,,,,,
SONA_0014,27,47,45,4,50,3,2026-02-24T10:15:21+00:00,2026-02-24T11:00:21+00:00,male,sophomore,Communications,,experiment,2,5,2026-02-24T10:36:01+00:00,green,47,white,"[""white"", ""black"", ""white"", ""white"", ""white""]",5,60,4,3825,,,,,
SONA_0014,27,47,45,4,50,3,2026-02-24T10:15:21+00:00,2026-02-24T11:00:21+00:00,male,sophomore,Communications,,experiment,2,6,2026-02-24T10:36:21+00:00,green,47,white,"[""white"", ""black"", ""white"", ""white"", ""white"", ""white""]",6,50,6,3316,,,,,
SONA_0014,27,47,45,4,50,3,2026-02-24T10:15:21+00:00,2026-02-24T11:00:21+00:00,male,sophomore,Communications,,experiment,2,7,2026-02-24T10:37:20+00:00,green,47,black,"[""white"", ""black"", ""white"", ""white"", ""white"", ""white"", ""black""]",7,45,4,3774,,,,,
SONA_0014,27,47,45,4,50,3,2026-02-24T10:15:21+00:00,2026-02-24T11:00:21+00:00,male,sophomore,Communications,,experiment,2,8,2026-02-24T10:37:45+00:00,green,47,white,"[""white"", ""black"", ""white"", ""white"", ""white"", ""white"", ""black"", ""white""]",8,70,5,3694,,,,,
SONA_0014,27,47,45,4,50,3,2026-02-24T10:15:21+00:00,2026-02-24T11:00:21+00:00,male,sophomore,Communications,,experiment,2,9,2026-02-24T10:37:00+00:00,green,47,white,"[""white"", ""black"", ""white"", ""white"", ""white"", ""white"", ""black"", ""white"", ""white""]",9,60,4,2716,,,,,
SONA_0014,27,47,45,4,50,3,2026-02-24T10:15:21+00:00,2026-02-24T11:00:21+00:00,male,sophomore,Communications,,experiment,2,10,2026-02-24T10:38:01+00:00,green,47,white,"[""white"", ""black"", ""white"", ""white"", ""white"", ""white"", ""black"", ""white"", ""white"", ""white""]",10,65,3,3789,,,,,
SONA_0014,27,47,45,4,50,3,2026-02-24T10:15:21+00:00,2026-02-24T11:00:21+00:00,male,sophomore,Communications,,experiment,2,11,2026-02-24T10:36:49+00:00,green,47,black,"[""white"", ""black"", ""white"", ""white"", ""white"", ""white"", ""black"", ""white"", ""white"", ""white"", ""black""]",11,60,5,3391,,,,,
SONA_0014,27,47,45,4,50,3,2026-02-24T10:15:21+00:00,2026-02-24T11:00:21+00:00,male,sophomore,Communications,,experiment,2,12,2026-02-24T10:37:57+00:00,green,47,white,"[""white"", ""black"", ""white"", ""white"", ""white"", ""white"", ""black"", ""white"", ""white"", ""white"", ""black"", ""white""]",12,50,3,4206,,,,,
SONA_0014,27,47,45,4,50,3,2026-02-24T10:15:21+00:00,2026-02-24T11:00:21+00:00,male,sophomore,Communications,,experiment,2,13,2026-02-24T10:39:02+00:00,green,47,black,"[""white"", ""black"", ""white"", ""white"", ""white"", ""white"", ""black"", ""white"", ""white"", ""white"", ""black"", ""white"", ""black""]",13,45,3,3745,,,,,
SONA_0014,27,47,45,4,50,3,2026-02-24T10:15:21+00:00,2026-02-24T11:00:21+00:00,male,sophomore,Communications,,experiment,2,14,2026-02-24T10:39:19+00:00,green,47,black,"[""white"", ""black"", ""white"", ""white"", ""white"", ""white"", ""black"", ""white"", ""white"", ""white"", ""black"", ""white"", ""black"", ""black""]",14,55,5,3629,,,,,
SONA_0014,27,47,45,4,50,3,2026-02-24T10:15:21+00:00,2026-02-24T11:00:21+00:00,male,sophomore,Communications,,experiment,2,15,2026-02-24T10:37:36+00:00,green,47,black,"[""white"", ""black"", ""white"", ""white"", ""white"", ""white"", ""black"", ""white"", ""white"", ""white"", ""black"", ""white"", ""black"", ""black"", ""black""]",15,50,5,3705,,,,,
SONA_0014,27,47,45,4,50,3,2026-02-24T10:15:21+00:00,2026-02-24T11:00:21+00:00,male,sophomore,Communications,,experiment,2,16,2026-02-24T10:37:45+00:00,green,47,black,"[""white"", ""black"", ""white"", ""white"", ""white"", ""white"", ""black"", ""white"", ""white"", ""white"", ""black"", ""white"", ""black"", ""black"", ""black"", ""black""]",16,45,4,3649,,,,,
SONA_0014,27,47,45,4,50,3,2026-02-24T10:15:21+00:00,2026-02-24T11:00:21+00:00,male,sophomore,Communications,,experiment,2,17,2026-02-24T10:39:53+00:00,green,47,black,"[""white"", ""black"", ""white"", ""white"", ""white"", ""white"", ""black"", ""white"", ""white"", ""white"", ""black"", ""white"", ""black"", ""black"", ""black"", ""black"", ""black""]",17,50,4,3522,,,,,
SONA_0014,27,47,45,4,50,3,2026-02-24T10:15:21+00:00,2026-02-24T11:00:21+00:00,male,sophomore,Communications,,experiment,2,18,2026-02-24T10:39:51+00:00,green,47,black,"[""white"", ""black"", ""white"", ""white"", ""white"", ""white"", ""black"", ""white"", ""white"", ""white"", ""black"", ""white"", ""black"", ""black"", ""black"", ""black"", ""black"", ""black""]",18,45,5,2190,,,,,
SONA_0014,27,47,45,4,50,3,2026-02-24T10:15:21+00:00,2026-02-24T11:00:21+00:00,male,sophomore,Communications,,experiment,2,19,2026-02-24T10:38:50+00:00,green,47,white,"[""white"", ""black"", ""white"", ""white"", ""white"", ""white"", ""black"", ""white"", ""white"", ""white"", ""black"", ""white"", ""black"", ""black"", ""black"", ""black"", ""black"", ""black"", ""white""]",19,40,6,3262,,,,,
SONA_0014,27,47,45,4,50,3,2026-02-24T10:15:21+00:00,2026-02-24T11:00:21+00:00,male,sophomore,Communications,,experiment,2,20,2026-02-24T10:40:21+00:00,green,47,black,"[""white"", ""black"", ""white"", ""white"", ""white"", ""white"", ""black"", ""white"", ""white"", ""white"", ""black"", ""white"", ""black"", ""black"", ""black"", ""black"", ""black"", ""black"", ""white"", ""black""]",20,45,6,3996,,,,,
SONA_0014,27,47,45,4,50,3,2026-02-24T10:15:21+00:00,2026-02-24T11:00:21+00:00,male,sophomore,Communications,,experiment,2,21,2026-02-24T10:38:30+00:00,green,47,black,"[""white"", ""black"", ""white"", ""white"", ""white"", ""white"", ""black"", ""white"", ""white"", ""white"", ""black"", ""white"", ""black"", ""black"", ""black"", ""black"", ""black"", ""black"", ""white"", ""black"", ""black""]",21,50,4,3532,,,,,
SONA_0014,27,47,45,4,50,3,2026-02-24T10:15:21+00:00,2026-02-24T11:00:21+00:00,male,sophomore,Communications,,experiment,2,22,2026-02-24T10:38:39+00:00,green,47,black,"[""white"", ""black"", ""white"", ""white"", ""white"", ""white"", ""black"", ""white"", ""white"", ""white"", ""black"", ""white"", ""black"", ""black"", ""black"", ""black"", ""black"", ""black"", ""white"", ""black"", ""black"", ""black""]",22,50,4,2639,,,,,
SONA_0014,27,47,45,4,50,3,2026-02-24T10:15:21+00:00,2026-02-24T11:00:21+00:00,male,sophomore,Communications,,experiment,2,23,2026-02-24T10:38:25+00:00,green,47,black,"[""white"", ""black"", ""white"", ""white"", ""white"", ""white"", ""black"", ""white"", ""white"", ""white"", ""black"", ""white"", ""black"", ""black"", ""black"", ""black"", ""black"", ""black"", ""white"", ""black"", ""black"", ""black"", ""black""]",23,40,4,3130,,,,,
SONA_0014,27,47,45,4,50,3,2026-02-24T10:15:21+00:00,2026-02-24T11:00:21+00:00,male,sophomore,Communications,,experiment,2,24,2026-02-24T10:42:33+00:00,green,47,white,"[""white"", ""black"", ""white"", ""white"", ""white"", ""white"", ""black"", ""white"", ""white"", ""white"", ""black"", ""white"", ""black"", ""black"", ""black"", ""black"", ""black"", ""black"", ""white"", ""black"", ""black"", ""black"", ""black"", ""white""]",24,55,4,3994,,,,,
SONA_0014,27,47,45,4,50,3,2026-02-24T10:15:21+00:00,2026-02-24T11:00:21+00:00,male,sophomore,Communications,,experiment,2,25,2026-02-24T10:40:46+00:00,green,47,white,"[""white"", ""black"", ""white"", ""white"", ""white"", ""white"", ""black"", ""white"", ""white"", ""white"", ""black"", ""white"", ""black"", ""black"", ""black"", ""black"", ""black"", ""black"", ""white"", ""black"", ""black"", ""black"", ""black"", ""white"", ""white""]",25,50,5,3278,,,,,
SONA_0014,27,47,45,4,50,3,2026-02-24T10:15:21+00:00,2026-02-24T11:00:21+00:00,male,sophomore,Communications,,experiment,2,26,2026-02-24T10:41:51+00:00,green,47,white,"[""white"", ""black"", ""white"", ""white"", ""white"", ""white"", ""black"", ""white"", ""white"", ""white"", ""black"", ""white"", ""black"", ""black"", ""black"", ""black"", ""black"", ""black"", ""white"", ""black"", ""black"", ""black"", ""black"", ""white"", ""white"", ""white""]",26,50,4,2911,,,,,
SONA_0014,27,47,45,4,50,3,2026-02-24T10:15:21+00:00,2026-02-24T11:00:21+00:00,male,sophomore,Communications,,experiment,2,27,2026-02-24T10:40:45+00:00,green,47,black,"[""white"", ""black"", ""white"", ""white"", ""white"", ""white"", ""black"", ""white"", ""white"", ""white"", ""black"", ""white"", ""black"", ""black"", ""black"", ""black"", ""black"", ""black"", ""white"", ""black"", ""black"", ""black"", ""black"", ""white"", ""white"", ""white"", ""black""]",27,45,4,3192,,,,,
SONA_0014,27,47,45,4,50,3,2026-02-24T10:15:21+00:00,2026-02-24T11:00:21+00:00,male,sophomore,Communications,,experiment,2,28,2026-02-24T10:41:25+00:00,green,47,black,"[""white"", ""black"", ""white"", ""white"", ""white"", ""white"", ""black"", ""white"", ""white"", ""white"", ""black"", ""white"", ""black"", ""black"", ""black"", ""black"", ""black"", ""black"", ""white"", ""black"", ""black"", ""black"", ""black"", ""white"", ""white"", ""white"", ""black"", ""black""]",28,40,4,3285,,,,,
SONA_0014,27,47,45,4,50,3,2026-02-24T10:15:21+00:00,2026-02-24T11:00:21+00:00,male,sophomore,Communications,,experiment,2,29,2026-02-24T10:44:03+00:00,green,47,white,"[""white"", ""black"", ""white"", ""white"", ""white"", ""white"", ""black"", ""white"", ""white"", ""white"", ""black"", ""white"", ""black"", ""black"", ""black"", ""black"", ""black"", ""black"", ""white"", ""black"", ""black"", ""black"", ""black"", ""white"", ""white"", ""white"", ""black"", ""black"", ""white""]",29,45,5,3229,,,,,
SONA_0014,27,47,45,4,50,3,2026-02-24T10:15:21+00:00,2026-02-24T11:00:21+00:00,male,sophomore,Communications,,experiment,2,30,2026-02-24T10:43:21+00:00,green,47,white,"[""white"", ""black"", ""white"", ""white"", ""white"", ""white"", ""black"", ""white"", ""white"", ""white"", ""black"", ""white"", ""black"", ""black"", ""black"", ""black"", ""black"", ""black"", ""white"", ""black"", ""black"", ""black"", ""black"", ""white"", ""white"", ""white"", ""black"", ""black"", ""white"", ""white""]",30,30,7,3411,,,,,
SONA_0014,27,47,45,4,50,3,2026-02-24T10:15:21+00:00,2026-02-24T11:00:21+00:00,male,sophomore,Communications,,experiment,2,31,2026-02-24T10:42:04+00:00,green,47,black,"[""white"", ""black"", ""white"", ""white"", ""white"", ""white"", ""black"", ""white"", ""white"", ""white"", ""black"", ""white"", ""black"", ""black"", ""black"", ""black"", ""black"", ""black"", ""white"", ""black"", ""black"", ""black"", ""black"", ""white"", ""white"", ""white"", ""black"", ""black"", ""white"", ""white"", ""black""]",31,40,4,3310,,,,,
SONA_0014,27,47,45,4,50,3,2026-02-24T10:15:21+00:00,2026-02-24T11:00:21+00:00,male,sophomore,Communications,,experiment,2,32,2026-02-24T10:39:37+00:00,green,47,white,"[""white"", ""black"", ""white"", ""white"", ""white"", ""white"", ""black"", ""white"", ""white"", ""white"", ""black"", ""white"", ""black"", ""black"", ""black"", ""black"", ""black"", ""black"", ""white"", ""black"", ""black"", ""black"", ""black"", ""white"", ""white"", ""white"", ""black"", ""black"", ""white"", ""white"", ""black"", ""white""]",32,40,4,2407,,,,,
SONA_0014,27,47,45,4,50,3,2026-02-24T10:15:21+00:00,2026-02-24T11:00:21+00:00,male,sophomore,Communications,,experiment,2,33,2026-02-24T10:40:51+00:00,green,47,white,"[""white"", ""black"", ""white"", ""white"", ""white"", ""white"", ""black"", ""white"", ""white"", ""white"", ""black"", ""white"", ""black"", ""black"", ""black"", ""black"", ""black"", ""black"", ""white"", ""black"", ""black"", ""black"", ""black"", ""white"", ""white"", ""white"", ""black"", ""black"", ""white"", ""white"", ""black"", ""white"", ""white""]",33,50,3,3247,,,,,
SONA_0014,27,47,45,4,50,3,2026-02-24T10:15:21+00:00,2026-02-24T11:00:21+00:00,male,sophomore,Communications,,experiment,3,1,2026-02-24T10:49:33+00:00,red,27,white,"[""white""]",1,65,6,3724,,,,,
SONA_0014,27,47,45,4,50,3,2026-02-24T10:15:21+00:00,2026-02-24T11:00:21+00:00,male,sophomore,Communications,,experiment,3,2,2026-02-24T10:49:51+00:00,red,27,white,"[""white"", ""white""]",2,75,5,3611,,,,,
SONA_0014,27,47,45,4,50,3,2026-02-24T10:15:21+00:00,2026-02-24T11:00:21+00:00,male,sophomore,Communications,,experiment,3,3,2026-02-24T10:49:51+00:00,red,27,white,"[""white"", ""white"", ""white""]",3,85,7,3179,,,,,
SONA_0014,27,47,45,4,50,3,2026-02-24T10:15:21+00:00,2026-02-24T11:00:21+00:00,male,sophomore,Communications,,experiment,3,4,2026-02-24T10:50:33+00:00,red,27,white,"[""white"", ""white"", ""white"", ""white""]",4,85,6,3304,,,,,
SONA_0014,27,47,45,4,50,3,2026-02-24T10:15:21+00:00,2026-02-24T11:00:21+00:00,male,sophomore,Communications,,experiment,3,5,2026-02-24T10:50:06+00:00,red,27,white,"[""white"", ""white"", ""white"", ""white"", ""white""]",5,100,5,3216,,,,,
SONA_0014,27,47,45,4,50,3,2026-02-24T10:15:21+00:00,2026-02-24T11:00:21+00:00,male,sophomore,Communications,,experiment,3,6,2026-02-24T10:51:03+00:00,red,27,white,"[""white"", ""white"", ""white"", ""white"", ""white"", ""white""]",6,95,7,3000,,,,,
SONA_0014,27,47,45,4,50,3,2026-02-24T10:15:21+00:00,2026-02-24T11:00:21+00:00,male,sophomore,Communications,,experiment,3,7,2026-02-24T10:50:24+00:00,red,27,white,"[""white"", ""white"", ""white"", ""white"", ""white"", ""white"", ""white""]",7,100,6,3168,,,,,
SONA_0014,27,47,45,4,50,3,2026-02-24T10:15:21+00:00,2026-02-24T11:00:21+00:00,male,sophomore,Communications,,experiment,3,8,2026-02-24T10:50:25+00:00,red,27,white,"[""white"", ""white"", ""white"", ""white"", ""white"", ""white"", ""white"", ""white""]",8,100,6,2965,,,,,
SONA_0014,27,47,45,4,50,3,2026-02-24T10:15:21+00:00,2026-02-24T11:00:21+00:00,male,sophomore,Communications,,experiment,3,9,2026-02-24T10:52:03+00:00,red,27,white,"[""white"", ""white"", ""white"", ""white"", ""white"", ""white"", ""white"", ""white"", ""white""]",9,95,6,2923,,,,,
SONA_0014,27,47,45,4,50,3,2026-02-24T10:15:21+00:00,2026-02-24T11:00:21+00:00,male,sophomore,Communications,,experiment,3,10,2026-02-24T10:52:01+00:00,red,27,black,"[""white"", ""white"", ""white"", ""white"", ""white"", ""white"", ""white"", ""white"", ""white"", ""black""]",10,90,7,2897,,,,,
SONA_0014,27,47,45,4,50,3,2026-02-24T10:15:21+00:00,2026-02-24T11:00:21+00:00,male,sophomore,Communications,,experiment,3,11,2026-02-24T10:52:17+00:00,red,27,white,"[""white"", ""white"", ""white"", ""white"", ""white"", ""white"", ""white"", ""white"", ""white"", ""black"", ""white""]",11,95,6,1946,,,,,
SONA_0014,27,47,45,4,50,3,2026-02-24T10:15:21+00:00,2026-02-24T11:00:21+00:00,male,sophomore,Communications,,experiment,3,12,2026-02-24T10:52:21+00:00,red,27,white,"[""white"", ""white"", ""white"", ""white"", ""white"", ""white"", ""white"", ""white"", ""white"", ""black"", ""white"", ""white""]",12,95,5,3523,,,,,
SONA_0014,27,47,45,4,50,3,2026-02-24T10:15:21+00:00,2026-02-24T11:00:21+00:00,male,sophomore,Communications,,experiment,3,13,2026-02-24T10:52:23+00:00,red,27,white,"[""white"", ""white"", ""white"", ""white"", ""white"", ""white"", ""white"", ""white"", ""white"", ""black"", ""white"", ""white"", ""white""]",13,95,6,2600,,,,,
SONA_0014,27,47,45,4,50,3,2026-02-24T10:15:21+00:00,2026-02-24T11:00:21+00:00,male,sophomore,Communications,,experiment,3,14,2026-02-24T10:53:33+00:00,red,27,white,"[""white"", ""white"", ""white"", ""white"", ""white"", ""white"", ""white"", ""white"", ""white"", ""black"", ""white"", ""white"", ""white"", ""white""]",14,95,6,2479,,,,,
SONA_0014,27,47,45,4,50,3,2026-02-24T10:15:21+00:00,2026-02-24T11:00:21+00:00,male,sophomore,Communications,,experiment,3,15,2026-02-24T10:52:21+00:00,red,27,white,"[""white"", ""white"", ""white"", ""white"", ""white"", ""white"", ""white"", ""white"", ""white"", ""black"", ""white"", ""white"", ""white"", ""white"", ""white""]",15,90,6,2940,,,,,
SONA_0014,27,47,45,4,50,3,2026-02-24T10:15:21+00:00,2026-02-24T11:00:21+00:00,male,sophomore,Communications,,experiment,3,16,2026-02-24T10:54:09+00:00,red,27,black,"[""white"", ""white"", ""white"", ""white"", ""white"", ""white"", ""white"", ""white"", ""white"", ""black"", ""white"", ""white"", ""white"", ""white"", ""white"", ""black""]",16,100,6,2630,,,,,
SONA_0014,27,47,45,4,50,3,2026-02-24T10:15:21+00:00,2026-02-24T11:00:21+00:00,male,sophomore,Communications,,experiment,3,17,2026-02-24T10:53:36+00:00,red,27,white,"[""white"", ""white"", ""white"", ""white"", ""white"", ""white"", ""white"", ""white"", ""white"", ""black"", ""white"", ""white"", ""white"", ""white"", ""white"", ""black"", ""white""]",17,100,5,2817,,,,,
SONA_0014,27,47,45,4,50,3,2026-02-24T10:15:21+00:00,2026-02-24T11:00:21+00:00,male,sophomore,Communications,,experiment,3,18,2026-02-24T10:52:21+00:00,red,27,white,"[""white"", ""white"", ""white"", ""white"", ""white"", ""white"", ""white"", ""white"", ""white"", ""black"", ""white"", ""white"", ""white"", ""white"", ""white"", ""black"", ""white"", ""white""]",18,95,6,2211,,,,,
SONA_0014,27,47,45,4,50,3,2026-02-24T10:15:21+00:00,2026-02-24T11:00:21+00:00,male,sophomore,Communications,,experiment,3,19,2026-02-24T10:53:47+00:00,red,27,white,"[""white"", ""white"", ""white"", ""white"", ""white"", ""white"", ""white"", ""white"", ""white"", ""black"", ""white"", ""white"", ""white"", ""white"", ""white"", ""black"", ""white"", ""white"", ""white""]",19,100,6,2088,,,,,
SONA_0014,27,47,45,4,50,3,2026-02-24T10:15:21+00:00,2026-02-24T11:00:21+00:00,male,sophomore,Communications,,experiment,3,20,2026-02-24T10:53:01+00:00,red,27,white,"[""white"", ""white"", ""white"", ""white"", ""white"", ""white"", ""white"", ""white"", ""white"", ""black"", ""white"", ""white"", ""white"", ""white"", ""white"", ""black"", ""white"", ""white"", ""white"", ""white""]",20,95,4,2595,,,,,
SONA_0014,27,47,45,4,50,3,2026-02-24T10:15:21+00:00,2026-02-24T11:00:21+00:00,male,sophomore,Communications,,experiment,3,21,2026-02-24T10:54:57+00:00,red,27,white,"[""white"", ""white"", ""white"", ""white"", ""white"", ""white"", ""white"", ""white"", ""white"", ""black"", ""white"", ""white"", ""white"", ""white"", ""white"", ""black"", ""white"", ""white"", ""white"", ""white"", ""white""]",21,100,6,2306,,,,,
SONA_0014,27,47,45,4,50,3,2026-02-24T10:15:21+00:00,2026-02-24T11:00:21+00:00,male,sophomore,Communications,,experiment,3,22,2026-02-24T10:53:01+00:00,red,27,white,"[""white"", ""white"", ""white"", ""white"", ""white"", ""white"", ""white"", ""white"", ""white"", ""black"", ""white"", ""white"", ""white"", ""white"", ""white"", ""black"", ""white"", ""white"", ""white"", ""white"", ""white"", ""white""]",22,100,6,2531,,,,,
SONA_0014,27,47,45,4,50,3,2026-02-24T10:15:21+00:00,2026-02-24T11:00:21+00:00,male,sophomore,Communications,,experiment,3,23,2026-02-24T10:53:57+00:00,red,27,white,"[""white"", ""white"", ""white"", ""white"", ""white"", ""white"", ""white"", ""white"", ""white"", ""black"", ""white"", ""white"", ""white"", ""white"", ""white"", ""black"", ""white"", ""white"", ""white"", ""white"", ""white"", ""white"", ""white""]",23,100,7,2130,,,,,
SONA_0014,27,47,45,4,50,3,2026-02-24T10:15:21+00:00,2026-02-24T11:00:21+00:00,male,sophomore,Communications,,experiment,3,24,2026-02-24T10:52:57+00:00,red,27,white,"[""white"", ""white"", ""white"", ""white"", ""white"", ""white"", ""white"", ""white"", ""white"", ""black"", ""white"", ""white"", ""white"", ""white"", ""white"", ""black"", ""white"", ""white"", ""white"", ""white"", ""white"", ""white"", ""white"", ""white""]",24,100,7,1781,,,,,
SONA_0014,27,47,45,4,50,3,2026-02-24T10:15:21+00:00,2026-02-24T11:00:21+00:00,male,sophomore,Communications,,experiment,3,25,2026-02-24T10:56:26+00:00,red,27,white,"[""white"", ""white"", ""white"", ""white"", ""white"", ""white"", ""white"", ""white"", ""white"", ""black"", ""white"", ""white"", ""white"", ""white"", ""white"", ""black"", ""white"", ""white"", ""white"", ""white"", ""white"", ""white"", ""white"", ""white"", ""white""]",25,90,5,2823,,,,,
SONA_0014,27,47,45,4,50,3,2026-02-24T10:15:21+00:00,2026-02-24T11:00:21+00:00,male,sophomore,Communications,,experiment,3,26,2026-02-24T10:57:09+00:00,red,27,white,"[""white"", ""white"", ""white"", ""white"", ""white"", ""white"", ""white"", ""white"", ""white"", ""black"", ""white"", ""white"", ""white"", ""white"", ""white"", ""black"", ""white"", ""white"", ""white"", ""white"", ""white"", ""white"", ""white"", ""white"", ""white"", ""white""]",26,95,7,2868,,,,,
SONA_0014,27,47,45,4,50,3,2026-02-24T10:15:21+00:00,2026-02-24T11:00:21+00:00,male,sophomore,Communications,,experiment,3,27,2026-02-24T10:55:39+00:00,red,27,white,"[""white"", ""white"", ""white"", ""white"", ""white"", ""white"", ""white"", ""white"", ""white"", ""black"", ""white"", ""white"", ""white"", ""white"", ""white"", ""black"", ""white"", ""white"", ""white"", ""white"", ""white"", ""white"", ""white"", ""white"", ""white"", ""white"", ""white""]",27,100,5,2099,,,,,
SONA_0014,27,47,45,4,50,3,2026-02-24T10:15:21+00:00,2026-02-24T11:00:21+00:00,male,sophomore,Communications,,experiment,3,28,2026-02-24T10:55:53+00:00,red,27,black,"[""white"", ""white"", ""white"", ""white"", ""white"", ""white"", ""white"", ""white"", ""white"", ""black"", ""white"", ""white"", ""white"", ""white"", ""white"", ""black"", ""white"", ""white"", ""white"", ""white"", ""white"", ""white"", ""white"", ""white"", ""white"", ""white"", ""white"", ""black""]",28,100,7,2284,,,,,
SONA_0014,27,47,45,4,50,3,2026-02-24T10:15:21+00:00,2026-02-24T11:00:21+00:00,male,sophomore,Communications,,experiment,3,29,2026-02-24T10:55:38+00:00,red,27,white,"[""white"", ""white"", ""white"", ""white"", ""white"", ""white"", ""white"", ""white"", ""white"", ""black"", ""white"", ""white"", ""white"", ""white"", ""white"", ""black"", ""white"", ""white"", ""white"", ""white"", ""white"", ""white"", ""white"", ""white"", ""white"", ""white"", ""white"", ""black"", ""white""]",29,95,5,2614,,,,,
SONA_0014,27,47,45,4,50,3,2026-02-24T10:15:21+00:00,2026-02-24T11:00:21+00:00,male,sophomore,Communications,,experiment,3,30,2026-02-24T10:55:21+00:00,red,27,black,"[""white"", ""white"", ""white"", ""white"", ""white"", ""white"", ""white"", ""white"", ""white"", ""black"", ""white"", ""white"", ""white"", ""white"", ""white"", ""black"", ""white"", ""white"", ""white"", ""white"", ""white"", ""white"", ""white"", ""white"", ""white"", ""white"", ""white"", ""black"", ""white"", ""black""]",30,95,5,2172,,,,,
SONA_0014,27,47,45,4,50,3,2026-02-24T10:15:21+00:00,2026-02-24T11:00:21+00:00,male,sophomore,Communications,,experiment,3,31,2026-02-24T10:58:39+00:00,red,27,white,"[""white"", ""white"", ""white"", ""white"", ""white"", ""white"", ""white"", ""white"", ""white"", ""black"", ""white"", ""white"", ""white"", ""white"", ""white"", ""black"", ""white"", ""white"", ""white"", ""white"", ""white"", ""white"", ""white"", ""white"", ""white"", ""white"", ""white"", ""black"", ""white"", ""black"", ""white""]",31,100,7,2657,,,,,
SONA_0014,27,47,45,4,50,3,2026-02-24T10:15:21+00:00,2026-02-24T11:00:21+00:00,male,sophomore,Communications,,experiment,3,32,2026-02-24T10:58:57+00:00,red,27,black,"[""white"", ""white"", ""white"", ""white"", ""white"", ""white"", ""white"", ""white"", ""white"", ""black"", ""white"", ""white"", ""white"", ""white"", ""white"", ""black"", ""white"", ""white"", ""white"", ""white"", ""white"", ""white"", ""white"", ""white"", ""white"", ""white"", ""white"", ""black"", ""white"", ""black"", ""white"", ""black""]",32,100,7,2658,,,,,
SONA_0014,27,47,45,4,50,3,2026-02-24T10:15:21+00:00,2026-02-24T11:00:21+00:00,male,sophomore,Communications,,experiment,3,33,2026-02-24T10:58:42+00:00,red,27,white,"[""white"", ""white"", ""white"", ""white"", ""white"", ""white"", ""white"", ""white"", ""white"", ""black"", ""white"", ""white"", ""white"", ""white"", ""white"", ""black"", ""white"", ""white"", ""white"", ""white"", ""white"", ""white"", ""white"", ""white"", ""white"", ""white"", ""white"", ""black"", ""white"", ""black"", ""white"", ""black"", ""white""]",33,95,7,1703,,,,,
SONA_0015,30,17,60,7,35,2,2026-02-24T10:56:56+00:00,2026-02-24T11:34:56+00:00,male,junior,Communications,Writing,experiment,1,1,2026-02-24T11:02:10+00:00,red,30,white,"[""white""]",1,65,6,5069,,,,,
SONA_0015,30,17,60,7,35,2,2026-02-24T10:56:56+00:00,2026-02-24T11:34:56+00:00,male,junior,Communications,Writing,experiment,1,2,2026-02-24T11:02:24+00:00,red,30,black,"[""white"", ""black""]",2,55,8,4456,,,,,
SONA_0015,30,17,60,7,35,2,2026-02-24T10:56:56+00:00,2026-02-24T11:34:56+00:00,male,junior,Communications,Writing,experiment,1,3,2026-02-24T11:02:47+00:00,red,30,black,"[""white"", ""black"", ""black""]",3,55,8,5248,,,,,
SONA_0015,30,17,60,7,35,2,2026-02-24T10:56:56+00:00,2026-02-24T11:34:56+00:00,male,junior,Communications,Writing,experiment,1,4,2026-02-24T11:02:56+00:00,red,30,black,"[""white"", ""black"", ""black"", ""black""]",4,40,7,5076,,,,,
SONA_0015,30,17,60,7,35,2,2026-02-24T10:56:56+00:00,2026-02-24T11:34:56+00:00,male,junior,Communications,Writing,experiment,1,5,2026-02-24T11:02:41+00:00,red,30,white,"[""white"", ""black"", ""black"", ""black"", ""white""]",5,45,7,5157,,,,,
SONA_0015,30,17,60,7,35,2,2026-02-24T10:56:56+00:00,2026-02-24T11:34:56+00:00,male,junior,Communications,Writing,experiment,1,6,2026-02-24T11:03:38+00:00,red,30,black,"[""white"", ""black"", ""black"", ""black"", ""white"", ""black""]",6,40,7,5605,,,,,
SONA_0015,30,17,60,7,35,2,2026-02-24T10:56:56+00:00,2026-02-24T11:34:56+00:00,male,junior,Communications,Writing,experiment,1,7,2026-02-24T11:03:20+00:00,red,30,black,"[""white"", ""black"", ""black"", ""black"", ""white"", ""black"", ""black""]",7,35,7,4948,,,,,
SONA_0015,30,17,60,7,35,2,2026-02-24T10:56:56+00:00,2026-02-24T11:34:56+00:00,male,junior,Communications,Writing,experiment,1,8,2026-02-24T11:03:24+00:00,red,30,white,"[""white"", ""black"", ""black"", ""black"", ""white"", ""black"", ""black"", ""white""]",8,40,8,4636,,,,,
SONA_0015,30,17,60,7,35,2,2026-02-24T10:56:56+00:00,2026-02-24T11:34:56+00:00,male,junior,Communications,Writing,experiment,1,9,2026-02-24T11:04:20+00:00,red,30,white,"[""white"", ""black"", ""black"", ""black"", ""white"", ""black"", ""black"", ""white"", ""white""]",9,50,8,4242,,,,,
SONA_0015,30,17,60,7,35,2,2026-02-24T10:56:56+00:00,2026-02-24T11:34:56+00:00,male,junior,Communications,Writing,experiment,1,10,2026-02-24T11:03:36+00:00,red,30,white,"[""white"", ""black"", ""black"", ""black"", ""white"", ""black"", ""black"", ""white"", ""white"", ""white""]",10,40,8,4908,,,,,
SONA_0015,30,17,60,7,35,2,2026-02-24T10:56:56+00:00,2026-02-24T11:34:56+00:00,male,junior,Communications,Writing,experiment,1,11,2026-02-24T11:04:08+00:00,red,30,white,"[""white"", ""black"", ""black"", ""black"", ""white"", ""black"", ""black"", ""white"", ""white"", ""white"", ""white""]",11,40,8,4426,,,,,
SONA_0015,30,17,60,7,35,2,2026-02-24T10:56:56+00:00,2026-02-24T11:34:56+00:00,male,junior,Communications,Writing,experiment,1,12,2026-02-24T11:03:56+00:00,red,30,white,"[""white"", ""black"", ""black"", ""black"", ""white"", ""black"", ""black"", ""white"", ""white"", ""white"", ""white"", ""white""]",12,55,7,5151,,,,,
SONA_0015,30,17,60,7,35,2,2026-02-24T10:56:56+00:00,2026-02-24T11:34:56+00:00,male,junior,Communications,Writing,experiment,1,13,2026-02-24T11:04:58+00:00,red,30,black,"[""white"", ""black"", ""black"", ""black"", ""white"", ""black"", ""black"", ""white"", ""white"", ""white"", ""white"", ""white"", ""black""]",13,45,9,5155,,,,,
SONA_0015,30,17,60,7,35,2,2026-02-24T10:56:56+00:00,2026-02-24T11:34:56+00:00,male,junior,Communications,Writing,experiment,1,14,2026-02-24T11:05:12+00:00,red,30,white,"[""white"", ""black"", ""black"", ""black"", ""white"", ""black"", ""black"", ""white"", ""white"", ""white"", ""white"", ""white"", ""black"", ""white""]",14,50,7,4015,,,,,
SONA_0015,30,17,60,7,35,2,2026-02-24T10:56:56+00:00,2026-02-24T11:34:56+00:00,male,junior,Communications,Writing,experiment,1,15,2026-02-24T11:06:11+00:00,red,30,black,"[""white"", ""black"", ""black"", ""black"", ""white"", ""black"", ""black"", ""white"", ""white"", ""white"", ""white"", ""white"", ""black"", ""white"", ""black""]",15,40,8,4422,,,,,
SONA_0015,30,17,60,7,35,2,2026-02-24T10:56:56+00:00,2026-02-24T11:34:56+00:00,male,junior,Communications,Writing,experiment,1,16,2026-02-24T11:04:52+00:00,red,30,white,"[""white"", ""black"", ""black"", ""black"", ""white"", ""black"", ""black"", ""white"", ""white"", ""white"", ""white"", ""white"", ""black"", ""white"", ""black"", ""white""]",16,50,8,4473,,,,,
SONA_0015,30,17,60,7,35,2,2026-02-24T10:56:56+00:00,2026-02-24T11:34:56+00:00,male,junior,Communications,Writing,experiment,1,17,2026-02-24T11:06:45+00:00,red,30,white,"[""white"", ""black"", ""black"", ""black"", ""white"", ""black"", ""black"", ""white"", ""white"", ""white"", ""white"", ""white"", ""black"", ""white"", ""black"", ""white"", ""white""]",17,40,8,4985,,,,,
SONA_0015,30,17,60,7,35,2,2026-02-24T10:56:56+00:00,2026-02-24T11:34:56+00:00,male,junior,Communications,Writing,experiment,1,18,2026-02-24T11:07:20+00:00,red,30,black,"[""white"", ""black"", ""black"", ""black"", ""white"", ""black"", ""black"", ""white"", ""white"", ""white"", ""white"", ""white"", ""black"", ""white"", ""black"", ""white"", ""white"", ""black""]",18,40,7,3888,,,,,
SONA_0015,30,17,60,7,35,2,2026-02-24T10:56:56+00:00,2026-02-24T11:34:56+00:00,male,junior,Communications,Writing,experiment,1,19,2026-02-24T11:05:25+00:00,red,30,white,"[""white"", ""black"", ""black"", ""black"", ""white"", ""black"", ""black"", ""white"", ""white"", ""white"", ""white"", ""white"", ""black"", ""white"", ""black"", ""white"", ""white"", ""black"", ""white""]",19,45,7,4909,,,,,
SONA_0015,30,17,60,7,35,2,2026-02-24T10:56:56+00:00,2026-02-24T11:34:56+00:00,male,junior,Communications,Writing,experiment,1,20,2026-02-24T11:07:36+00:00,red,30,black,"[""white"", ""black"", ""black"", ""black"", ""white"", ""black"", ""black"", ""white"", ""white"", ""white"", ""white"", ""white"", ""black"", ""white"", ""black"", ""white"", ""white"", ""black"", ""white"", ""black""]",20,35,10,4033,,,,,
SONA_0015,30,17,60,7,35,2,2026-02-24T10:56:56+00:00,2026-02-24T11:34:56+00:00,male,junior,Communications,Writing,experiment,1,21,2026-02-24T11:06:50+00:00,red,30,white,"[""white"", ""black"", ""black"", ""black"", ""white"", ""black"", ""black"", ""white"", ""white"", ""white"", ""white"", ""white"", ""black"", ""white"", ""black"", ""white"", ""white"", ""black"", ""white"", ""black"", ""white""]",21,40,8,4257,,,,,
SONA_0015,30,17,60,7,35,2,2026-02-24T10:56:56+00:00,2026-02-24T11:34:56+00:00,male,junior,Communications,Writing,experiment,1,22,2026-02-24T11:05:58+00:00,red,30,white,"[""white"", ""black"", ""black"", ""black"", ""white"", ""black"", ""black"", ""white"", ""white"", ""white"", ""white"", ""white"", ""black"", ""white"", ""black"", ""white"", ""white"", ""black"", ""white"", ""black"", ""white"", ""white""]",22,45,8,3982,,,,,
SONA_0015,30,17,60,7,35,2,2026-02-24T10:56:56+00:00,2026-02-24T11:34:56+00:00,male,junior,Communications,Writing,experiment,1,23,2026-02-24T11:06:09+00:00,red,30,white,"[""white"", ""black"", ""black"", ""black"", ""white"", ""black"", ""black"", ""white"", ""white"", ""white"", ""white"", ""white"", ""black"", ""white"", ""black"", ""white"", ""white"", ""black"", ""white"", ""black"", ""white"", ""white"", ""white""]",23,35,9,4125,,,,,
SONA_0015,30,17,60,7,35,2,2026-02-24T10:56:56+00:00,2026-02-24T11:34:56+00:00,male,junior,Communications,Writing,experiment,1,24,2026-02-24T11:09:08+00:00,red,30,black,"[""white"", ""black"", ""black"", ""black"", ""white"", ""black"", ""black"", ""white"", ""white"", ""white"", ""white"", ""white"", ""black"", ""white"", ""black"", ""white"", ""white"", ""black"", ""white"", ""black"", ""white"", ""white"", ""white"", ""black""]",24,25,9,3299,,,,,
SONA_0015,30,17,60,7,35,2,2026-02-24T10:56:56+00:00,2026-02-24T11:34:56+00:00,male,junior,Communications,Writing,experiment,1,25,2026-02-24T11:06:56+00:00,red,30,white,"[""white"", ""black"", ""black"", ""black"", ""white"", ""black"", ""black"", ""white"", ""white"", ""white"", ""white"", ""white"", ""black"", ""white"", ""black"", ""white"", ""white"", ""black"", ""white"", ""black"", ""white"", ""white"", ""white"", ""black"", ""white""]",25,35,9,4383,,,,,
SONA_0015,30,17,60,7,35,2,2026-02-24T10:56:56+00:00,2026-02-24T11:34:56+00:00,male,junior,Communications,Writing,experiment,1,26,2026-02-24T11:06:42+00:00,red,30,white,"[""white"", ""black"", ""black"", ""black"", ""white"", ""black"", ""black"", ""white"", ""white"", ""white"", ""white"", ""white"", ""black"", ""white"", ""black"", ""white"", ""white"", ""black"", ""white"", ""black"", ""white"", ""white"", ""white"", ""black"", ""white"", ""white""]",26,30,10,4833,,,,,
SONA_0015,30,17,60,7,35,2,2026-02-24T10:56:56+00:00,2026-02-24T11:34:56+00:00,male,junior,Communications,Writing,experiment,1,27,2026-02-24T11:09:08+00:00,red,30,white,"[""white"", ""black"", ""black"", ""black"", ""white"", ""black"", ""black"", ""white"", ""white"", ""white"", ""white"", ""white"", ""black"", ""white"", ""black"", ""white"", ""white"", ""black"", ""white"", ""black"", ""white"", ""white"", ""white"", ""black"", ""white"", ""white"", ""white""]",27,50,10,4627,,,,,
SONA_0015,30,17,60,7,35,2,2026-02-24T10:56:56+00:00,2026-02-24T11:34:56+00:00,male,junior,Communications,Writing,experiment,1,28,2026-02-24T11:06:36+00:00,red,30,white,"[""white"", ""black"", ""black"", ""black"", ""white"", ""black"", ""black"", ""white"", ""white"", ""white"", ""white"", ""white"", ""black"", ""white"", ""black"", ""white"", ""white"", ""black"", ""white"", ""black"", ""white"", ""white"", ""white"", ""black"", ""white"", ""white"", ""white"", ""white""]",28,45,8,4664,,,,,
SONA_0015,30,17,60,7,35,2,2026-02-24T10:56:56+00:00,2026-02-24T11:34:56+00:00,male,junior,Communications,Writing,experiment,1,29,2026-02-24T11:07:44+00:00,red,30,black,"[""white"", ""black"", ""black"", ""black"", ""white"", ""black"", ""black"", ""white"", ""white"", ""white"", ""white"", ""white"", ""black"", ""white"", ""black"", ""white"", ""white"", ""black"", ""white"", ""black"", ""white"", ""white"", ""white"", ""black"", ""white"", ""white"", ""white"", ""white"", ""black""]",29,45,8,4126,,,,,
SONA_0015,30,17,60,7,35,2,2026-02-24T10:56:56+00:00,2026-02-24T11:34:56+00:00,male,junior,Communications,Writing,experiment,1,30,2026-02-24T11:06:26+00:00,red,30,white,"[""white"", ""black"", ""black"", ""black"", ""white"", ""black"", ""black"", ""white"", ""white"", ""white"", ""white"", ""white"", ""black"", ""white"", ""black"", ""white"", ""white"", ""black"", ""white"", ""black"", ""white"", ""white"", ""white"", ""black"", ""white"", ""white"", ""white"", ""white"", ""black"", ""white""]",30,45,8,4366,,,,,
SONA_0015,30,17,60,7,35,2,2026-02-24T10:56:56+00:00,2026-02-24T11:34:56+00:00,male,junior,Communications,Writing,experiment,1,31,2026-02-24T11:06:04+00:00,red,30,black,"[""white"", ""black"", ""black"", ""black"", ""white"", ""black"", ""black"", ""white"", ""white"", ""white"", ""white"", ""white"", ""black"", ""white"", ""black"", ""white"", ""white"", ""black"", ""white"", ""black"", ""white"", ""white"", ""white"", ""black"", ""white"", ""white"", ""white"", ""white"", ""black"", ""white"", ""black""]",31,35,8,4394,,,,,
SONA_0015,30,17,60,7,35,2,2026-02-24T10:56:56+00:00,2026-02-24T11:34:56+00:00,male,junior,Communications,Writing,experiment,1,32,2026-02-24T11:11:32+00:00,red,30,white,"[""white"", ""black"", ""black"", ""black"", ""white"", ""black"", ""black"", ""white"", ""white"", ""white"", ""white"", ""white"", ""black"", ""white"", ""black"", ""white"", ""white"", ""black"", ""white"", ""black"", ""white"", ""white"", ""white"", ""black"", ""white"", ""white"", ""white"", ""white"", ""black"", ""white"", ""black"", ""white""]",32,40,8,4532,,,,,
SONA_0015,30,17,60,7,35,2,2026-02-24T10:56:56+00:00,2026-02-24T11:34:56+00:00,male,junior,Communications,Writing,experiment,1,33,2026-02-24T11:09:38+00:00,red,30,white,"[""white"", ""black"", ""black"", ""black"", ""white"", ""black"", ""black"", ""white"", ""white"", ""white"", ""white"", ""white"", ""black"", ""white"", ""black"", ""white"", ""white"", ""black"", ""white"", ""black"", ""white"", ""white"", ""white"", ""black"", ""white"", ""white"", ""white"", ""white"", ""black"", ""white"", ""black"", ""white"", ""white""]",33,35,7,4034,,,,,
SONA_0015,30,17,60,7,35,2,2026-02-24T10:56:56+00:00,2026-02-24T11:34:56+00:00,male,junior,Communications,Writing,experiment,2,1,2026-02-24T11:15:05+00:00,green,17,white,"[""white""]",1,40,7,4580,,,,,
SONA_0015,30,17,60,7,35,2,2026-02-24T10:56:56+00:00,2026-02-24T11:34:56+00:00,male,junior,Communications,Writing,experiment,2,2,2026-02-24T11:15:22+00:00,green,17,black,"[""white"", ""black""]",2,25,7,4666,,,,,
SONA_0015,30,17,60,7,35,2,2026-02-24T10:56:56+00:00,2026-02-24T11:34:56+00:00,male,junior,Communications,Writing,experiment,2,3,2026-02-24T11:15:44+00:00,green,17,white,"[""white"", ""black"", ""white""]",3,30,7,4619,,,,,
SONA_0015,30,17,60,7,35,2,2026-02-24T10:56:56+00:00,2026-02-24T11:34:56+00:00,male,junior,Communications,Writing,experiment,2,4,2026-02-24T11:15:40+00:00,green,17,black,"[""white"", ""black"", ""white"", ""black""]",4,25,9,4807,,,,,
SONA_0015,30,17,60,7,35,2,2026-02-24T10:56:56+00:00,2026-02-24T11:34:56+00:00,male,junior,Communications,Writing,experiment,2,5,2026-02-24T11:15:56+00:00,green,17,white,"[""white"", ""black"", ""white"", ""black"", ""white""]",5,25,7,4496,,,,,
SONA_0015,30,17,60,7,35,2,2026-02-24T10:56:56+00:00,2026-02-24T11:34:56+00:00,male,junior,Communications,Writing,experiment,2,6,2026-02-24T11:16:32+00:00,green,17,white,"[""white"", ""black"", ""white"", ""black"", ""white"", ""white""]",6,35,9,3943,,,,,
SONA_0015,30,17,60,7,35,2,2026-02-24T10:56:56+00:00,2026-02-24T11:34:56+00:00,male,junior,Communications,Writing,experiment,2,7,2026-02-24T11:16:20+00:00,green,17,white,"[""white"", ""black"", ""white"", ""black"", ""white"", ""white"", ""white""]",7,35,7,4774,,,,,
SONA_0015,30,17,60,7,35,2,2026-02-24T10:56:56+00:00,2026-02-24T11:34:56+00:00,male,junior,Communications,Writing,experiment,2,8,2026-02-24T11:16:48+00:00,green,17,white,"[""white"", ""black"", ""white"", ""black"", ""white"", ""white"", ""white"", ""white""]",8,40,7,4204,,,,,
SONA_0015,30,17,60,7,35,2,2026-02-24T10:56:56+00:00,2026-02-24T11:34:56+00:00,male,junior,Communications,Writing,experiment,2,9,2026-02-24T11:17:20+00:00,green,17,white,"[""white"", ""black"", ""white"", ""black"", ""white"", ""white"", ""white"", ""white"", ""white""]",9,35,9,4907,,,,,
SONA_0015,30,17,60,7,35,2,2026-02-24T10:56:56+00:00,2026-02-24T11:34:56+00:00,male,junior,Communications,Writing,experiment,2,10,2026-02-24T11:17:36+00:00,green,17,white,"[""white"", ""black"", ""white"", ""black"", ""white"", ""white"", ""white"", ""white"", ""white"", ""white""]",10,40,7,5380,,,,,
SONA_0015,30,17,60,7,35,2,2026-02-24T10:56:56+00:00,2026-02-24T11:34:56+00:00,male,junior,Communications,Writing,experiment,2,11,2026-02-24T11:16:35+00:00,green,17,white,"[""white"", ""black"", ""white"", ""black"", ""white"", ""white"", ""white"", ""white"", ""white"", ""white"", ""white""]",11,45,9,4046,,,,,
SONA_0015,30,17,60,7,35,2,2026-02-24T10:56:56+00:00,2026-02-24T11:34:56+00:00,male,junior,Communications,Writing,experiment,2,12,2026-02-24T11:17:56+00:00,green,17,white,"[""white"", ""black"", ""white"", ""black"", ""white"", ""white"", ""white"", ""white"", ""white"", ""white"", ""white"", ""white""]",12,45,8,5583,,,,,
SONA_0015,30,17,60,7,35,2,2026-02-24T10:56:56+00:00,2026-02-24T11:34:56+00:00,male,junior,Communications,Writing,experiment,2,13,2026-02-24T11:17:32+00:00,green,17,white,"[""white"", ""black"", ""white"", ""black"", ""white"", ""white"", ""white"", ""white"", ""white"", ""white"", ""white"", ""white"", ""white""]",13,40,7,4328,,,,,
SONA_0015,30,17,60,7,35,2,2026-02-24T10:56:56+00:00,2026-02-24T11:34:56+00:00,male,junior,Communications,Writing,experiment,2,14,2026-02-24T11:18:12+00:00,green,17,white,"[""white"", ""black"", ""white"", ""black"", ""white"", ""white"", ""white"", ""white"", ""white"", ""white"", ""white"", ""white"", ""white"", ""white""]",14,50,8,4231,,,,,
SONA_0015,30,17,60,7,35,2,2026-02-24T10:56:56+00:00,2026-02-24T11:34:56+00:00,male,junior,Communications,Writing,experiment,2,15,2026-02-24T11:17:41+00:00,green,17,black,"[""white"", ""black"", ""white"", ""black"", ""white"", ""white"", ""white"", ""white"", ""white"", ""white"", ""white"", ""white"", ""white"", ""white"", ""black""]",15,40,7,4005,,,,,
SONA_0015,30,17,60,7,35,2,2026-02-24T10:56:56+00:00,2026-02-24T11:34:56+00:00,male,junior,Communications,Writing,experiment,2,16,2026-02-24T11:18:24+00:00,green,17,white,"[""white"", ""black"", ""white"", ""black"", ""white"", ""white"", ""white"", ""white"", ""white"", ""white"", ""white"", ""white"", ""white"", ""white"", ""black"", ""white""]",16,45,5,4586,,,,,
SONA_0015,30,17,60,7,35,2,2026-02-24T10:56:56+00:00,2026-02-24T11:34:56+00:00,male,junior,Communications,Writing,experiment,2,17,2026-02-24T11:18:54+00:00,green,17,white,"[""white"", ""black"", ""white"", ""black"", ""white"", ""white"", ""white"", ""white"", ""white"", ""white"", ""white"", ""white"", ""white"", ""white"", ""black"", ""white"", ""white""]",17,40,9,4544,,,,,
SONA_0015,30,17,60,7,35,2,2026-02-24T10:56:56+00:00,2026-02-24T11:34:56+00:00,male,junior,Communications,Writing,experiment,2,18,2026-02-24T11:19:08+00:00,green,17,black,"[""white"", ""black"", ""white"", ""black"", ""white"", ""white"", ""white"", ""white"", ""white"", ""white"", ""white"", ""white"", ""white"", ""white"", ""black"", ""white"", ""white"", ""black""]",18,35,8,4914,,,,,
SONA_0015,30,17,60,7,35,2,2026-02-24T10:56:56+00:00,2026-02-24T11:34:56+00:00,male,junior,Communications,Writing,experiment,2,19,2026-02-24T11:18:25+00:00,green,17,white,"[""white"", ""black"", ""white"", ""black"", ""white"", ""white"", ""white"", ""white"", ""white"", ""white"", ""white"", ""white"", ""white"", ""white"", ""black"", ""white"", ""white"", ""black"", ""white""]",19,45,5,4959,,,,,
SONA_0015,30,17,60,7,35,2,2026-02-24T10:56:56+00:00,2026-02-24T11:34:56+00:00,male,junior,Communications,Writing,experiment,2,20,2026-02-24T11:18:16+00:00,green,17,white,"[""white"", ""black"", ""white"", ""black"", ""white"", ""white"", ""white"", ""white"", ""white"", ""white"", ""white"", ""white"", ""white"", ""white"", ""black"", ""white"", ""white"", ""black"", ""white"", ""white""]",20,40,9,4353,,,,,
SONA_0015,30,17,60,7,35,2,2026-02-24T10:56:56+00:00,2026-02-24T11:34:56+00:00,male,junior,Communications,Writing,experiment,2,21,2026-02-24T11:18:05+00:00,green,17,white,"[""white"", ""black"", ""white"", ""black"", ""white"", ""white"", ""white"", ""white"", ""white"", ""white"", ""white"", ""white"", ""white"", ""white"", ""black"", ""white"", ""white"", ""black"", ""white"", ""white"", ""white""]",21,45,7,4353,,,,,
SONA_0015,30,17,60,7,35,2,2026-02-24T10:56:56+00:00,2026-02-24T11:34:56+00:00,male,junior,Communications,Writing,experiment,2,22,2026-02-24T11:17:52+00:00,green,17,white,"[""white"", ""black"", ""white"", ""black"", ""white"", ""white"", ""white"", ""white"", ""white"", ""white"", ""white"", ""white"", ""white"", ""white"", ""black"", ""white"", ""white"", ""black"", ""white"", ""white"", ""white"", ""white""]",22,55,8,4602,,,,,
SONA_0015,30,17,60,7,35,2,2026-02-24T10:56:56+00:00,2026-02-24T11:34:56+00:00,male,junior,Communications,Writing,experiment,2,23,2026-02-24T11:19:55+00:00,green,17,black,"[""white"", ""black"", ""white"", ""black"", ""white"", ""white"", ""white"", ""white"", ""white"", ""white"", ""white"", ""white"", ""white"", ""white"", ""black"", ""white"", ""white"", ""black"", ""white"", ""white"", ""white"", ""white"", ""black""]",23,45,10,5308,,,,,
SONA_0015,30,17,60,7,35,2,2026-02-24T10:56:56+00:00,2026-02-24T11:34:56+00:00,male,junior,Communications,Writing,experiment,2,24,2026-02-24T11:18:32+00:00,green,17,white,"[""white"", ""black"", ""white"", ""black"", ""white"", ""white"", ""white"", ""white"", ""white"", ""white"", ""white"", ""white"", ""white"", ""white"", ""black"", ""white"", ""white"", ""black"", ""white"", ""white"", ""white"", ""white"", ""black"", ""white""]",24,40,9,4019,,,,,
SONA_0015,30,17,60,7,35,2,2026-02-24T10:56:56+00:00,2026-02-24T11:34:56+00:00,male,junior,Communications,Writing,experiment,2,25,2026-02-24T11:18:41+00:00,green,17,black,"[""white"", ""black"", ""white"", ""black"", ""white"", ""white"", ""white"", ""white"", ""white"", ""white"", ""white"", ""white"", ""white"", ""white"", ""black"", ""white"", ""white"", ""black"", ""white"", ""white"", ""white"", ""white"", ""black"", ""white"", ""black""]",25,30,8,5005,,,,,
SONA_0015,30,17,60,7,35,2,2026-02-24T10:56:56+00:00,2026-02-24T11:34:56+00:00,male,junior,Communications,Writing,experiment,2,26,2026-02-24T11:21:26+00:00,green,17,white,"[""white"", ""black"", ""white"", ""black"", ""white"", ""white"", ""white"", ""white"", ""white"", ""white"", ""white"", ""white"", ""white"", ""white"", ""black"", ""white"", ""white"", ""black"", ""white"", ""white"", ""white"", ""white"", ""black"", ""white"", ""black"", ""white""]",26,35,9,4300,,,,,
SONA_0015,30,17,60,7,35,2,2026-02-24T10:56:56+00:00,2026-02-24T11:34:56+00:00,male,junior,Communications,Writing,experiment,2,27,2026-02-24T11:22:08+00:00,green,17,white,"[""white"", ""black"", ""white"", ""black"", ""white"", ""white"", ""white"", ""white"", ""white"", ""white"", ""white"", ""white"", ""white"", ""white"", ""black"", ""white"", ""white"", ""black"", ""white"", ""white"", ""white"", ""white"", ""black"", ""white"", ""black"", ""white"", ""white""]",27,35,8,4572,,,,,
SONA_0015,30,17,60,7,35,2,2026-02-24T10:56:56+00:00,2026-02-24T11:34:56+00:00,male,junior,Communications,Writing,experiment,2,28,2026-02-24T11:18:40+00:00,green,17,white,"[""white"", ""black"", ""white"", ""black"", ""white"", ""white"", ""white"", ""white"", ""white"", ""white"", ""white"", ""white"", ""white"", ""white"", ""black"", ""white"", ""white"", ""black"", ""white"", ""white"", ""white"", ""white"", ""black"", ""white"", ""black"", ""white"", ""white"", ""white""]",28,50,8,4195,,,,,
SONA_0015,30,17,60,7,35,2,2026-02-24T10:56:56+00:00,2026-02-24T11:34:56+00:00,male,junior,Communications,Writing,experiment,2,29,2026-02-24T11:22:11+00:00,green,17,black,"[""white"", ""black"", ""white"", ""black"", ""white"", ""white"", ""white"", ""white"", ""white"", ""white"", ""white"", ""white"", ""white"", ""white"", ""black"", ""white"", ""white"", ""black"", ""white"", ""white"", ""white"", ""white"", ""black"", ""white"", ""black"", ""white"", ""white"", ""white"", ""black""]",29,35,9,3946,,,,,
SONA_0015,30,17,60,7,35,2,2026-02-24T10:56:56+00:00,2026-02-24T11:34:56+00:00,male,junior,Communications,Writing,experiment,2,30,2026-02-24T11:20:56+00:00,green,17,white,"[""white"", ""black"", ""white"", ""black"", ""white"", ""white"", ""white"", ""white"", ""white"", ""white"", ""white"", ""white"", ""white"", ""white"", ""black"", ""white"", ""white"", ""black"", ""white"", ""white"", ""white"", ""white"", ""black"", ""white"", ""black"", ""white"", ""white"", ""white"", ""black"", ""white""]",30,35,8,4435,,,,,
SONA_0015,30,17,60,7,35,2,2026-02-24T10:56:56+00:00,2026-02-24T11:34:56+00:00,male,junior,Communications,Writing,experiment,2,31,2026-02-24T11:19:04+00:00,green,17,black,"[""white"", ""black"", ""white"", ""black"", ""white"", ""white"", ""white"", ""white"", ""white"", ""white"", ""white"", ""white"", ""white"", ""white"", ""black"", ""white"", ""white"", ""black"", ""white"", ""white"", ""white"", ""white"", ""black"", ""white"", ""black"", ""white"", ""white"", ""white"", ""black"", ""white"", ""black""]",31,35,9,4663,,,,,
SONA_0015,30,17,60,7,35,2,2026-02-24T10:56:56+00:00,2026-02-24T11:34:56+00:00,male,junior,Communications,Writing,experiment,2,32,2026-02-24T11:20:48+00:00,green,17,white,"[""white"", ""black"", ""white"", ""black"", ""white"", ""white"", ""white"", ""white"", ""white"", ""white"", ""white"", ""white"", ""white"", ""white"", ""black"", ""white"", ""white"", ""black"", ""white"", ""white"", ""white"", ""white"", ""black"", ""white"", ""black"", ""white"", ""white"", ""white"", ""black"", ""white"", ""black"", ""white""]",32,35,8,4919,,,,,
SONA_0015,30,17,60,7,35,2,2026-02-24T10:56:56+00:00,2026-02-24T11:34:56+00:00,male,junior,Communications,Writing,experiment,2,33,2026-02-24T11:20:26+00:00,green,17,white,"[""white"", ""black"", ""white"", ""black"", ""white"", ""white"", ""white"", ""white"", ""white"", ""white"", ""white"", ""white"", ""white"", ""white"", ""black"", ""white"", ""white"", ""black"", ""white"", ""white"", ""white"", ""white"", ""black"", ""white"", ""black"", ""white"", ""white"", ""white"", ""black"", ""white"", ""black"", ""white"", ""white""]",33,30,10,4134,,,,,
SONA_0015,30,17,60,7,35,2,2026-02-24T10:56:56+00:00,2026-02-24T11:34:56+00:00,male,junior,Communications,Writing,experiment,3,1,2026-02-24T11:27:10+00:00,red,30,white,"[""white""]",1,35,6,5344,,,,,
SONA_0015,30,17,60,7,35,2,2026-02-24T10:56:56+00:00,2026-02-24T11:34:56+00:00,male,junior,Communications,Writing,experiment,3,2,2026-02-24T11:27:18+00:00,red,30,white,"[""white"", ""white""]",2,35,10,5251,,,,,
SONA_0015,30,17,60,7,35,2,2026-02-24T10:56:56+00:00,2026-02-24T11:34:56+00:00,male,junior,Communications,Writing,experiment,3,3,2026-02-24T11:27:23+00:00,red,30,black,"[""white"", ""white"", ""black""]",3,30,7,5319,,,,,
SONA_0015,30,17,60,7,35,2,2026-02-24T10:56:56+00:00,2026-02-24T11:34:56+00:00,male,junior,Communications,Writing,experiment,3,4,2026-02-24T11:27:36+00:00,red,30,black,"[""white"", ""white"", ""black"", ""black""]",4,30,8,5021,,,,,
SONA_0015,30,17,60,7,35,2,2026-02-24T10:56:56+00:00,2026-02-24T11:34:56+00:00,male,junior,Communications,Writing,experiment,3,5,2026-02-24T11:28:11+00:00,red,30,black,"[""white"", ""white"", ""black"", ""black"", ""black""]",5,30,9,5079,,,,,
SONA_0015,30,17,60,7,35,2,2026-02-24T10:56:56+00:00,2026-02-24T11:34:56+00:00,male,junior,Communications,Writing,experiment,3,6,2026-02-24T11:27:56+00:00,red,30,white,"[""white"", ""white"", ""black"", ""black"", ""black"", ""white""]",6,35,7,5031,,,,,
SONA_0015,30,17,60,7,35,2,2026-02-24T10:56:56+00:00,2026-02-24T11:34:56+00:00,male,junior,Communications,Writing,experiment,3,7,2026-02-24T11:28:20+00:00,red,30,white,"[""white"", ""white"", ""black"", ""black"", ""black"", ""white"", ""white""]",7,40,7,4291,,,,,
SONA_0015,30,17,60,7,35,2,2026-02-24T10:56:56+00:00,2026-02-24T11:34:56+00:00,male,junior,Communications,Writing,experiment,3,8,2026-02-24T11:28:40+00:00,red,30,white,"[""white"", ""white"", ""black"", ""black"", ""black"", ""white"", ""white"", ""white""]",8,25,8,4649,,,,,
SONA_0015,30,17,60,7,35,2,2026-02-24T10:56:56+00:00,2026-02-24T11:34:56+00:00,male,junior,Communications,Writing,experiment,3,9,2026-02-24T11:28:26+00:00,red,30,white,"[""white"", ""white"", ""black"", ""black"", ""black"", ""white"", ""white"", ""white"", ""white""]",9,35,8,4809,,,,,
SONA_0015,30,17,60,7,35,2,2026-02-24T10:56:56+00:00,2026-02-24T11:34:56+00:00,male,junior,Communications,Writing,experiment,3,10,2026-02-24T11:29:16+00:00,red,30,white,"[""white"", ""white"", ""black"", ""black"", ""black"", ""white"", ""white"", ""white"", ""white"", ""white""]",10,35,9,4291,,,,,
SONA_0015,30,17,60,7,35,2,2026-02-24T10:56:56+00:00,2026-02-24T11:34:56+00:00,male,junior,Communications,Writing,experiment,3,11,2026-02-24T11:28:46+00:00,red,30,white,"[""white"", ""white"", ""black"", ""black"", ""black"", ""white"", ""white"", ""white"", ""white"", ""white"", ""white""]",11,45,7,4144,,,,,
SONA_0015,30,17,60,7,35,2,2026-02-24T10:56:56+00:00,2026-02-24T11:34:56+00:00,male,junior,Communications,Writing,experiment,3,12,2026-02-24T11:29:44+00:00,red,30,white,"[""white"", ""white"", ""black"", ""black"", ""black"", ""white"", ""white"", ""white"", ""white"", ""white"", ""white"", ""white""]",12,40,10,4004,,,,,
SONA_0015,30,17,60,7,35,2,2026-02-24T10:56:56+00:00,2026-02-24T11:34:56+00:00,male,junior,Communications,Writing,experiment,3,13,2026-02-24T11:29:06+00:00,red,30,black,"[""white"", ""white"", ""black"", ""black"", ""black"", ""white"", ""white"", ""white"", ""white"", ""white"", ""white"", ""white"", ""black""]",13,30,8,4504,,,,,
SONA_0015,30,17,60,7,35,2,2026-02-24T10:56:56+00:00,2026-02-24T11:34:56+00:00,male,junior,Communications,Writing,experiment,3,14,2026-02-24T11:30:26+00:00,red,30,white,"[""white"", ""white"", ""black"", ""black"", ""black"", ""white"", ""white"", ""white"", ""white"", ""white"", ""white"", ""white"", ""black"", ""white""]",14,35,8,4447,,,,,
SONA_0015,30,17,60,7,35,2,2026-02-24T10:56:56+00:00,2026-02-24T11:34:56+00:00,male,junior,Communications,Writing,experiment,3,15,2026-02-24T11:31:11+00:00,red,30,white,"[""white"", ""white"", ""black"", ""black"", ""black"", ""white"", ""white"", ""white"", ""white"", ""white"", ""white"", ""white"", ""black"", ""white"", ""white""]",15,40,7,4458,,,,,
SONA_0015,30,17,60,7,35,2,2026-02-24T10:56:56+00:00,2026-02-24T11:34:56+00:00,male,junior,Communications,Writing,experiment,3,16,2026-02-24T11:31:28+00:00,red,30,black,"[""white"", ""white"", ""black"", ""black"", ""black"", ""white"", ""white"", ""white"", ""white"", ""white"", ""white"", ""white"", ""black"", ""white"", ""white"", ""black""]",16,40,9,4237,,,,,
SONA_0015,30,17,60,7,35,2,2026-02-24T10:56:56+00:00,2026-02-24T11:34:56+00:00,male,junior,Communications,Writing,experiment,3,17,2026-02-24T11:31:45+00:00,red,30,white,"[""white"", ""white"", ""black"", ""black"", ""black"", ""white"", ""white"", ""white"", ""white"", ""white"", ""white"", ""white"", ""black"", ""white"", ""white"", ""black"", ""white""]",17,35,9,4511,,,,,
SONA_0015,30,17,60,7,35,2,2026-02-24T10:56:56+00:00,2026-02-24T11:34:56+00:00,male,junior,Communications,Writing,experiment,3,18,2026-02-24T11:30:14+00:00,red,30,white,"[""white"", ""white"", ""black"", ""black"", ""black"", ""white"", ""white"", ""white"", ""white"", ""white"", ""white"", ""white"", ""black"", ""white"", ""white"", ""black"", ""white"", ""white""]",18,40,8,5128,,,,,
SONA_0015,30,17,60,7,35,2,2026-02-24T10:56:56+00:00,2026-02-24T11:34:56+00:00,male,junior,Communications,Writing,experiment,3,19,2026-02-24T11:30:44+00:00,red,30,black,"[""white"", ""white"", ""black"", ""black"", ""black"", ""white"", ""white"", ""white"", ""white"", ""white"", ""white"", ""white"", ""black"", ""white"", ""white"", ""black"", ""white"", ""white"", ""black""]",19,40,8,5073,,,,,
SONA_0015,30,17,60,7,35,2,2026-02-24T10:56:56+00:00,2026-02-24T11:34:56+00:00,male,junior,Communications,Writing,experiment,3,20,2026-02-24T11:30:16+00:00,red,30,white,"[""white"", ""white"", ""black"", ""black"", ""black"", ""white"", ""white"", ""white"", ""white"", ""white"", ""white"", ""white"", ""black"", ""white"", ""white"", ""black"", ""white"", ""white"", ""black"", ""white""]",20,35,9,4836,,,,,
SONA_0015,30,17,60,7,35,2,2026-02-24T10:56:56+00:00,2026-02-24T11:34:56+00:00,male,junior,Communications,Writing,experiment,3,21,2026-02-24T11:31:29+00:00,red,30,black,"[""white"", ""white"", ""black"", ""black"", ""black"", ""white"", ""white"", ""white"", ""white"", ""white"", ""white"", ""white"", ""black"", ""white"", ""white"", ""black"", ""white"", ""white"", ""black"", ""white"", ""black""]",21,35,8,5109,,,,,
SONA_0015,30,17,60,7,35,2,2026-02-24T10:56:56+00:00,2026-02-24T11:34:56+00:00,male,junior,Communications,Writing,experiment,3,22,2026-02-24T11:31:20+00:00,red,30,black,"[""white"", ""white"", ""black"", ""black"", ""black"", ""white"", ""white"", ""white"", ""white"", ""white"", ""white"", ""white"", ""black"", ""white"", ""white"", ""black"", ""white"", ""white"", ""black"", ""white"", ""black"", ""black""]",22,30,8,4133,,,,,
SONA_0015,30,17,60,7,35,2,2026-02-24T10:56:56+00:00,2026-02-24T11:34:56+00:00,male,junior,Communications,Writing,experiment,3,23,2026-02-24T11:32:41+00:00,red,30,black,"[""white"", ""white"", ""black"", ""black"", ""black"", ""white"", ""white"", ""white"", ""white"", ""white"", ""white"", ""white"", ""black"", ""white"", ""white"", ""black"", ""white"", ""white"", ""black"", ""white"", ""black"", ""black"", ""black""]",23,25,10,4173,,,,,
SONA_0015,30,17,60,7,35,2,2026-02-24T10:56:56+00:00,2026-02-24T11:34:56+00:00,male,junior,Communications,Writing,experiment,3,24,2026-02-24T11:31:44+00:00,red,30,white,"[""white"", ""white"", ""black"", ""black"", ""black"", ""white"", ""white"", ""white"", ""white"", ""white"", ""white"", ""white"", ""black"", ""white"", ""white"", ""black"", ""white"", ""white"", ""black"", ""white"", ""black"", ""black"", ""black"", ""white""]",24,40,8,4202,,,,,
SONA_0015,30,17,60,7,35,2,2026-02-24T10:56:56+00:00,2026-02-24T11:34:56+00:00,male,junior,Communications,Writing,experiment,3,25,2026-02-24T11:30:16+00:00,red,30,white,"[""white"", ""white"", ""black"", ""black"", ""black"", ""white"", ""white"", ""white"", ""white"", ""white"", ""white"", ""white"", ""black"", ""white"", ""white"", ""black"", ""white"", ""white"", ""black"", ""white"", ""black"", ""black"", ""black"", ""white"", ""white""]",25,35,10,4870,,,,,
SONA_0015,30,17,60,7,35,2,2026-02-24T10:56:56+00:00,2026-02-24T11:34:56+00:00,male,junior,Communications,Writing,experiment,3,26,2026-02-24T11:34:44+00:00,red,30,white,"[""white"", ""white"", ""black"", ""black"", ""black"", ""white"", ""white"", ""white"", ""white"", ""white"", ""white"", ""white"", ""black"", ""white"", ""white"", ""black"", ""white"", ""white"", ""black"", ""white"", ""black"", ""black"", ""black"", ""white"", ""white"", ""white""]",26,25,10,4150,,,,,
SONA_0015,30,17,60,7,35,2,2026-02-24T10:56:56+00:00,2026-02-24T11:34:56+00:00,male,junior,Communications,Writing,experiment,3,27,2026-02-24T11:35:02+00:00,red,30,white,"[""white"", ""white"", ""black"", ""black"", ""black"", ""white"", ""white"", ""white"", ""white"", ""white"", ""white"", ""white"", ""black"", ""white"", ""white"", ""black"", ""white"", ""white"", ""black"", ""white"", ""black"", ""black"", ""black"", ""white"", ""white"", ""white"", ""white""]",27,30,9,4925,,,,,
SONA_0015,30,17,60,7,35,2,2026-02-24T10:56:56+00:00,2026-02-24T11:34:56+00:00,male,junior,Communications,Writing,experiment,3,28,2026-02-24T11:34:52+00:00,red,30,white,"[""white"", ""white"", ""black"", ""black"", ""black"", ""white"", ""white"", ""white"", ""white"", ""white"", ""white"", ""white"", ""black"", ""white"", ""white"", ""black"", ""white"", ""white"", ""black"", ""white"", ""black"", ""black"", ""black"", ""white"", ""white"", ""white"", ""white"", ""white""]",28,25,10,3950,,,,,
SONA_0015,30,17,60,7,35,2,2026-02-24T10:56:56+00:00,2026-02-24T11:34:56+00:00,male,junior,Communications,Writing,experiment,3,29,2026-02-24T11:31:46+00:00,red,30,black,"[""white"", ""white"", ""black"", ""black"", ""black"", ""white"", ""white"", ""white"", ""white"", ""white"", ""white"", ""white"", ""black"", ""white"", ""white"", ""black"", ""white"", ""white"", ""black"", ""white"", ""black"", ""black"", ""black"", ""white"", ""white"", ""white"", ""white"", ""white"", ""black""]",29,35,9,4503,,,,,
SONA_0015,30,17,60,7,35,2,2026-02-24T10:56:56+00:00,2026-02-24T11:34:56+00:00,male,junior,Communications,Writing,experiment,3,30,2026-02-24T11:34:26+00:00,red,30,white,"[""white"", ""white"", ""black"", ""black"", ""black"", ""white"", ""white"", ""white"", ""white"", ""white"", ""white"", ""white"", ""black"", ""white"", ""white"", ""black"", ""white"", ""white"", ""black"", ""white"", ""black"", ""black"", ""black"", ""white"", ""white"", ""white"", ""white"", ""white"", ""black"", ""white""]",30,35,8,4198,,,,,
SONA_0015,30,17,60,7,35,2,2026-02-24T10:56:56+00:00,2026-02-24T11:34:56+00:00,male,junior,Communications,Writing,experiment,3,31,2026-02-24T11:34:41+00:00,red,30,white,"[""white"", ""white"", ""black"", ""black"", ""black"", ""white"", ""white"", ""white"", ""white"", ""white"", ""white"", ""white"", ""black"", ""white"", ""white"", ""black"", ""white"", ""white"", ""black"", ""white"", ""black"", ""black"", ""black"", ""white"", ""white"", ""white"", ""white"", ""white"", ""black"", ""white"", ""white""]",31,40,8,3952,,,,,
SONA_0015,30,17,60,7,35,2,2026-02-24T10:56:56+00:00,2026-02-24T11:34:56+00:00,male,junior,Communications,Writing,experiment,3,32,2026-02-24T11:35:28+00:00,red,30,white,"[""white"", ""white"", ""black"", ""black"", ""black"", ""white"", ""white"", ""white"", ""white"", ""white"", ""white"", ""white"", ""black"", ""white"", ""white"", ""black"", ""white"", ""white"", ""black"", ""white"", ""black"", ""black"", ""black"", ""white"", ""white"", ""white"", ""white"", ""white"", ""black"", ""white"", ""white"", ""white""]",32,35,9,3514,,,,,
SONA_0015,30,17,60,7,35,2,2026-02-24T10:56:56+00:00,2026-02-24T11:34:56+00:00,male,junior,Communications,Writing,experiment,3,33,2026-02-24T11:36:50+00:00,red,30,white,"[""white"", ""white"", ""black"", ""black"", ""black"", ""white"", ""white"", ""white"", ""white"", ""white"", ""white"", ""white"", ""black"", ""white"", ""white"", ""black"", ""white"", ""white"", ""black"", ""white"", ""black"", ""black"", ""black"", ""white"", ""white"", ""white"", ""white"", ""white"", ""black"", ""white"", ""white"", ""white"", ""white""]",33,20,10,4004,,,,,
SONA_0016,4,42,55,1,60,5,2026-02-24T11:17:42+00:00,2026-02-24T11:53:42+00:00,male,sophomore,Economics,Psychology,experiment,1,1,2026-02-24T11:20:53+00:00,red,4,white,"[""white""]",1,70,5,3598,,,,,
SONA_0016,4,42,55,1,60,5,2026-02-24T11:17:42+00:00,2026-02-24T11:53:42+00:00,male,sophomore,Economics,Psychology,experiment,1,2,2026-02-24T11:21:10+00:00,red,4,white,"[""white"", ""white""]",2,80,4,3841,,,,,
SONA_0016,4,42,55,1,60,5,2026-02-24T11:17:42+00:00,2026-02-24T11:53:42+00:00,male,sophomore,Economics,Psychology,experiment,1,3,2026-02-24T11:21:15+00:00,red,4,white,"[""white"", ""white"", ""white""]",3,70,5,4324,,,,,
SONA_0016,4,42,55,1,60,5,2026-02-24T11:17:42+00:00,2026-02-24T11:53:42+00:00,male,sophomore,Economics,Psychology,experiment,1,4,2026-02-24T11:21:22+00:00,red,4,white,"[""white"", ""white"", ""white"", ""white""]",4,80,7,3984,,,,,
SONA_0016,4,42,55,1,60,5,2026-02-24T11:17:42+00:00,2026-02-24T11:53:42+00:00,male,sophomore,Economics,Psychology,experiment,1,5,2026-02-24T11:21:22+00:00,red,4,white,"[""white"", ""white"", ""white"", ""white"", ""white""]",5,90,6,3178,,,,,
SONA_0016,4,42,55,1,60,5,2026-02-24T11:17:42+00:00,2026-02-24T11:53:42+00:00,male,sophomore,Economics,Psychology,experiment,1,6,2026-02-24T11:21:54+00:00,red,4,white,"[""white"", ""white"", ""white"", ""white"", ""white"", ""white""]",6,100,7,2975,,,,,
SONA_0016,4,42,55,1,60,5,2026-02-24T11:17:42+00:00,2026-02-24T11:53:42+00:00,male,sophomore,Economics,Psychology,experiment,1,7,2026-02-24T11:21:38+00:00,red,4,white,"[""white"", ""white"", ""white"", ""white"", ""white"", ""white"", ""white""]",7,85,5,3530,,,,,
SONA_0016,4,42,55,1,60,5,2026-02-24T11:17:42+00:00,2026-02-24T11:53:42+00:00,male,sophomore,Economics,Psychology,experiment,1,8,2026-02-24T11:21:54+00:00,red,4,white,"[""white"", ""white"", ""white"", ""white"", ""white"", ""white"", ""white"", ""white""]",8,100,8,3003,,,,,
SONA_0016,4,42,55,1,60,5,2026-02-24T11:17:42+00:00,2026-02-24T11:53:42+00:00,male,sophomore,Economics,Psychology,experiment,1,9,2026-02-24T11:21:54+00:00,red,4,white,"[""white"", ""white"", ""white"", ""white"", ""white"", ""white"", ""white"", ""white"", ""white""]",9,100,9,3244,,,,,
SONA_0016,4,42,55,1,60,5,2026-02-24T11:17:42+00:00,2026-02-24T11:53:42+00:00,male,sophomore,Economics,Psychology,experiment,1,10,2026-02-24T11:23:22+00:00,red,4,white,"[""white"", ""white"", ""white"", ""white"", ""white"", ""white"", ""white"", ""white"", ""white"", ""white""]",10,100,7,3555,,,,,
SONA_0016,4,42,55,1,60,5,2026-02-24T11:17:42+00:00,2026-02-24T11:53:42+00:00,male,sophomore,Economics,Psychology,experiment,1,11,2026-02-24T11:22:10+00:00,red,4,white,"[""white"", ""white"", ""white"", ""white"", ""white"", ""white"", ""white"", ""white"", ""white"", ""white"", ""white""]",11,90,5,3060,,,,,
SONA_0016,4,42,55,1,60,5,2026-02-24T11:17:42+00:00,2026-02-24T11:53:42+00:00,male,sophomore,Economics,Psychology,experiment,1,12,2026-02-24T11:22:18+00:00,red,4,white,"[""white"", ""white"", ""white"", ""white"", ""white"", ""white"", ""white"", ""white"", ""white"", ""white"", ""white"", ""white""]",12,100,7,3439,,,,,
SONA_0016,4,42,55,1,60,5,2026-02-24T11:17:42+00:00,2026-02-24T11:53:42+00:00,male,sophomore,Economics,Psychology,experiment,1,13,2026-02-24T11:22:26+00:00,red,4,white,"[""white"", ""white"", ""white"", ""white"", ""white"", ""white"", ""white"", ""white"", ""white"", ""white"", ""white"", ""white"", ""white""]",13,100,8,3188,,,,,
SONA_0016,4,42,55,1,60,5,2026-02-24T11:17:42+00:00,2026-02-24T11:53:42+00:00,male,sophomore,Economics,Psychology,experiment,1,14,2026-02-24T11:23:16+00:00,red,4,white,"[""white"", ""white"", ""white"", ""white"", ""white"", ""white"", ""white"", ""white"", ""white"", ""white"", ""white"", ""white"", ""white"", ""white""]",14,95,6,2803,,,,,
SONA_0016,4,42,55,1,60,5,2026-02-24T11:17:42+00:00,2026-02-24T11:53:42+00:00,male,sophomore,Economics,Psychology,experiment,1,15,2026-02-24T11:24:42+00:00,red,4,white,"[""white"", ""white"", ""white"", ""white"", ""white"", ""white"", ""white"", ""white"", ""white"", ""white"", ""white"", ""white"", ""white"", ""white"", ""white""]",15,70,5,3231,,,,,
SONA_0016,4,42,55,1,60,5,2026-02-24T11:17:42+00:00,2026-02-24T11:53:42+00:00,male,sophomore,Economics,Psychology,experiment,1,16,2026-02-24T11:24:42+00:00,red,4,white,"[""white"", ""white"", ""white"", ""white"", ""white"", ""white"", ""white"", ""white"", ""white"", ""white"", ""white"", ""white"", ""white"", ""white"", ""white"", ""white""]",16,85,5,2622,,,,,
SONA_0016,4,42,55,1,60,5,2026-02-24T11:17:42+00:00,2026-02-24T11:53:42+00:00,male,sophomore,Economics,Psychology,experiment,1,17,2026-02-24T11:24:57+00:00,red,4,white,"[""white"", ""white"", ""white"", ""white"", ""white"", ""white"", ""white"", ""white"", ""white"", ""white"", ""white"", ""white"", ""white"", ""white"", ""white"", ""white"", ""white""]",17,100,9,2713,,,,,
SONA_0016,4,42,55,1,60,5,2026-02-24T11:17:42+00:00,2026-02-24T11:53:42+00:00,male,sophomore,Economics,Psychology,experiment,1,18,2026-02-24T11:25:30+00:00,red,4,white,"[""white"", ""white"", ""white"", ""white"", ""white"", ""white"", ""white"", ""white"", ""white"", ""white"", ""white"", ""white"", ""white"", ""white"", ""white"", ""white"", ""white"", ""white""]",18,95,7,3226,,,,,
SONA_0016,4,42,55,1,60,5,2026-02-24T11:17:42+00:00,2026-02-24T11:53:42+00:00,male,sophomore,Economics,Psychology,experiment,1,19,2026-02-24T11:25:08+00:00,red,4,white,"[""white"", ""white"", ""white"", ""white"", ""white"", ""white"", ""white"", ""white"", ""white"", ""white"", ""white"", ""white"", ""white"", ""white"", ""white"", ""white"", ""white"", ""white"", ""white""]",19,100,9,2837,,,,,
SONA_0016,4,42,55,1,60,5,2026-02-24T11:17:42+00:00,2026-02-24T11:53:42+00:00,male,sophomore,Economics,Psychology,experiment,1,20,2026-02-24T11:25:42+00:00,red,4,white,"[""white"", ""white"", ""white"", ""white"", ""white"", ""white"", ""white"", ""white"", ""white"", ""white"", ""white"", ""white"", ""white"", ""white"", ""white"", ""white"", ""white"", ""white"", ""white"", ""white""]",20,100,7,3022,,,,,
SONA_0016,4,42,55,1,60,5,2026-02-24T11:17:42+00:00,2026-02-24T11:53:42+00:00,male,sophomore,Economics,Psychology,experiment,1,21,2026-02-24T11:23:30+00:00,red,4,white,"[""white"", ""white"", ""white"", ""white"", ""white"", ""white"", ""white"", ""white"", ""white"", ""white"", ""white"", ""white"", ""white"", ""white"", ""white"", ""white"", ""white"", ""white"", ""white"", ""white"", ""white""]",21,100,6,3015,,,,,
SONA_0016,4,42,55,1,60,5,2026-02-24T11:17:42+00:00,2026-02-24T11:53:42+00:00,male,sophomore,Economics,Psychology,experiment,1,22,2026-02-24T11:23:38+00:00,red,4,white,"[""white"", ""white"", ""white"", ""white"", ""white"", ""white"", ""white"", ""white"", ""white"", ""white"", ""white"", ""white"", ""white"", ""white"", ""white"", ""white"", ""white"", ""white"", ""white"", ""white"", ""white"", ""white""]",22,95,8,2892,,,,,
SONA_0016,4,42,55,1,60,5,2026-02-24T11:17:42+00:00,2026-02-24T11:53:42+00:00,male,sophomore,Economics,Psychology,experiment,1,23,2026-02-24T11:25:18+00:00,red,4,white,"[""white"", ""white"", ""white"", ""white"", ""white"", ""white"", ""white"", ""white"", ""white"", ""white"", ""white"", ""white"", ""white"", ""white"", ""white"", ""white"", ""white"", ""white"", ""white"", ""white"", ""white"", ""white"", ""white""]",23,100,8,2833,,,,,
SONA_0016,4,42,55,1,60,5,2026-02-24T11:17:42+00:00,2026-02-24T11:53:42+00:00,male,sophomore,Economics,Psychology,experiment,1,24,2026-02-24T11:27:54+00:00,red,4,white,"[""white"", ""white"", ""white"", ""white"", ""white"", ""white"", ""white"", ""white"", ""white"", ""white"", ""white"", ""white"", ""white"", ""white"", ""white"", ""white"", ""white"", ""white"", ""white"", ""white"", ""white"", ""white"", ""white"", ""white""]",24,100,8,3652,,,,,
SONA_0016,4,42,55,1,60,5,2026-02-24T11:17:42+00:00,2026-02-24T11:53:42+00:00,male,sophomore,Economics,Psychology,experiment,1,25,2026-02-24T11:27:22+00:00,red,4,white,"[""white"", ""white"", ""white"", ""white"", ""white"", ""white"", ""white"", ""white"", ""white"", ""white"", ""white"", ""white"", ""white"", ""white"", ""white"", ""white"", ""white"", ""white"", ""white"", ""white"", ""white"", ""white"", ""white"", ""white"", ""white""]",25,100,8,3348,,,,,
SONA_0016,4,42,55,1,60,5,2026-02-24T11:17:42+00:00,2026-02-24T11:53:42+00:00,male,sophomore,Economics,Psychology,experiment,1,26,2026-02-24T11:28:30+00:00,red,4,white,"[""white"", ""white"", ""white"", ""white"", ""white"", ""white"", ""white"", ""white"", ""white"", ""white"", ""white"", ""white"", ""white"", ""white"", ""white"", ""white"", ""white"", ""white"", ""white"", ""white"", ""white"", ""white"", ""white"", ""white"", ""white"", ""white""]",26,85,7,3720,,,,,
SONA_0016,4,42,55,1,60,5,2026-02-24T11:17:42+00:00,2026-02-24T11:53:42+00:00,male,sophomore,Economics,Psychology,experiment,1,27,2026-02-24T11:28:48+00:00,red,4,white,"[""white"", ""white"", ""white"", ""white"", ""white"", ""white"", ""white"", ""white"", ""white"", ""white"", ""white"", ""white"", ""white"", ""white"", ""white"", ""white"", ""white"", ""white"", ""white"", ""white"", ""white"", ""white"", ""white"", ""white"", ""white"", ""white"", ""white""]",27,100,9,3132,,,,,
SONA_0016,4,42,55,1,60,5,2026-02-24T11:17:42+00:00,2026-02-24T11:53:42+00:00,male,sophomore,Economics,Psychology,experiment,1,28,2026-02-24T11:25:50+00:00,red,4,white,"[""white"", ""white"", ""white"", ""white"", ""white"", ""white"", ""white"", ""white"", ""white"", ""white"", ""white"", ""white"", ""white"", ""white"", ""white"", ""white"", ""white"", ""white"", ""white"", ""white"", ""white"", ""white"", ""white"", ""white"", ""white"", ""white"", ""white"", ""white""]",28,100,6,2560,,,,,
SONA_0016,4,42,55,1,60,5,2026-02-24T11:17:42+00:00,2026-02-24T11:53:42+00:00,male,sophomore,Economics,Psychology,experiment,1,29,2026-02-24T11:26:59+00:00,red,4,white,"[""white"", ""white"", ""white"", ""white"", ""white"", ""white"", ""white"", ""white"", ""white"", ""white"", ""white"", ""white"", ""white"", ""white"", ""white"", ""white"", ""white"", ""white"", ""white"", ""white"", ""white"", ""white"", ""white"", ""white"", ""white"", ""white"", ""white"", ""white"", ""white""]",29,90,7,3047,,,,,
SONA_0016,4,42,55,1,60,5,2026-02-24T11:17:42+00:00,2026-02-24T11:53:42+00:00,male,sophomore,Economics,Psychology,experiment,1,30,2026-02-24T11:26:42+00:00,red,4,white,"[""white"", ""white"", ""white"", ""white"", ""white"", ""white"", ""white"", ""white"", ""white"", ""white"", ""white"", ""white"", ""white"", ""white"", ""white"", ""white"", ""white"", ""white"", ""white"", ""white"", ""white"", ""white"", ""white"", ""white"", ""white"", ""white"", ""white"", ""white"", ""white"", ""white""]",30,80,8,2965,,,,,
SONA_0016,4,42,55,1,60,5,2026-02-24T11:17:42+00:00,2026-02-24T11:53:42+00:00,male,sophomore,Economics,Psychology,experiment,1,31,2026-02-24T11:25:52+00:00,red,4,white,"[""white"", ""white"", ""white"", ""white"", ""white"", ""white"", ""white"", ""white"", ""white"", ""white"", ""white"", ""white"", ""white"", ""white"", ""white"", ""white"", ""white"", ""white"", ""white"", ""white"", ""white"", ""white"", ""white"", ""white"", ""white"", ""white"", ""white"", ""white"", ""white"", ""white"", ""white""]",31,100,8,1900,,,,,
SONA_0016,4,42,55,1,60,5,2026-02-24T11:17:42+00:00,2026-02-24T11:53:42+00:00,male,sophomore,Economics,Psychology,experiment,1,32,2026-02-24T11:25:30+00:00,red,4,white,"[""white"", ""white"", ""white"", ""white"", ""white"", ""white"", ""white"", ""white"", ""white"", ""white"", ""white"", ""white"", ""white"", ""white"", ""white"", ""white"", ""white"", ""white"", ""white"", ""white"", ""white"", ""white"", ""white"", ""white"", ""white"", ""white"", ""white"", ""white"", ""white"", ""white"", ""white"", ""white""]",32,100,8,2806,,,,,
SONA_0016,4,42,55,1,60,5,2026-02-24T11:17:42+00:00,2026-02-24T11:53:42+00:00,male,sophomore,Economics,Psychology,experiment,1,33,2026-02-24T11:27:18+00:00,red,4,white,"[""white"", ""white"", ""white"", ""white"", ""white"", ""white"", ""white"", ""white"", ""white"", ""white"", ""white"", ""white"", ""white"", ""white"", ""white"", ""white"", ""white"", ""white"", ""white"", ""white"", ""white"", ""white"", ""white"", ""white"", ""white"", ""white"", ""white"", ""white"", ""white"", ""white"", ""white"", ""white"", ""white""]",33,100,8,2802,,,,,
SONA_0016,4,42,55,1,60,5,2026-02-24T11:17:42+00:00,2026-02-24T11:53:42+00:00,male,sophomore,Economics,Psychology,experiment,2,1,2026-02-24T11:33:00+00:00,green,42,white,"[""white""]",1,70,3,4204,,,,,
SONA_0016,4,42,55,1,60,5,2026-02-24T11:17:42+00:00,2026-02-24T11:53:42+00:00,male,sophomore,Economics,Psychology,experiment,2,2,2026-02-24T11:33:04+00:00,green,42,black,"[""white"", ""black""]",2,60,7,3687,,,,,
SONA_0016,4,42,55,1,60,5,2026-02-24T11:17:42+00:00,2026-02-24T11:53:42+00:00,male,sophomore,Economics,Psychology,experiment,2,3,2026-02-24T11:33:36+00:00,green,42,black,"[""white"", ""black"", ""black""]",3,65,7,3784,,,,,
SONA_0016,4,42,55,1,60,5,2026-02-24T11:17:42+00:00,2026-02-24T11:53:42+00:00,male,sophomore,Economics,Psychology,experiment,2,4,2026-02-24T11:33:26+00:00,green,42,white,"[""white"", ""black"", ""black"", ""white""]",4,65,5,3879,,,,,
SONA_0016,4,42,55,1,60,5,2026-02-24T11:17:42+00:00,2026-02-24T11:53:42+00:00,male,sophomore,Economics,Psychology,experiment,2,5,2026-02-24T11:33:37+00:00,green,42,white,"[""white"", ""black"", ""black"", ""white"", ""white""]",5,45,5,3456,,,,,
SONA_0016,4,42,55,1,60,5,2026-02-24T11:17:42+00:00,2026-02-24T11:53:42+00:00,male,sophomore,Economics,Psychology,experiment,2,6,2026-02-24T11:33:42+00:00,green,42,black,"[""white"", ""black"", ""black"", ""white"", ""white"", ""black""]",6,40,6,4204,,,,,
SONA_0016,4,42,55,1,60,5,2026-02-24T11:17:42+00:00,2026-02-24T11:53:42+00:00,male,sophomore,Economics,Psychology,experiment,2,7,2026-02-24T11:33:52+00:00,green,42,white,"[""white"", ""black"", ""black"", ""white"", ""white"", ""black"", ""white""]",7,50,6,4340,,,,,
SONA_0016,4,42,55,1,60,5,2026-02-24T11:17:42+00:00,2026-02-24T11:53:42+00:00,male,sophomore,Economics,Psychology,experiment,2,8,2026-02-24T11:34:18+00:00,green,42,white,"[""white"", ""black"", ""black"", ""white"", ""white"", ""black"", ""white"", ""white""]",8,70,7,3655,,,,,
SONA_0016,4,42,55,1,60,5,2026-02-24T11:17:42+00:00,2026-02-24T11:53:42+00:00,male,sophomore,Economics,Psychology,experiment,2,9,2026-02-24T11:34:57+00:00,green,42,black,"[""white"", ""black"", ""black"", ""white"", ""white"", ""black"", ""white"", ""white"", ""black""]",9,70,5,3647,,,,,
SONA_0016,4,42,55,1,60,5,2026-02-24T11:17:42+00:00,2026-02-24T11:53:42+00:00,male,sophomore,Economics,Psychology,experiment,2,10,2026-02-24T11:34:32+00:00,green,42,black,"[""white"", ""black"", ""black"", ""white"", ""white"", ""black"", ""white"", ""white"", ""black"", ""black""]",10,45,4,4262,,,,,
SONA_0016,4,42,55,1,60,5,2026-02-24T11:17:42+00:00,2026-02-24T11:53:42+00:00,male,sophomore,Economics,Psychology,experiment,2,11,2026-02-24T11:35:38+00:00,green,42,white,"[""white"", ""black"", ""black"", ""white"", ""white"", ""black"", ""white"", ""white"", ""black"", ""black"", ""white""]",11,50,4,3464,,,,,
SONA_0016,4,42,55,1,60,5,2026-02-24T11:17:42+00:00,2026-02-24T11:53:42+00:00,male,sophomore,Economics,Psychology,experiment,2,12,2026-02-24T11:34:42+00:00,green,42,white,"[""white"", ""black"", ""black"", ""white"", ""white"", ""black"", ""white"", ""white"", ""black"", ""black"", ""white"", ""white""]",12,60,3,3400,,,,,
SONA_0016,4,42,55,1,60,5,2026-02-24T11:17:42+00:00,2026-02-24T11:53:42+00:00,male,sophomore,Economics,Psychology,experiment,2,13,2026-02-24T11:35:05+00:00,green,42,white,"[""white"", ""black"", ""black"", ""white"", ""white"", ""black"", ""white"", ""white"", ""black"", ""black"", ""white"", ""white"", ""white""]",13,80,6,3612,,,,,
SONA_0016,4,42,55,1,60,5,2026-02-24T11:17:42+00:00,2026-02-24T11:53:42+00:00,male,sophomore,Economics,Psychology,experiment,2,14,2026-02-24T11:36:26+00:00,green,42,white,"[""white"", ""black"", ""black"", ""white"", ""white"", ""black"", ""white"", ""white"", ""black"", ""black"", ""white"", ""white"", ""white"", ""white""]",14,100,6,3120,,,,,
SONA_0016,4,42,55,1,60,5,2026-02-24T11:17:42+00:00,2026-02-24T11:53:42+00:00,male,sophomore,Economics,Psychology,experiment,2,15,2026-02-24T11:36:42+00:00,green,42,white,"[""white"", ""black"", ""black"", ""white"", ""white"", ""black"", ""white"", ""white"", ""black"", ""black"", ""white"", ""white"", ""white"", ""white"", ""white""]",15,75,8,3782,,,,,
SONA_0016,4,42,55,1,60,5,2026-02-24T11:17:42+00:00,2026-02-24T11:53:42+00:00,male,sophomore,Economics,Psychology,experiment,2,16,2026-02-24T11:36:10+00:00,green,42,black,"[""white"", ""black"", ""black"", ""white"", ""white"", ""black"", ""white"", ""white"", ""black"", ""black"", ""white"", ""white"", ""white"", ""white"", ""white"", ""black""]",16,70,5,3184,,,,,
SONA_0016,4,42,55,1,60,5,2026-02-24T11:17:42+00:00,2026-02-24T11:53:42+00:00,male,sophomore,Economics,Psychology,experiment,2,17,2026-02-24T11:37:48+00:00,green,42,black,"[""white"", ""black"", ""black"", ""white"", ""white"", ""black"", ""white"", ""white"", ""black"", ""black"", ""white"", ""white"", ""white"", ""white"", ""white"", ""black"", ""black""]",17,55,4,3932,,,,,
SONA_0016,4,42,55,1,60,5,2026-02-24T11:17:42+00:00,2026-02-24T11:53:42+00:00,male,sophomore,Economics,Psychology,experiment,2,18,2026-02-24T11:37:48+00:00,green,42,black,"[""white"", ""black"", ""black"", ""white"", ""white"", ""black"", ""white"", ""white"", ""black"", ""black"", ""white"", ""white"", ""white"", ""white"", ""white"", ""black"", ""black"", ""black""]",18,60,5,3608,,,,,
SONA_0016,4,42,55,1,60,5,2026-02-24T11:17:42+00:00,2026-02-24T11:53:42+00:00,male,sophomore,Economics,Psychology,experiment,2,19,2026-02-24T11:37:46+00:00,green,42,white,"[""white"", ""black"", ""black"", ""white"", ""white"", ""black"", ""white"", ""white"", ""black"", ""black"", ""white"", ""white"", ""white"", ""white"", ""white"", ""black"", ""black"", ""black"", ""white""]",19,65,5,3816,,,,,
SONA_0016,4,42,55,1,60,5,2026-02-24T11:17:42+00:00,2026-02-24T11:53:42+00:00,male,sophomore,Economics,Psychology,experiment,2,20,2026-02-24T11:36:22+00:00,green,42,black,"[""white"", ""black"", ""black"", ""white"", ""white"", ""black"", ""white"", ""white"", ""black"", ""black"", ""white"", ""white"", ""white"", ""white"", ""white"", ""black"", ""black"", ""black"", ""white"", ""black""]",20,50,5,3223,,,,,
SONA_0016,4,42,55,1,60,5,2026-02-24T11:17:42+00:00,2026-02-24T11:53:42+00:00,male,sophomore,Economics,Psychology,experiment,2,21,2026-02-24T11:38:39+00:00,green,42,black,"[""white"", ""black"", ""black"", ""white"", ""white"", ""black"", ""white"", ""white"", ""black"", ""black"", ""white"", ""white"", ""white"", ""white"", ""white"", ""black"", ""black"", ""black"", ""white"", ""black"", ""black""]",21,55,5,4984,,,,,
SONA_0016,4,42,55,1,60,5,2026-02-24T11:17:42+00:00,2026-02-24T11:53:42+00:00,male,sophomore,Economics,Psychology,experiment,2,22,2026-02-24T11:36:44+00:00,green,42,black,"[""white"", ""black"", ""black"", ""white"", ""white"", ""black"", ""white"", ""white"", ""black"", ""black"", ""white"", ""white"", ""white"", ""white"", ""white"", ""black"", ""black"", ""black"", ""white"", ""black"", ""black"", ""black""]",22,65,6,3468,,,,,
SONA_0016,4,42,55,1,60,5,2026-02-24T11:17:42+00:00,2026-02-24T11:53:42+00:00,male,sophomore,Economics,Psychology,experiment,2,23,2026-02-24T11:38:27+00:00,green,42,black,"[""white"", ""black"", ""black"", ""white"", ""white"", ""black"", ""white"", ""white"", ""black"", ""black"", ""white"", ""white"", ""white"", ""white"", ""white"", ""black"", ""black"", ""black"", ""white"", ""black"", ""black"", ""black"", ""black""]",23,45,6,3867,,,,,
SONA_0016,4,42,55,1,60,5,2026-02-24T11:17:42+00:00,2026-02-24T11:53:42+00:00,male,sophomore,Economics,Psychology,experiment,2,24,2026-02-24T11:36:18+00:00,green,42,black,"[""white"", ""black"", ""black"", ""white"", ""white"", ""black"", ""white"", ""white"", ""black"", ""black"", ""white"", ""white"", ""white"", ""white"", ""white"", ""black"", ""black"", ""black"", ""white"", ""black"", ""black"", ""black"", ""black"", ""black""]",24,25,7,2890,,,,,
SONA_0016,4,42,55,1,60,5,2026-02-24T11:17:42+00:00,2026-02-24T11:53:42+00:00,male,sophomore,Economics,Psychology,experiment,2,25,2026-02-24T11:36:27+00:00,green,42,black,"[""white"", ""black"", ""black"", ""white"", ""white"", ""black"", ""white"", ""white"", ""black"", ""black"", ""white"", ""white"", ""white"", ""white"", ""white"", ""black"", ""black"", ""black"", ""white"", ""black"", ""black"", ""black"", ""black"", ""black"", ""black""]",25,50,6,3044,,,,,
SONA_0016,4,42,55,1,60,5,2026-02-24T11:17:42+00:00,2026-02-24T11:53:42+00:00,male,sophomore,Economics,Psychology,experiment,2,26,2026-02-24T11:39:12+00:00,green,42,white,"[""white"", ""black"", ""black"", ""white"", ""white"", ""black"", ""white"", ""white"", ""black"", ""black"", ""white"", ""white"", ""white"", ""white"", ""white"", ""black"", ""black"", ""black"", ""white"", ""black"", ""black"", ""black"", ""black"", ""black"", ""black"", ""white""]",26,85,7,3274,,,,,
SONA_0016,4,42,55,1,60,5,2026-02-24T11:17:42+00:00,2026-02-24T11:53:42+00:00,male,sophomore,Economics,Psychology,experiment,2,27,2026-02-24T11:38:06+00:00,green,42,white,"[""white"", ""black"", ""black"", ""white"", ""white"", ""black"", ""white"", ""white"", ""black"", ""black"", ""white"", ""white"", ""white"", ""white"", ""white"", ""black"", ""black"", ""black"", ""white"", ""black"", ""black"", ""black"", ""black"", ""black"", ""black"", ""white"", ""white""]",27,30,5,3955,,,,,
SONA_0016,4,42,55,1,60,5,2026-02-24T11:17:42+00:00,2026-02-24T11:53:42+00:00,male,sophomore,Economics,Psychology,experiment,2,28,2026-02-24T11:36:26+00:00,green,42,white,"[""white"", ""black"", ""black"", ""white"", ""white"", ""black"", ""white"", ""white"", ""black"", ""black"", ""white"", ""white"", ""white"", ""white"", ""white"", ""black"", ""black"", ""black"", ""white"", ""black"", ""black"", ""black"", ""black"", ""black"", ""black"", ""white"", ""white"", ""white""]",28,45,5,3379,,,,,
SONA_0016,4,42,55,1,60,5,2026-02-24T11:17:42+00:00,2026-02-24T11:53:42+00:00,male,sophomore,Economics,Psychology,experiment,2,29,2026-02-24T11:37:03+00:00,green,42,black,"[""white"", ""black"", ""black"", ""white"", ""white"", ""black"", ""white"", ""white"", ""black"", ""black"", ""white"", ""white"", ""white"", ""white"", ""white"", ""black"", ""black"", ""black"", ""white"", ""black"", ""black"", ""black"", ""black"", ""black"", ""black"", ""white"", ""white"", ""white"", ""black""]",29,60,9,4212,,,,,
SONA_0016,4,42,55,1,60,5,2026-02-24T11:17:42+00:00,2026-02-24T11:53:42+00:00,male,sophomore,Economics,Psychology,experiment,2,30,2026-02-24T11:38:42+00:00,green,42,white,"[""white"", ""black"", ""black"", ""white"", ""white"", ""black"", ""white"", ""white"", ""black"", ""black"", ""white"", ""white"", ""white"", ""white"", ""white"", ""black"", ""black"", ""black"", ""white"", ""black"", ""black"", ""black"", ""black"", ""black"", ""black"", ""white"", ""white"", ""white"", ""black"", ""white""]",30,25,7,2934,,,,,
SONA_0016,4,42,55,1,60,5,2026-02-24T11:17:42+00:00,2026-02-24T11:53:42+00:00,male,sophomore,Economics,Psychology,experiment,2,31,2026-02-24T11:40:58+00:00,green,42,white,"[""white"", ""black"", ""black"", ""white"", ""white"", ""black"", ""white"", ""white"", ""black"", ""black"", ""white"", ""white"", ""white"", ""white"", ""white"", ""black"", ""black"", ""black"", ""white"", ""black"", ""black"", ""black"", ""black"", ""black"", ""black"", ""white"", ""white"", ""white"", ""black"", ""white"", ""white""]",31,40,5,3704,,,,,
SONA_0016,4,42,55,1,60,5,2026-02-24T11:17:42+00:00,2026-02-24T11:53:42+00:00,male,sophomore,Economics,Psychology,experiment,2,32,2026-02-24T11:40:10+00:00,green,42,black,"[""white"", ""black"", ""black"", ""white"", ""white"", ""black"", ""white"", ""white"", ""black"", ""black"", ""white"", ""white"", ""white"", ""white"", ""white"", ""black"", ""black"", ""black"", ""white"", ""black"", ""black"", ""black"", ""black"", ""black"", ""black"", ""white"", ""white"", ""white"", ""black"", ""white"", ""white"", ""black""]",32,55,5,3444,,,,,
SONA_0016,4,42,55,1,60,5,2026-02-24T11:17:42+00:00,2026-02-24T11:53:42+00:00,male,sophomore,Economics,Psychology,experiment,2,33,2026-02-24T11:37:39+00:00,green,42,black,"[""white"", ""black"", ""black"", ""white"", ""white"", ""black"", ""white"", ""white"", ""black"", ""black"", ""white"", ""white"", ""white"", ""white"", ""white"", ""black"", ""black"", ""black"", ""white"", ""black"", ""black"", ""black"", ""black"", ""black"", ""black"", ""white"", ""white"", ""white"", ""black"", ""white"", ""white"", ""black"", ""black""]",33,45,6,3379,,,,,
SONA_0016,4,42,55,1,60,5,2026-02-24T11:17:42+00:00,2026-02-24T11:53:42+00:00,male,sophomore,Economics,Psychology,experiment,3,1,2026-02-24T11:42:52+00:00,red,4,white,"[""white""]",1,95,8,4223,,,,,
SONA_0016,4,42,55,1,60,5,2026-02-24T11:17:42+00:00,2026-02-24T11:53:42+00:00,male,sophomore,Economics,Psychology,experiment,3,2,2026-02-24T11:43:12+00:00,red,4,white,"[""white"", ""white""]",2,95,8,3193,,,,,
SONA_0016,4,42,55,1,60,5,2026-02-24T11:17:42+00:00,2026-02-24T11:53:42+00:00,male,sophomore,Economics,Psychology,experiment,3,3,2026-02-24T11:43:24+00:00,red,4,white,"[""white"", ""white"", ""white""]",3,95,6,3032,,,,,
SONA_0016,4,42,55,1,60,5,2026-02-24T11:17:42+00:00,2026-02-24T11:53:42+00:00,male,sophomore,Economics,Psychology,experiment,3,4,2026-02-24T11:43:34+00:00,red,4,white,"[""white"", ""white"", ""white"", ""white""]",4,95,7,2724,,,,,
SONA_0016,4,42,55,1,60,5,2026-02-24T11:17:42+00:00,2026-02-24T11:53:42+00:00,male,sophomore,Economics,Psychology,experiment,3,5,2026-02-24T11:43:32+00:00,red,4,white,"[""white"", ""white"", ""white"", ""white"", ""white""]",5,95,6,3043,,,,,
SONA_0016,4,42,55,1,60,5,2026-02-24T11:17:42+00:00,2026-02-24T11:53:42+00:00,male,sophomore,Economics,Psychology,experiment,3,6,2026-02-24T11:43:42+00:00,red,4,white,"[""white"", ""white"", ""white"", ""white"", ""white"", ""white""]",6,100,7,3333,,,,,
SONA_0016,4,42,55,1,60,5,2026-02-24T11:17:42+00:00,2026-02-24T11:53:42+00:00,male,sophomore,Economics,Psychology,experiment,3,7,2026-02-24T11:43:59+00:00,red,4,white,"[""white"", ""white"", ""white"", ""white"", ""white"", ""white"", ""white""]",7,90,6,3678,,,,,
SONA_0016,4,42,55,1,60,5,2026-02-24T11:17:42+00:00,2026-02-24T11:53:42+00:00,male,sophomore,Economics,Psychology,experiment,3,8,2026-02-24T11:44:58+00:00,red,4,white,"[""white"", ""white"", ""white"", ""white"", ""white"", ""white"", ""white"", ""white""]",8,100,9,3565,,,,,
SONA_0016,4,42,55,1,60,5,2026-02-24T11:17:42+00:00,2026-02-24T11:53:42+00:00,male,sophomore,Economics,Psychology,experiment,3,9,2026-02-24T11:44:39+00:00,red,4,white,"[""white"", ""white"", ""white"", ""white"", ""white"", ""white"", ""white"", ""white"", ""white""]",9,85,5,3670,,,,,
SONA_0016,4,42,55,1,60,5,2026-02-24T11:17:42+00:00,2026-02-24T11:53:42+00:00,male,sophomore,Economics,Psychology,experiment,3,10,2026-02-24T11:44:42+00:00,red,4,white,"[""white"", ""white"", ""white"", ""white"", ""white"", ""white"", ""white"", ""white"", ""white"", ""white""]",10,90,7,3248,,,,,
SONA_0016,4,42,55,1,60,5,2026-02-24T11:17:42+00:00,2026-02-24T11:53:42+00:00,male,sophomore,Economics,Psychology,experiment,3,11,2026-02-24T11:45:49+00:00,red,4,white,"[""white"", ""white"", ""white"", ""white"", ""white"", ""white"", ""white"", ""white"", ""white"", ""white"", ""white""]",11,90,7,3145,,,,,
SONA_0016,4,42,55,1,60,5,2026-02-24T11:17:42+00:00,2026-02-24T11:53:42+00:00,male,sophomore,Economics,Psychology,experiment,3,12,2026-02-24T11:44:42+00:00,red,4,white,"[""white"", ""white"", ""white"", ""white"", ""white"", ""white"", ""white"", ""white"", ""white"", ""white"", ""white"", ""white""]",12,100,7,2929,,,,,
SONA_0016,4,42,55,1,60,5,2026-02-24T11:17:42+00:00,2026-02-24T11:53:42+00:00,male,sophomore,Economics,Psychology,experiment,3,13,2026-02-24T11:45:57+00:00,red,4,white,"[""white"", ""white"", ""white"", ""white"", ""white"", ""white"", ""white"", ""white"", ""white"", ""white"", ""white"", ""white"", ""white""]",13,95,6,3065,,,,,
SONA_0016,4,42,55,1,60,5,2026-02-24T11:17:42+00:00,2026-02-24T11:53:42+00:00,male,sophomore,Economics,Psychology,experiment,3,14,2026-02-24T11:45:30+00:00,red,4,white,"[""white"", ""white"", ""white"", ""white"", ""white"", ""white"", ""white"", ""white"", ""white"", ""white"", ""white"", ""white"", ""white"", ""white""]",14,100,9,3300,,,,,
SONA_0016,4,42,55,1,60,5,2026-02-24T11:17:42+00:00,2026-02-24T11:53:42+00:00,male,sophomore,Economics,Psychology,experiment,3,15,2026-02-24T11:47:12+00:00,red,4,white,"[""white"", ""white"", ""white"", ""white"", ""white"", ""white"", ""white"", ""white"", ""white"", ""white"", ""white"", ""white"", ""white"", ""white"", ""white""]",15,100,6,3120,,,,,
SONA_0016,4,42,55,1,60,5,2026-02-24T11:17:42+00:00,2026-02-24T11:53:42+00:00,male,sophomore,Economics,Psychology,experiment,3,16,2026-02-24T11:46:42+00:00,red,4,white,"[""white"", ""white"", ""white"", ""white"", ""white"", ""white"", ""white"", ""white"", ""white"", ""white"", ""white"", ""white"", ""white"", ""white"", ""white"", ""white""]",16,100,7,2740,,,,,
SONA_0016,4,42,55,1,60,5,2026-02-24T11:17:42+00:00,2026-02-24T11:53:42+00:00,male,sophomore,Economics,Psychology,experiment,3,17,2026-02-24T11:46:06+00:00,red,4,white,"[""white"", ""white"", ""white"", ""white"", ""white"", ""white"", ""white"", ""white"", ""white"", ""white"", ""white"", ""white"", ""white"", ""white"", ""white"", ""white"", ""white""]",17,100,7,2998,,,,,
SONA_0016,4,42,55,1,60,5,2026-02-24T11:17:42+00:00,2026-02-24T11:53:42+00:00,male,sophomore,Economics,Psychology,experiment,3,18,2026-02-24T11:45:06+00:00,red,4,white,"[""white"", ""white"", ""white"", ""white"", ""white"", ""white"", ""white"", ""white"", ""white"", ""white"", ""white"", ""white"", ""white"", ""white"", ""white"", ""white"", ""white"", ""white""]",18,95,8,2717,,,,,
SONA_0016,4,42,55,1,60,5,2026-02-24T11:17:42+00:00,2026-02-24T11:53:42+00:00,male,sophomore,Economics,Psychology,experiment,3,19,2026-02-24T11:46:30+00:00,red,4,white,"[""white"", ""white"", ""white"", ""white"", ""white"", ""white"", ""white"", ""white"", ""white"", ""white"", ""white"", ""white"", ""white"", ""white"", ""white"", ""white"", ""white"", ""white"", ""white""]",19,95,5,3073,,,,,
SONA_0016,4,42,55,1,60,5,2026-02-24T11:17:42+00:00,2026-02-24T11:53:42+00:00,male,sophomore,Economics,Psychology,experiment,3,20,2026-02-24T11:46:42+00:00,red,4,white,"[""white"", ""white"", ""white"", ""white"", ""white"", ""white"", ""white"", ""white"", ""white"", ""white"", ""white"", ""white"", ""white"", ""white"", ""white"", ""white"", ""white"", ""white"", ""white"", ""white""]",20,100,9,3335,,,,,
SONA_0016,4,42,55,1,60,5,2026-02-24T11:17:42+00:00,2026-02-24T11:53:42+00:00,male,sophomore,Economics,Psychology,experiment,3,21,2026-02-24T11:47:15+00:00,red,4,white,"[""white"", ""white"", ""white"", ""white"", ""white"", ""white"", ""white"", ""white"", ""white"", ""white"", ""white"", ""white"", ""white"", ""white"", ""white"", ""white"", ""white"", ""white"", ""white"", ""white"", ""white""]",21,100,7,2756,,,,,
SONA_0016,4,42,55,1,60,5,2026-02-24T11:17:42+00:00,2026-02-24T11:53:42+00:00,male,sophomore,Economics,Psychology,experiment,3,22,2026-02-24T11:47:06+00:00,red,4,white,"[""white"", ""white"", ""white"", ""white"", ""white"", ""white"", ""white"", ""white"", ""white"", ""white"", ""white"", ""white"", ""white"", ""white"", ""white"", ""white"", ""white"", ""white"", ""white"", ""white"", ""white"", ""white""]",22,95,7,3146,,,,,
SONA_0016,4,42,55,1,60,5,2026-02-24T11:17:42+00:00,2026-02-24T11:53:42+00:00,male,sophomore,Economics,Psychology,experiment,3,23,2026-02-24T11:48:50+00:00,red,4,white,"[""white"", ""white"", ""white"", ""white"", ""white"", ""white"", ""white"", ""white"", ""white"", ""white"", ""white"", ""white"", ""white"", ""white"", ""white"", ""white"", ""white"", ""white"", ""white"", ""white"", ""white"", ""white"", ""white""]",23,100,9,2647,,,,,
SONA_0016,4,42,55,1,60,5,2026-02-24T11:17:42+00:00,2026-02-24T11:53:42+00:00,male,sophomore,Economics,Psychology,experiment,3,24,2026-02-24T11:49:30+00:00,red,4,white,"[""white"", ""white"", ""white"", ""white"", ""white"", ""white"", ""white"", ""white"", ""white"", ""white"", ""white"", ""white"", ""white"", ""white"", ""white"", ""white"", ""white"", ""white"", ""white"", ""white"", ""white"", ""white"", ""white"", ""white""]",24,95,7,2868,,,,,
SONA_0016,4,42,55,1,60,5,2026-02-24T11:17:42+00:00,2026-02-24T11:53:42+00:00,male,sophomore,Economics,Psychology,experiment,3,25,2026-02-24T11:49:22+00:00,red,4,white,"[""white"", ""white"", ""white"", ""white"", ""white"", ""white"", ""white"", ""white"", ""white"", ""white"", ""white"", ""white"", ""white"", ""white"", ""white"", ""white"", ""white"", ""white"", ""white"", ""white"", ""white"", ""white"", ""white"", ""white"", ""white""]",25,95,5,2470,,,,,
SONA_0016,4,42,55,1,60,5,2026-02-24T11:17:42+00:00,2026-02-24T11:53:42+00:00,male,sophomore,Economics,Psychology,experiment,3,26,2026-02-24T11:47:02+00:00,red,4,white,"[""white"", ""white"", ""white"", ""white"", ""white"", ""white"", ""white"", ""white"", ""white"", ""white"", ""white"", ""white"", ""white"", ""white"", ""white"", ""white"", ""white"", ""white"", ""white"", ""white"", ""white"", ""white"", ""white"", ""white"", ""white"", ""white""]",26,100,7,2610,,,,,
SONA_0016,4,42,55,1,60,5,2026-02-24T11:17:42+00:00,2026-02-24T11:53:42+00:00,male,sophomore,Economics,Psychology,experiment,3,27,2026-02-24T11:49:27+00:00,red,4,black,"[""white"", ""white"", ""white"", ""white"", ""white"", ""white"", ""white"", ""white"", ""white"", ""white"", ""white"", ""white"", ""white"", ""white"", ""white"", ""white"", ""white"", ""white"", ""white"", ""white"", ""white"", ""white"", ""white"", ""white"", ""white"", ""white"", ""black""]",27,100,8,3712,,,,,
SONA_0016,4,42,55,1,60,5,2026-02-24T11:17:42+00:00,2026-02-24T11:53:42+00:00,male,sophomore,Economics,Psychology,experiment,3,28,2026-02-24T11:51:06+00:00,red,4,white,"[""white"", ""white"", ""white"", ""white"", ""white"", ""white"", ""white"", ""white"", ""white"", ""white"", ""white"", ""white"", ""white"", ""white"", ""white"", ""white"", ""white"", ""white"", ""white"", ""white"", ""white"", ""white"", ""white"", ""white"", ""white"", ""white"", ""black"", ""white""]",28,100,7,2717,,,,,
SONA_0016,4,42,55,1,60,5,2026-02-24T11:17:42+00:00,2026-02-24T11:53:42+00:00,male,sophomore,Economics,Psychology,experiment,3,29,2026-02-24T11:46:34+00:00,red,4,white,"[""white"", ""white"", ""white"", ""white"", ""white"", ""white"", ""white"", ""white"", ""white"", ""white"", ""white"", ""white"", ""white"", ""white"", ""white"", ""white"", ""white"", ""white"", ""white"", ""white"", ""white"", ""white"", ""white"", ""white"", ""white"", ""white"", ""black"", ""white"", ""white""]",29,95,6,3183,,,,,
SONA_0016,4,42,55,1,60,5,2026-02-24T11:17:42+00:00,2026-02-24T11:53:42+00:00,male,sophomore,Economics,Psychology,experiment,3,30,2026-02-24T11:46:42+00:00,red,4,white,"[""white"", ""white"", ""white"", ""white"", ""white"", ""white"", ""white"", ""white"", ""white"", ""white"", ""white"", ""white"", ""white"", ""white"", ""white"", ""white"", ""white"", ""white"", ""white"", ""white"", ""white"", ""white"", ""white"", ""white"", ""white"", ""white"", ""black"", ""white"", ""white"", ""white""]",30,100,9,3584,,,,,
SONA_0016,4,42,55,1,60,5,2026-02-24T11:17:42+00:00,2026-02-24T11:53:42+00:00,male,sophomore,Economics,Psychology,experiment,3,31,2026-02-24T11:47:52+00:00,red,4,black,"[""white"", ""white"", ""white"", ""white"", ""white"", ""white"", ""white"", ""white"", ""white"", ""white"", ""white"", ""white"", ""white"", ""white"", ""white"", ""white"", ""white"", ""white"", ""white"", ""white"", ""white"", ""white"", ""white"", ""white"", ""white"", ""white"", ""black"", ""white"", ""white"", ""white"", ""black""]",31,60,5,2676,,,,,
SONA_0016,4,42,55,1,60,5,2026-02-24T11:17:42+00:00,2026-02-24T11:53:42+00:00,male,sophomore,Economics,Psychology,experiment,3,32,2026-02-24T11:52:18+00:00,red,4,white,"[""white"", ""white"", ""white"", ""white"", ""white"", ""white"", ""white"", ""white"", ""white"", ""white"", ""white"", ""white"", ""white"", ""white"", ""white"", ""white"", ""white"", ""white"", ""white"", ""white"", ""white"", ""white"", ""white"", ""white"", ""white"", ""white"", ""black"", ""white"", ""white"", ""white"", ""black"", ""white""]",32,90,7,3135,,,,,
SONA_0016,4,42,55,1,60,5,2026-02-24T11:17:42+00:00,2026-02-24T11:53:42+00:00,male,sophomore,Economics,Psychology,experiment,3,33,2026-02-24T11:48:45+00:00,red,4,white,"[""white"", ""white"", ""white"", ""white"", ""white"", ""white"", ""white"", ""white"", ""white"", ""white"", ""white"", ""white"", ""white"", ""white"", ""white"", ""white"", ""white"", ""white"", ""white"", ""white"", ""white"", ""white"", ""white"", ""white"", ""white"", ""white"", ""black"", ""white"", ""white"", ""white"", ""black"", ""white"", ""white""]",33,100,7,3255,,,,,
SONA_0017,46,30,50,4,80,5,2026-02-24T17:08:18+00:00,2026-02-24T17:50:18+00:00,male,freshman,Sociology,,experiment,1,1,2026-02-24T17:12:33+00:00,red,46,black,"[""black""]",1,45,7,3938,,,,,
SONA_0017,46,30,50,4,80,5,2026-02-24T17:08:18+00:00,2026-02-24T17:50:18+00:00,male,freshman,Sociology,,experiment,1,2,2026-02-24T17:12:44+00:00,red,46,white,"[""black"", ""white""]",2,55,6,4270,,,,,
SONA_0017,46,30,50,4,80,5,2026-02-24T17:08:18+00:00,2026-02-24T17:50:18+00:00,male,freshman,Sociology,,experiment,1,3,2026-02-24T17:12:42+00:00,red,46,black,"[""black"", ""white"", ""black""]",3,45,7,4159,,,,,
SONA_0017,46,30,50,4,80,5,2026-02-24T17:08:18+00:00,2026-02-24T17:50:18+00:00,male,freshman,Sociology,,experiment,1,4,2026-02-24T17:13:06+00:00,red,46,black,"[""black"", ""white"", ""black"", ""black""]",4,50,6,4675,,,,,
SONA_0017,46,30,50,4,80,5,2026-02-24T17:08:18+00:00,2026-02-24T17:50:18+00:00,male,freshman,Sociology,,experiment,1,5,2026-02-24T17:13:13+00:00,red,46,white,"[""black"", ""white"", ""black"", ""black"", ""white""]",5,45,8,4206,,,,,
SONA_0017,46,30,50,4,80,5,2026-02-24T17:08:18+00:00,2026-02-24T17:50:18+00:00,male,freshman,Sociology,,experiment,1,6,2026-02-24T17:14:06+00:00,red,46,white,"[""black"", ""white"", ""black"", ""black"", ""white"", ""white""]",6,60,7,4489,,,,,
SONA_0017,46,30,50,4,80,5,2026-02-24T17:08:18+00:00,2026-02-24T17:50:18+00:00,male,freshman,Sociology,,experiment,1,7,2026-02-24T17:14:24+00:00,red,46,white,"[""black"", ""white"", ""black"", ""black"", ""white"", ""white"", ""white""]",7,45,6,4432,,,,,
SONA_0017,46,30,50,4,80,5,2026-02-24T17:08:18+00:00,2026-02-24T17:50:18+00:00,male,freshman,Sociology,,experiment,1,8,2026-02-24T17:14:10+00:00,red,46,black,"[""black"", ""white"", ""black"", ""black"", ""white"", ""white"", ""white"", ""black""]",8,40,6,4605,,,,,
SONA_0017,46,30,50,4,80,5,2026-02-24T17:08:18+00:00,2026-02-24T17:50:18+00:00,male,freshman,Sociology,,experiment,1,9,2026-02-24T17:14:33+00:00,red,46,white,"[""black"", ""white"", ""black"", ""black"", ""white"", ""white"", ""white"", ""black"", ""white""]",9,55,6,4159,,,,,
SONA_0017,46,30,50,4,80,5,2026-02-24T17:08:18+00:00,2026-02-24T17:50:18+00:00,male,freshman,Sociology,,experiment,1,10,2026-02-24T17:15:08+00:00,red,46,white,"[""black"", ""white"", ""black"", ""black"", ""white"", ""white"", ""white"", ""black"", ""white"", ""white""]",10,45,7,3823,,,,,
SONA_0017,46,30,50,4,80,5,2026-02-24T17:08:18+00:00,2026-02-24T17:50:18+00:00,male,freshman,Sociology,,experiment,1,11,2026-02-24T17:15:14+00:00,red,46,black,"[""black"", ""white"", ""black"", ""black"", ""white"", ""white"", ""white"", ""black"", ""white"", ""white"", ""black""]",11,55,6,4006,,,,,
SONA_0017,46,30,50,4,80,5,2026-02-24T17:08:18+00:00,2026-02-24T17:50:18+00:00,male,freshman,Sociology,,experiment,1,12,2026-02-24T17:13:54+00:00,red,46,black,"[""black"", ""white"", ""black"", ""black"", ""white"", ""white"", ""white"", ""black"", ""white"", ""white"", ""black"", ""black""]",12,50,6,4377,,,,,
SONA_0017,46,30,50,4,80,5,2026-02-24T17:08:18+00:00,2026-02-24T17:50:18+00:00,male,freshman,Sociology,,experiment,1,13,2026-02-24T17:14:41+00:00,red,46,black,"[""black"", ""white"", ""black"", ""black"", ""white"", ""white"", ""white"", ""black"", ""white"", ""white"", ""black"", ""black"", ""black""]",13,40,7,3953,,,,,
SONA_0017,46,30,50,4,80,5,2026-02-24T17:08:18+00:00,2026-02-24T17:50:18+00:00,male,freshman,Sociology,,experiment,1,14,2026-02-24T17:15:34+00:00,red,46,white,"[""black"", ""white"", ""black"", ""black"", ""white"", ""white"", ""white"", ""black"", ""white"", ""white"", ""black"", ""black"", ""black"", ""white""]",14,50,6,3451,,,,,
SONA_0017,46,30,50,4,80,5,2026-02-24T17:08:18+00:00,2026-02-24T17:50:18+00:00,male,freshman,Sociology,,experiment,1,15,2026-02-24T17:16:48+00:00,red,46,black,"[""black"", ""white"", ""black"", ""black"", ""white"", ""white"", ""white"", ""black"", ""white"", ""white"", ""black"", ""black"", ""black"", ""white"", ""black""]",15,55,7,3877,,,,,
SONA_0017,46,30,50,4,80,5,2026-02-24T17:08:18+00:00,2026-02-24T17:50:18+00:00,male,freshman,Sociology,,experiment,1,16,2026-02-24T17:16:34+00:00,red,46,white,"[""black"", ""white"", ""black"", ""black"", ""white"", ""white"", ""white"", ""black"", ""white"", ""white"", ""black"", ""black"", ""black"", ""white"", ""black"", ""white""]",16,40,5,3323,,,,,
SONA_0017,46,30,50,4,80,5,2026-02-24T17:08:18+00:00,2026-02-24T17:50:18+00:00,male,freshman,Sociology,,experiment,1,17,2026-02-24T17:15:42+00:00,red,46,black,"[""black"", ""white"", ""black"", ""black"", ""white"", ""white"", ""white"", ""black"", ""white"", ""white"", ""black"", ""black"", ""black"", ""white"", ""black"", ""white"", ""black""]",17,40,7,3904,,,,,
SONA_0017,46,30,50,4,80,5,2026-02-24T17:08:18+00:00,2026-02-24T17:50:18+00:00,male,freshman,Sociology,,experiment,1,18,2026-02-24T17:17:42+00:00,red,46,black,"[""black"", ""white"", ""black"", ""black"", ""white"", ""white"", ""white"", ""black"", ""white"", ""white"", ""black"", ""black"", ""black"", ""white"", ""black"", ""white"", ""black"", ""black""]",18,45,6,4678,,,,,
SONA_0017,46,30,50,4,80,5,2026-02-24T17:08:18+00:00,2026-02-24T17:50:18+00:00,male,freshman,Sociology,,experiment,1,19,2026-02-24T17:16:25+00:00,red,46,black,"[""black"", ""white"", ""black"", ""black"", ""white"", ""white"", ""white"", ""black"", ""white"", ""white"", ""black"", ""black"", ""black"", ""white"", ""black"", ""white"", ""black"", ""black"", ""black""]",19,45,8,3722,,,,,
SONA_0017,46,30,50,4,80,5,2026-02-24T17:08:18+00:00,2026-02-24T17:50:18+00:00,male,freshman,Sociology,,experiment,1,20,2026-02-24T17:17:38+00:00,red,46,white,"[""black"", ""white"", ""black"", ""black"", ""white"", ""white"", ""white"", ""black"", ""white"", ""white"", ""black"", ""black"", ""black"", ""white"", ""black"", ""white"", ""black"", ""black"", ""black"", ""white""]",20,60,8,4266,,,,,
SONA_0017,46,30,50,4,80,5,2026-02-24T17:08:18+00:00,2026-02-24T17:50:18+00:00,male,freshman,Sociology,,experiment,1,21,2026-02-24T17:17:54+00:00,red,46,black,"[""black"", ""white"", ""black"", ""black"", ""white"", ""white"", ""white"", ""black"", ""white"", ""white"", ""black"", ""black"", ""black"", ""white"", ""black"", ""white"", ""black"", ""black"", ""black"", ""white"", ""black""]",21,50,6,3469,,,,,
SONA_0017,46,30,50,4,80,5,2026-02-24T17:08:18+00:00,2026-02-24T17:50:18+00:00,male,freshman,Sociology,,experiment,1,22,2026-02-24T17:18:54+00:00,red,46,white,"[""black"", ""white"", ""black"", ""black"", ""white"", ""white"", ""white"", ""black"", ""white"", ""white"", ""black"", ""black"", ""black"", ""white"", ""black"", ""white"", ""black"", ""black"", ""black"", ""white"", ""black"", ""white""]",22,40,8,3920,,,,,
SONA_0017,46,30,50,4,80,5,2026-02-24T17:08:18+00:00,2026-02-24T17:50:18+00:00,male,freshman,Sociology,,experiment,1,23,2026-02-24T17:17:40+00:00,red,46,black,"[""black"", ""white"", ""black"", ""black"", ""white"", ""white"", ""white"", ""black"", ""white"", ""white"", ""black"", ""black"", ""black"", ""white"", ""black"", ""white"", ""black"", ""black"", ""black"", ""white"", ""black"", ""white"", ""black""]",23,40,8,4133,,,,,
SONA_0017,46,30,50,4,80,5,2026-02-24T17:08:18+00:00,2026-02-24T17:50:18+00:00,male,freshman,Sociology,,experiment,1,24,2026-02-24T17:16:42+00:00,red,46,white,"[""black"", ""white"", ""black"", ""black"", ""white"", ""white"", ""white"", ""black"", ""white"", ""white"", ""black"", ""black"", ""black"", ""white"", ""black"", ""white"", ""black"", ""black"", ""black"", ""white"", ""black"", ""white"", ""black"", ""white""]",24,50,7,4248,,,,,
SONA_0017,46,30,50,4,80,5,2026-02-24T17:08:18+00:00,2026-02-24T17:50:18+00:00,male,freshman,Sociology,,experiment,1,25,2026-02-24T17:19:48+00:00,red,46,white,"[""black"", ""white"", ""black"", ""black"", ""white"", ""white"", ""white"", ""black"", ""white"", ""white"", ""black"", ""black"", ""black"", ""white"", ""black"", ""white"", ""black"", ""black"", ""black"", ""white"", ""black"", ""white"", ""black"", ""white"", ""white""]",25,45,7,3943,,,,,
SONA_0017,46,30,50,4,80,5,2026-02-24T17:08:18+00:00,2026-02-24T17:50:18+00:00,male,freshman,Sociology,,experiment,1,26,2026-02-24T17:16:12+00:00,red,46,white,"[""black"", ""white"", ""black"", ""black"", ""white"", ""white"", ""white"", ""black"", ""white"", ""white"", ""black"", ""black"", ""black"", ""white"", ""black"", ""white"", ""black"", ""black"", ""black"", ""white"", ""black"", ""white"", ""black"", ""white"", ""white"", ""white""]",26,50,9,3936,,,,,
SONA_0017,46,30,50,4,80,5,2026-02-24T17:08:18+00:00,2026-02-24T17:50:18+00:00,male,freshman,Sociology,,experiment,1,27,2026-02-24T17:19:03+00:00,red,46,white,"[""black"", ""white"", ""black"", ""black"", ""white"", ""white"", ""white"", ""black"", ""white"", ""white"", ""black"", ""black"", ""black"", ""white"", ""black"", ""white"", ""black"", ""black"", ""black"", ""white"", ""black"", ""white"", ""black"", ""white"", ""white"", ""white"", ""white""]",27,50,8,3043,,,,,
SONA_0017,46,30,50,4,80,5,2026-02-24T17:08:18+00:00,2026-02-24T17:50:18+00:00,male,freshman,Sociology,,experiment,1,28,2026-02-24T17:19:46+00:00,red,46,white,"[""black"", ""white"", ""black"", ""black"", ""white"", ""white"", ""white"", ""black"", ""white"", ""white"", ""black"", ""black"", ""black"", ""white"", ""black"", ""white"", ""black"", ""black"", ""black"", ""white"", ""black"", ""white"", ""black"", ""white"", ""white"", ""white"", ""white"", ""white""]",28,50,6,4022,,,,,
SONA_0017,46,30,50,4,80,5,2026-02-24T17:08:18+00:00,2026-02-24T17:50:18+00:00,male,freshman,Sociology,,experiment,1,29,2026-02-24T17:18:35+00:00,red,46,black,"[""black"", ""white"", ""black"", ""black"", ""white"", ""white"", ""white"", ""black"", ""white"", ""white"", ""black"", ""black"", ""black"", ""white"", ""black"", ""white"", ""black"", ""black"", ""black"", ""white"", ""black"", ""white"", ""black"", ""white"", ""white"", ""white"", ""white"", ""white"", ""black""]",29,55,8,3465,,,,,
SONA_0017,46,30,50,4,80,5,2026-02-24T17:08:18+00:00,2026-02-24T17:50:18+00:00,male,freshman,Sociology,,experiment,1,30,2026-02-24T17:16:48+00:00,red,46,white,"[""black"", ""white"", ""black"", ""black"", ""white"", ""white"", ""white"", ""black"", ""white"", ""white"", ""black"", ""black"", ""black"", ""white"", ""black"", ""white"", ""black"", ""black"", ""black"", ""white"", ""black"", ""white"", ""black"", ""white"", ""white"", ""white"", ""white"", ""white"", ""black"", ""white""]",30,55,5,3115,,,,,
SONA_0017,46,30,50,4,80,5,2026-02-24T17:08:18+00:00,2026-02-24T17:50:18+00:00,male,freshman,Sociology,,experiment,1,31,2026-02-24T17:19:01+00:00,red,46,white,"[""black"", ""white"", ""black"", ""black"", ""white"", ""white"", ""white"", ""black"", ""white"", ""white"", ""black"", ""black"", ""black"", ""white"", ""black"", ""white"", ""black"", ""black"", ""black"", ""white"", ""black"", ""white"", ""black"", ""white"", ""white"", ""white"", ""white"", ""white"", ""black"", ""white"", ""white""]",31,45,6,4034,,,,,
SONA_0017,46,30,50,4,80,5,2026-02-24T17:08:18+00:00,2026-02-24T17:50:18+00:00,male,freshman,Sociology,,experiment,1,32,2026-02-24T17:18:42+00:00,red,46,black,"[""black"", ""white"", ""black"", ""black"", ""white"", ""white"", ""white"", ""black"", ""white"", ""white"", ""black"", ""black"", ""black"", ""white"", ""black"", ""white"", ""black"", ""black"", ""black"", ""white"", ""black"", ""white"", ""black"", ""white"", ""white"", ""white"", ""white"", ""white"", ""black"", ""white"", ""white"", ""black""]",32,45,6,3022,,,,,
SONA_0017,46,30,50,4,80,5,2026-02-24T17:08:18+00:00,2026-02-24T17:50:18+00:00,male,freshman,Sociology,,experiment,1,33,2026-02-24T17:18:21+00:00,red,46,white,"[""black"", ""white"", ""black"", ""black"", ""white"", ""white"", ""white"", ""black"", ""white"", ""white"", ""black"", ""black"", ""black"", ""white"", ""black"", ""white"", ""black"", ""black"", ""black"", ""white"", ""black"", ""white"", ""black"", ""white"", ""white"", ""white"", ""white"", ""white"", ""black"", ""white"", ""white"", ""black"", ""white""]",33,40,8,3580,,,,,
SONA_0017,46,30,50,4,80,5,2026-02-24T17:08:18+00:00,2026-02-24T17:50:18+00:00,male,freshman,Sociology,,experiment,2,1,2026-02-24T17:24:27+00:00,green,30,white,"[""white""]",1,80,7,3223,,,,,
SONA_0017,46,30,50,4,80,5,2026-02-24T17:08:18+00:00,2026-02-24T17:50:18+00:00,male,freshman,Sociology,,experiment,2,2,2026-02-24T17:24:34+00:00,green,30,white,"[""white"", ""white""]",2,100,9,3757,,,,,
SONA_0017,46,30,50,4,80,5,2026-02-24T17:08:18+00:00,2026-02-24T17:50:18+00:00,male,freshman,Sociology,,experiment,2,3,2026-02-24T17:25:00+00:00,green,30,black,"[""white"", ""white"", ""black""]",3,75,6,3072,,,,,
SONA_0017,46,30,50,4,80,5,2026-02-24T17:08:18+00:00,2026-02-24T17:50:18+00:00,male,freshman,Sociology,,experiment,2,4,2026-02-24T17:24:58+00:00,green,30,black,"[""white"", ""white"", ""black"", ""black""]",4,80,8,3083,,,,,
SONA_0017,46,30,50,4,80,5,2026-02-24T17:08:18+00:00,2026-02-24T17:50:18+00:00,male,freshman,Sociology,,experiment,2,5,2026-02-24T17:25:03+00:00,green,30,black,"[""white"", ""white"", ""black"", ""black"", ""black""]",5,70,7,3947,,,,,
SONA_0017,46,30,50,4,80,5,2026-02-24T17:08:18+00:00,2026-02-24T17:50:18+00:00,male,freshman,Sociology,,experiment,2,6,2026-02-24T17:26:06+00:00,green,30,black,"[""white"", ""white"", ""black"", ""black"", ""black"", ""black""]",6,50,7,4034,,,,,
SONA_0017,46,30,50,4,80,5,2026-02-24T17:08:18+00:00,2026-02-24T17:50:18+00:00,male,freshman,Sociology,,experiment,2,7,2026-02-24T17:25:14+00:00,green,30,white,"[""white"", ""white"", ""black"", ""black"", ""black"", ""black"", ""white""]",7,60,8,3898,,,,,
SONA_0017,46,30,50,4,80,5,2026-02-24T17:08:18+00:00,2026-02-24T17:50:18+00:00,male,freshman,Sociology,,experiment,2,8,2026-02-24T17:25:30+00:00,green,30,white,"[""white"", ""white"", ""black"", ""black"", ""black"", ""black"", ""white"", ""white""]",8,75,6,3930,,,,,
SONA_0017,46,30,50,4,80,5,2026-02-24T17:08:18+00:00,2026-02-24T17:50:18+00:00,male,freshman,Sociology,,experiment,2,9,2026-02-24T17:26:51+00:00,green,30,white,"[""white"", ""white"", ""black"", ""black"", ""black"", ""black"", ""white"", ""white"", ""white""]",9,85,8,3408,,,,,
SONA_0017,46,30,50,4,80,5,2026-02-24T17:08:18+00:00,2026-02-24T17:50:18+00:00,male,freshman,Sociology,,experiment,2,10,2026-02-24T17:27:18+00:00,green,30,white,"[""white"", ""white"", ""black"", ""black"", ""black"", ""black"", ""white"", ""white"", ""white"", ""white""]",10,80,10,3113,,,,,
SONA_0017,46,30,50,4,80,5,2026-02-24T17:08:18+00:00,2026-02-24T17:50:18+00:00,male,freshman,Sociology,,experiment,2,11,2026-02-24T17:25:46+00:00,green,30,black,"[""white"", ""white"", ""black"", ""black"", ""black"", ""black"", ""white"", ""white"", ""white"", ""white"", ""black""]",11,65,7,3832,,,,,
SONA_0017,46,30,50,4,80,5,2026-02-24T17:08:18+00:00,2026-02-24T17:50:18+00:00,male,freshman,Sociology,,experiment,2,12,2026-02-24T17:26:54+00:00,green,30,white,"[""white"", ""white"", ""black"", ""black"", ""black"", ""black"", ""white"", ""white"", ""white"", ""white"", ""black"", ""white""]",12,90,7,3427,,,,,
SONA_0017,46,30,50,4,80,5,2026-02-24T17:08:18+00:00,2026-02-24T17:50:18+00:00,male,freshman,Sociology,,experiment,2,13,2026-02-24T17:27:20+00:00,green,30,black,"[""white"", ""white"", ""black"", ""black"", ""black"", ""black"", ""white"", ""white"", ""white"", ""white"", ""black"", ""white"", ""black""]",13,65,8,3768,,,,,
SONA_0017,46,30,50,4,80,5,2026-02-24T17:08:18+00:00,2026-02-24T17:50:18+00:00,male,freshman,Sociology,,experiment,2,14,2026-02-24T17:26:52+00:00,green,30,white,"[""white"", ""white"", ""black"", ""black"", ""black"", ""black"", ""white"", ""white"", ""white"", ""white"", ""black"", ""white"", ""black"", ""white""]",14,75,8,3557,,,,,
SONA_0017,46,30,50,4,80,5,2026-02-24T17:08:18+00:00,2026-02-24T17:50:18+00:00,male,freshman,Sociology,,experiment,2,15,2026-02-24T17:28:33+00:00,green,30,white,"[""white"", ""white"", ""black"", ""black"", ""black"", ""black"", ""white"", ""white"", ""white"", ""white"", ""black"", ""white"", ""black"", ""white"", ""white""]",15,80,7,3331,,,,,
SONA_0017,46,30,50,4,80,5,2026-02-24T17:08:18+00:00,2026-02-24T17:50:18+00:00,male,freshman,Sociology,,experiment,2,16,2026-02-24T17:28:18+00:00,green,30,white,"[""white"", ""white"", ""black"", ""black"", ""black"", ""black"", ""white"", ""white"", ""white"", ""white"", ""black"", ""white"", ""black"", ""white"", ""white"", ""white""]",16,100,8,2791,,,,,
SONA_0017,46,30,50,4,80,5,2026-02-24T17:08:18+00:00,2026-02-24T17:50:18+00:00,male,freshman,Sociology,,experiment,2,17,2026-02-24T17:27:25+00:00,green,30,white,"[""white"", ""white"", ""black"", ""black"", ""black"", ""black"", ""white"", ""white"", ""white"", ""white"", ""black"", ""white"", ""black"", ""white"", ""white"", ""white"", ""white""]",17,90,10,2707,,,,,
SONA_0017,46,30,50,4,80,5,2026-02-24T17:08:18+00:00,2026-02-24T17:50:18+00:00,male,freshman,Sociology,,experiment,2,18,2026-02-24T17:26:42+00:00,green,30,white,"[""white"", ""white"", ""black"", ""black"", ""black"", ""black"", ""white"", ""white"", ""white"", ""white"", ""black"", ""white"", ""black"", ""white"", ""white"", ""white"", ""white"", ""white""]",18,100,8,3328,,,,,
SONA_0017,46,30,50,4,80,5,2026-02-24T17:08:18+00:00,2026-02-24T17:50:18+00:00,male,freshman,Sociology,,experiment,2,19,2026-02-24T17:29:03+00:00,green,30,white,"[""white"", ""white"", ""black"", ""black"", ""black"", ""black"", ""white"", ""white"", ""white"", ""white"", ""black"", ""white"", ""black"", ""white"", ""white"", ""white"", ""white"", ""white"", ""white""]",19,100,7,3426,,,,,
SONA_0017,46,30,50,4,80,5,2026-02-24T17:08:18+00:00,2026-02-24T17:50:18+00:00,male,freshman,Sociology,,experiment,2,20,2026-02-24T17:28:38+00:00,green,30,white,"[""white"", ""white"", ""black"", ""black"", ""black"", ""black"", ""white"", ""white"", ""white"", ""white"", ""black"", ""white"", ""black"", ""white"", ""white"", ""white"", ""white"", ""white"", ""white"", ""white""]",20,100,9,3324,,,,,
SONA_0017,46,30,50,4,80,5,2026-02-24T17:08:18+00:00,2026-02-24T17:50:18+00:00,male,freshman,Sociology,,experiment,2,21,2026-02-24T17:28:09+00:00,green,30,black,"[""white"", ""white"", ""black"", ""black"", ""black"", ""black"", ""white"", ""white"", ""white"", ""white"", ""black"", ""white"", ""black"", ""white"", ""white"", ""white"", ""white"", ""white"", ""white"", ""white"", ""black""]",21,100,7,2659,,,,,
SONA_0017,46,30,50,4,80,5,2026-02-24T17:08:18+00:00,2026-02-24T17:50:18+00:00,male,freshman,Sociology,,experiment,2,22,2026-02-24T17:30:10+00:00,green,30,white,"[""white"", ""white"", ""black"", ""black"", ""black"", ""black"", ""white"", ""white"", ""white"", ""white"", ""black"", ""white"", ""black"", ""white"", ""white"", ""white"", ""white"", ""white"", ""white"", ""white"", ""black"", ""white""]",22,100,10,3414,,,,,
SONA_0017,46,30,50,4,80,5,2026-02-24T17:08:18+00:00,2026-02-24T17:50:18+00:00,male,freshman,Sociology,,experiment,2,23,2026-02-24T17:30:03+00:00,green,30,white,"[""white"", ""white"", ""black"", ""black"", ""black"", ""black"", ""white"", ""white"", ""white"", ""white"", ""black"", ""white"", ""black"", ""white"", ""white"", ""white"", ""white"", ""white"", ""white"", ""white"", ""black"", ""white"", ""white""]",23,100,10,3350,,,,,
SONA_0017,46,30,50,4,80,5,2026-02-24T17:08:18+00:00,2026-02-24T17:50:18+00:00,male,freshman,Sociology,,experiment,2,24,2026-02-24T17:31:30+00:00,green,30,black,"[""white"", ""white"", ""black"", ""black"", ""black"", ""black"", ""white"", ""white"", ""white"", ""white"", ""black"", ""white"", ""black"", ""white"", ""white"", ""white"", ""white"", ""white"", ""white"", ""white"", ""black"", ""white"", ""white"", ""black""]",24,85,8,3710,,,,,
SONA_0017,46,30,50,4,80,5,2026-02-24T17:08:18+00:00,2026-02-24T17:50:18+00:00,male,freshman,Sociology,,experiment,2,25,2026-02-24T17:29:43+00:00,green,30,white,"[""white"", ""white"", ""black"", ""black"", ""black"", ""black"", ""white"", ""white"", ""white"", ""white"", ""black"", ""white"", ""black"", ""white"", ""white"", ""white"", ""white"", ""white"", ""white"", ""white"", ""black"", ""white"", ""white"", ""black"", ""white""]",25,100,10,2836,,,,,
SONA_0017,46,30,50,4,80,5,2026-02-24T17:08:18+00:00,2026-02-24T17:50:18+00:00,male,freshman,Sociology,,experiment,2,26,2026-02-24T17:32:06+00:00,green,30,white,"[""white"", ""white"", ""black"", ""black"", ""black"", ""black"", ""white"", ""white"", ""white"", ""white"", ""black"", ""white"", ""black"", ""white"", ""white"", ""white"", ""white"", ""white"", ""white"", ""white"", ""black"", ""white"", ""white"", ""black"", ""white"", ""white""]",26,100,10,3840,,,,,
SONA_0017,46,30,50,4,80,5,2026-02-24T17:08:18+00:00,2026-02-24T17:50:18+00:00,male,freshman,Sociology,,experiment,2,27,2026-02-24T17:30:09+00:00,green,30,black,"[""white"", ""white"", ""black"", ""black"", ""black"", ""black"", ""white"", ""white"", ""white"", ""white"", ""black"", ""white"", ""black"", ""white"", ""white"", ""white"", ""white"", ""white"", ""white"", ""white"", ""black"", ""white"", ""white"", ""black"", ""white"", ""white"", ""black""]",27,95,8,3658,,,,,
SONA_0017,46,30,50,4,80,5,2026-02-24T17:08:18+00:00,2026-02-24T17:50:18+00:00,male,freshman,Sociology,,experiment,2,28,2026-02-24T17:30:22+00:00,green,30,white,"[""white"", ""white"", ""black"", ""black"", ""black"", ""black"", ""white"", ""white"", ""white"", ""white"", ""black"", ""white"", ""black"", ""white"", ""white"", ""white"", ""white"", ""white"", ""white"", ""white"", ""black"", ""white"", ""white"", ""black"", ""white"", ""white"", ""black"", ""white""]",28,100,9,2565,,,,,
SONA_0017,46,30,50,4,80,5,2026-02-24T17:08:18+00:00,2026-02-24T17:50:18+00:00,male,freshman,Sociology,,experiment,2,29,2026-02-24T17:28:10+00:00,green,30,white,"[""white"", ""white"", ""black"", ""black"", ""black"", ""black"", ""white"", ""white"", ""white"", ""white"", ""black"", ""white"", ""black"", ""white"", ""white"", ""white"", ""white"", ""white"", ""white"", ""white"", ""black"", ""white"", ""white"", ""black"", ""white"", ""white"", ""black"", ""white"", ""white""]",29,95,8,2555,,,,,
SONA_0017,46,30,50,4,80,5,2026-02-24T17:08:18+00:00,2026-02-24T17:50:18+00:00,male,freshman,Sociology,,experiment,2,30,2026-02-24T17:28:18+00:00,green,30,white,"[""white"", ""white"", ""black"", ""black"", ""black"", ""black"", ""white"", ""white"", ""white"", ""white"", ""black"", ""white"", ""black"", ""white"", ""white"", ""white"", ""white"", ""white"", ""white"", ""white"", ""black"", ""white"", ""white"", ""black"", ""white"", ""white"", ""black"", ""white"", ""white"", ""white""]",30,100,8,2916,,,,,
SONA_0017,46,30,50,4,80,5,2026-02-24T17:08:18+00:00,2026-02-24T17:50:18+00:00,male,freshman,Sociology,,experiment,2,31,2026-02-24T17:31:32+00:00,green,30,white,"[""white"", ""white"", ""black"", ""black"", ""black"", ""black"", ""white"", ""white"", ""white"", ""white"", ""black"", ""white"", ""black"", ""white"", ""white"", ""white"", ""white"", ""white"", ""white"", ""white"", ""black"", ""white"", ""white"", ""black"", ""white"", ""white"", ""black"", ""white"", ""white"", ""white"", ""white""]",31,100,8,3608,,,,,
SONA_0017,46,30,50,4,80,5,2026-02-24T17:08:18+00:00,2026-02-24T17:50:18+00:00,male,freshman,Sociology,,experiment,2,32,2026-02-24T17:31:14+00:00,green,30,white,"[""white"", ""white"", ""black"", ""black"", ""black"", ""black"", ""white"", ""white"", ""white"", ""white"", ""black"", ""white"", ""black"", ""white"", ""white"", ""white"", ""white"", ""white"", ""white"", ""white"", ""black"", ""white"", ""white"", ""black"", ""white"", ""white"", ""black"", ""white"", ""white"", ""white"", ""white"", ""white""]",32,100,9,3063,,,,,
SONA_0017,46,30,50,4,80,5,2026-02-24T17:08:18+00:00,2026-02-24T17:50:18+00:00,male,freshman,Sociology,,experiment,2,33,2026-02-24T17:31:27+00:00,green,30,black,"[""white"", ""white"", ""black"", ""black"", ""black"", ""black"", ""white"", ""white"", ""white"", ""white"", ""black"", ""white"", ""black"", ""white"", ""white"", ""white"", ""white"", ""white"", ""white"", ""white"", ""black"", ""white"", ""white"", ""black"", ""white"", ""white"", ""black"", ""white"", ""white"", ""white"", ""white"", ""white"", ""black""]",33,95,8,2768,,,,,
SONA_0017,46,30,50,4,80,5,2026-02-24T17:08:18+00:00,2026-02-24T17:50:18+00:00,male,freshman,Sociology,,experiment,3,1,2026-02-24T17:36:35+00:00,red,46,white,"[""white""]",1,30,8,4151,,,,,
SONA_0017,46,30,50,4,80,5,2026-02-24T17:08:18+00:00,2026-02-24T17:50:18+00:00,male,freshman,Sociology,,experiment,3,2,2026-02-24T17:36:34+00:00,red,46,white,"[""white"", ""white""]",2,40,6,3888,,,,,
SONA_0017,46,30,50,4,80,5,2026-02-24T17:08:18+00:00,2026-02-24T17:50:18+00:00,male,freshman,Sociology,,experiment,3,3,2026-02-24T17:36:54+00:00,red,46,black,"[""white"", ""white"", ""black""]",3,35,6,3837,,,,,
SONA_0017,46,30,50,4,80,5,2026-02-24T17:08:18+00:00,2026-02-24T17:50:18+00:00,male,freshman,Sociology,,experiment,3,4,2026-02-24T17:37:18+00:00,red,46,white,"[""white"", ""white"", ""black"", ""white""]",4,40,7,4023,,,,,
SONA_0017,46,30,50,4,80,5,2026-02-24T17:08:18+00:00,2026-02-24T17:50:18+00:00,male,freshman,Sociology,,experiment,3,5,2026-02-24T17:37:23+00:00,red,46,white,"[""white"", ""white"", ""black"", ""white"", ""white""]",5,35,4,4127,,,,,
SONA_0017,46,30,50,4,80,5,2026-02-24T17:08:18+00:00,2026-02-24T17:50:18+00:00,male,freshman,Sociology,,experiment,3,6,2026-02-24T17:37:36+00:00,red,46,white,"[""white"", ""white"", ""black"", ""white"", ""white"", ""white""]",6,35,5,3619,,,,,
SONA_0017,46,30,50,4,80,5,2026-02-24T17:08:18+00:00,2026-02-24T17:50:18+00:00,male,freshman,Sociology,,experiment,3,7,2026-02-24T17:37:56+00:00,red,46,black,"[""white"", ""white"", ""black"", ""white"", ""white"", ""white"", ""black""]",7,35,5,4095,,,,,
SONA_0017,46,30,50,4,80,5,2026-02-24T17:08:18+00:00,2026-02-24T17:50:18+00:00,male,freshman,Sociology,,experiment,3,8,2026-02-24T17:38:26+00:00,red,46,black,"[""white"", ""white"", ""black"", ""white"", ""white"", ""white"", ""black"", ""black""]",8,35,6,4095,,,,,
SONA_0017,46,30,50,4,80,5,2026-02-24T17:08:18+00:00,2026-02-24T17:50:18+00:00,male,freshman,Sociology,,experiment,3,9,2026-02-24T17:38:15+00:00,red,46,white,"[""white"", ""white"", ""black"", ""white"", ""white"", ""white"", ""black"", ""black"", ""white""]",9,35,7,3555,,,,,
SONA_0017,46,30,50,4,80,5,2026-02-24T17:08:18+00:00,2026-02-24T17:50:18+00:00,male,freshman,Sociology,,experiment,3,10,2026-02-24T17:37:58+00:00,red,46,white,"[""white"", ""white"", ""black"", ""white"", ""white"", ""white"", ""black"", ""black"", ""white"", ""white""]",10,30,8,3722,,,,,
SONA_0017,46,30,50,4,80,5,2026-02-24T17:08:18+00:00,2026-02-24T17:50:18+00:00,male,freshman,Sociology,,experiment,3,11,2026-02-24T17:39:03+00:00,red,46,black,"[""white"", ""white"", ""black"", ""white"", ""white"", ""white"", ""black"", ""black"", ""white"", ""white"", ""black""]",11,45,8,4365,,,,,
SONA_0017,46,30,50,4,80,5,2026-02-24T17:08:18+00:00,2026-02-24T17:50:18+00:00,male,freshman,Sociology,,experiment,3,12,2026-02-24T17:39:54+00:00,red,46,black,"[""white"", ""white"", ""black"", ""white"", ""white"", ""white"", ""black"", ""black"", ""white"", ""white"", ""black"", ""black""]",12,55,7,3941,,,,,
SONA_0017,46,30,50,4,80,5,2026-02-24T17:08:18+00:00,2026-02-24T17:50:18+00:00,male,freshman,Sociology,,experiment,3,13,2026-02-24T17:39:20+00:00,red,46,white,"[""white"", ""white"", ""black"", ""white"", ""white"", ""white"", ""black"", ""black"", ""white"", ""white"", ""black"", ""black"", ""white""]",13,40,7,4159,,,,,
SONA_0017,46,30,50,4,80,5,2026-02-24T17:08:18+00:00,2026-02-24T17:50:18+00:00,male,freshman,Sociology,,experiment,3,14,2026-02-24T17:40:02+00:00,red,46,black,"[""white"", ""white"", ""black"", ""white"", ""white"", ""white"", ""black"", ""black"", ""white"", ""white"", ""black"", ""black"", ""white"", ""black""]",14,45,8,3707,,,,,
SONA_0017,46,30,50,4,80,5,2026-02-24T17:08:18+00:00,2026-02-24T17:50:18+00:00,male,freshman,Sociology,,experiment,3,15,2026-02-24T17:39:48+00:00,red,46,white,"[""white"", ""white"", ""black"", ""white"", ""white"", ""white"", ""black"", ""black"", ""white"", ""white"", ""black"", ""black"", ""white"", ""black"", ""white""]",15,40,6,4045,,,,,
SONA_0017,46,30,50,4,80,5,2026-02-24T17:08:18+00:00,2026-02-24T17:50:18+00:00,male,freshman,Sociology,,experiment,3,16,2026-02-24T17:41:06+00:00,red,46,white,"[""white"", ""white"", ""black"", ""white"", ""white"", ""white"", ""black"", ""black"", ""white"", ""white"", ""black"", ""black"", ""white"", ""black"", ""white"", ""white""]",16,50,6,3603,,,,,
SONA_0017,46,30,50,4,80,5,2026-02-24T17:08:18+00:00,2026-02-24T17:50:18+00:00,male,freshman,Sociology,,experiment,3,17,2026-02-24T17:40:33+00:00,red,46,white,"[""white"", ""white"", ""black"", ""white"", ""white"", ""white"", ""black"", ""black"", ""white"", ""white"", ""black"", ""black"", ""white"", ""black"", ""white"", ""white"", ""white""]",17,40,7,3252,,,,,
SONA_0017,46,30,50,4,80,5,2026-02-24T17:08:18+00:00,2026-02-24T17:50:18+00:00,male,freshman,Sociology,,experiment,3,18,2026-02-24T17:40:30+00:00,red,46,black,"[""white"", ""white"", ""black"", ""white"", ""white"", ""white"", ""black"", ""black"", ""white"", ""white"", ""black"", ""black"", ""white"", ""black"", ""white"", ""white"", ""white"", ""black""]",18,45,4,3770,,,,,
SONA_0017,46,30,50,4,80,5,2026-02-24T17:08:18+00:00,2026-02-24T17:50:18+00:00,male,freshman,Sociology,,experiment,3,19,2026-02-24T17:39:47+00:00,red,46,black,"[""white"", ""white"", ""black"", ""white"", ""white"", ""white"", ""black"", ""black"", ""white"", ""white"", ""black"", ""black"", ""white"", ""black"", ""white"", ""white"", ""white"", ""black"", ""black""]",19,40,7,5041,,,,,
SONA_0017,46,30,50,4,80,5,2026-02-24T17:08:18+00:00,2026-02-24T17:50:18+00:00,male,freshman,Sociology,,experiment,3,20,2026-02-24T17:40:38+00:00,red,46,white,"[""white"", ""white"", ""black"", ""white"", ""white"", ""white"", ""black"", ""black"", ""white"", ""white"", ""black"", ""black"", ""white"", ""black"", ""white"", ""white"", ""white"", ""black"", ""black"", ""white""]",20,40,8,4218,,,,,
SONA_0017,46,30,50,4,80,5,2026-02-24T17:08:18+00:00,2026-02-24T17:50:18+00:00,male,freshman,Sociology,,experiment,3,21,2026-02-24T17:41:54+00:00,red,46,white,"[""white"", ""white"", ""black"", ""white"", ""white"", ""white"", ""black"", ""black"", ""white"", ""white"", ""black"", ""black"", ""white"", ""black"", ""white"", ""white"", ""white"", ""black"", ""black"", ""white"", ""white""]",21,40,8,3156,,,,,
SONA_0017,46,30,50,4,80,5,2026-02-24T17:08:18+00:00,2026-02-24T17:50:18+00:00,male,freshman,Sociology,,experiment,3,22,2026-02-24T17:42:32+00:00,red,46,black,"[""white"", ""white"", ""black"", ""white"", ""white"", ""white"", ""black"", ""black"", ""white"", ""white"", ""black"", ""black"", ""white"", ""black"", ""white"", ""white"", ""white"", ""black"", ""black"", ""white"", ""white"", ""black""]",22,50,8,4262,,,,,
SONA_0017,46,30,50,4,80,5,2026-02-24T17:08:18+00:00,2026-02-24T17:50:18+00:00,male,freshman,Sociology,,experiment,3,23,2026-02-24T17:43:12+00:00,red,46,black,"[""white"", ""white"", ""black"", ""white"", ""white"", ""white"", ""black"", ""black"", ""white"", ""white"", ""black"", ""black"", ""white"", ""black"", ""white"", ""white"", ""white"", ""black"", ""black"", ""white"", ""white"", ""black"", ""black""]",23,35,9,3247,,,,,
SONA_0017,46,30,50,4,80,5,2026-02-24T17:08:18+00:00,2026-02-24T17:50:18+00:00,male,freshman,Sociology,,experiment,3,24,2026-02-24T17:43:30+00:00,red,46,white,"[""white"", ""white"", ""black"", ""white"", ""white"", ""white"", ""black"", ""black"", ""white"", ""white"", ""black"", ""black"", ""white"", ""black"", ""white"", ""white"", ""white"", ""black"", ""black"", ""white"", ""white"", ""black"", ""black"", ""white""]",24,45,6,3444,,,,,
SONA_0017,46,30,50,4,80,5,2026-02-24T17:08:18+00:00,2026-02-24T17:50:18+00:00,male,freshman,Sociology,,experiment,3,25,2026-02-24T17:41:18+00:00,red,46,black,"[""white"", ""white"", ""black"", ""white"", ""white"", ""white"", ""black"", ""black"", ""white"", ""white"", ""black"", ""black"", ""white"", ""black"", ""white"", ""white"", ""white"", ""black"", ""black"", ""white"", ""white"", ""black"", ""black"", ""white"", ""black""]",25,35,7,3103,,,,,
SONA_0017,46,30,50,4,80,5,2026-02-24T17:08:18+00:00,2026-02-24T17:50:18+00:00,male,freshman,Sociology,,experiment,3,26,2026-02-24T17:43:14+00:00,red,46,black,"[""white"", ""white"", ""black"", ""white"", ""white"", ""white"", ""black"", ""black"", ""white"", ""white"", ""black"", ""black"", ""white"", ""black"", ""white"", ""white"", ""white"", ""black"", ""black"", ""white"", ""white"", ""black"", ""black"", ""white"", ""black"", ""black""]",26,50,8,3639,,,,,
SONA_0017,46,30,50,4,80,5,2026-02-24T17:08:18+00:00,2026-02-24T17:50:18+00:00,male,freshman,Sociology,,experiment,3,27,2026-02-24T17:41:42+00:00,red,46,white,"[""white"", ""white"", ""black"", ""white"", ""white"", ""white"", ""black"", ""black"", ""white"", ""white"", ""black"", ""black"", ""white"", ""black"", ""white"", ""white"", ""white"", ""black"", ""black"", ""white"", ""white"", ""black"", ""black"", ""white"", ""black"", ""black"", ""white""]",27,60,6,3158,,,,,
SONA_0017,46,30,50,4,80,5,2026-02-24T17:08:18+00:00,2026-02-24T17:50:18+00:00,male,freshman,Sociology,,experiment,3,28,2026-02-24T17:43:46+00:00,red,46,black,"[""white"", ""white"", ""black"", ""white"", ""white"", ""white"", ""black"", ""black"", ""white"", ""white"", ""black"", ""black"", ""white"", ""black"", ""white"", ""white"", ""white"", ""black"", ""black"", ""white"", ""white"", ""black"", ""black"", ""white"", ""black"", ""black"", ""white"", ""black""]",28,40,8,3932,,,,,
SONA_0017,46,30,50,4,80,5,2026-02-24T17:08:18+00:00,2026-02-24T17:50:18+00:00,male,freshman,Sociology,,experiment,3,29,2026-02-24T17:44:31+00:00,red,46,white,"[""white"", ""white"", ""black"", ""white"", ""white"", ""white"", ""black"", ""black"", ""white"", ""white"", ""black"", ""black"", ""white"", ""black"", ""white"", ""white"", ""white"", ""black"", ""black"", ""white"", ""white"", ""black"", ""black"", ""white"", ""black"", ""black"", ""white"", ""black"", ""white""]",29,45,6,4088,,,,,
SONA_0017,46,30,50,4,80,5,2026-02-24T17:08:18+00:00,2026-02-24T17:50:18+00:00,male,freshman,Sociology,,experiment,3,30,2026-02-24T17:40:18+00:00,red,46,white,"[""white"", ""white"", ""black"", ""white"", ""white"", ""white"", ""black"", ""black"", ""white"", ""white"", ""black"", ""black"", ""white"", ""black"", ""white"", ""white"", ""white"", ""black"", ""black"", ""white"", ""white"", ""black"", ""black"", ""white"", ""black"", ""black"", ""white"", ""black"", ""white"", ""white""]",30,45,7,3658,,,,,
SONA_0017,46,30,50,4,80,5,2026-02-24T17:08:18+00:00,2026-02-24T17:50:18+00:00,male,freshman,Sociology,,experiment,3,31,2026-02-24T17:43:01+00:00,red,46,white,"[""white"", ""white"", ""black"", ""white"", ""white"", ""white"", ""black"", ""black"", ""white"", ""white"", ""black"", ""black"", ""white"", ""black"", ""white"", ""white"", ""white"", ""black"", ""black"", ""white"", ""white"", ""black"", ""black"", ""white"", ""black"", ""black"", ""white"", ""black"", ""white"", ""white"", ""white""]",31,40,7,3501,,,,,
SONA_0017,46,30,50,4,80,5,2026-02-24T17:08:18+00:00,2026-02-24T17:50:18+00:00,male,freshman,Sociology,,experiment,3,32,2026-02-24T17:44:18+00:00,red,46,black,"[""white"", ""white"", ""black"", ""white"", ""white"", ""white"", ""black"", ""black"", ""white"", ""white"", ""black"", ""black"", ""white"", ""black"", ""white"", ""white"", ""white"", ""black"", ""black"", ""white"", ""white"", ""black"", ""black"", ""white"", ""black"", ""black"", ""white"", ""black"", ""white"", ""white"", ""white"", ""black""]",32,50,8,3814,,,,,
SONA_0017,46,30,50,4,80,5,2026-02-24T17:08:18+00:00,2026-02-24T17:50:18+00:00,male,freshman,Sociology,,experiment,3,33,2026-02-24T17:43:27+00:00,red,46,white,"[""white"", ""white"", ""black"", ""white"", ""white"", ""white"", ""black"", ""black"", ""white"", ""white"", ""black"", ""black"", ""white"", ""black"", ""white"", ""white"", ""white"", ""black"", ""black"", ""white"", ""white"", ""black"", ""black"", ""white"", ""black"", ""black"", ""white"", ""black"", ""white"", ""white"", ""white"", ""black"", ""white""]",33,50,6,3612,,,,,
SONA_0018,32,56,45,3,50,3,2026-02-24T15:43:41+00:00,2026-02-24T16:21:41+00:00,female,sophomore,Psychology,Statistics,experiment,1,1,2026-02-24T15:49:59+00:00,red,32,white,"[""white""]",1,65,8,3303,,,,,
SONA_0018,32,56,45,3,50,3,2026-02-24T15:43:41+00:00,2026-02-24T16:21:41+00:00,female,sophomore,Psychology,Statistics,experiment,1,2,2026-02-24T15:50:13+00:00,red,32,white,"[""white"", ""white""]",2,55,8,2914,,,,,
SONA_0018,32,56,45,3,50,3,2026-02-24T15:43:41+00:00,2026-02-24T16:21:41+00:00,female,sophomore,Psychology,Statistics,experiment,1,3,2026-02-24T15:50:11+00:00,red,32,white,"[""white"", ""white"", ""white""]",3,70,7,2513,,,,,
SONA_0018,32,56,45,3,50,3,2026-02-24T15:43:41+00:00,2026-02-24T16:21:41+00:00,female,sophomore,Psychology,Statistics,experiment,1,4,2026-02-24T15:50:49+00:00,red,32,white,"[""white"", ""white"", ""white"", ""white""]",4,60,9,2415,,,,,
SONA_0018,32,56,45,3,50,3,2026-02-24T15:43:41+00:00,2026-02-24T16:21:41+00:00,female,sophomore,Psychology,Statistics,experiment,1,5,2026-02-24T15:51:01+00:00,red,32,white,"[""white"", ""white"", ""white"", ""white"", ""white""]",5,70,7,3286,,,,,
SONA_0018,32,56,45,3,50,3,2026-02-24T15:43:41+00:00,2026-02-24T16:21:41+00:00,female,sophomore,Psychology,Statistics,experiment,1,6,2026-02-24T15:51:05+00:00,red,32,black,"[""white"", ""white"", ""white"", ""white"", ""white"", ""black""]",6,75,8,2653,,,,,
SONA_0018,32,56,45,3,50,3,2026-02-24T15:43:41+00:00,2026-02-24T16:21:41+00:00,female,sophomore,Psychology,Statistics,experiment,1,7,2026-02-24T15:50:58+00:00,red,32,white,"[""white"", ""white"", ""white"", ""white"", ""white"", ""black"", ""white""]",7,70,6,2505,,,,,
SONA_0018,32,56,45,3,50,3,2026-02-24T15:43:41+00:00,2026-02-24T16:21:41+00:00,female,sophomore,Psychology,Statistics,experiment,1,8,2026-02-24T15:51:01+00:00,red,32,white,"[""white"", ""white"", ""white"", ""white"", ""white"", ""black"", ""white"", ""white""]",8,90,10,2752,,,,,
SONA_0018,32,56,45,3,50,3,2026-02-24T15:43:41+00:00,2026-02-24T16:21:41+00:00,female,sophomore,Psychology,Statistics,experiment,1,9,2026-02-24T15:52:05+00:00,red,32,white,"[""white"", ""white"", ""white"", ""white"", ""white"", ""black"", ""white"", ""white"", ""white""]",9,85,8,2792,,,,,
SONA_0018,32,56,45,3,50,3,2026-02-24T15:43:41+00:00,2026-02-24T16:21:41+00:00,female,sophomore,Psychology,Statistics,experiment,1,10,2026-02-24T15:52:01+00:00,red,32,black,"[""white"", ""white"", ""white"", ""white"", ""white"", ""black"", ""white"", ""white"", ""white"", ""black""]",10,95,10,2022,,,,,
SONA_0018,32,56,45,3,50,3,2026-02-24T15:43:41+00:00,2026-02-24T16:21:41+00:00,female,sophomore,Psychology,Statistics,experiment,1,11,2026-02-24T15:51:42+00:00,red,32,black,"[""white"", ""white"", ""white"", ""white"", ""white"", ""black"", ""white"", ""white"", ""white"", ""black"", ""black""]",11,80,10,2516,,,,,
SONA_0018,32,56,45,3,50,3,2026-02-24T15:43:41+00:00,2026-02-24T16:21:41+00:00,female,sophomore,Psychology,Statistics,experiment,1,12,2026-02-24T15:51:29+00:00,red,32,white,"[""white"", ""white"", ""white"", ""white"", ""white"", ""black"", ""white"", ""white"", ""white"", ""black"", ""black"", ""white""]",12,65,8,1677,,,,,
SONA_0018,32,56,45,3,50,3,2026-02-24T15:43:41+00:00,2026-02-24T16:21:41+00:00,female,sophomore,Psychology,Statistics,experiment,1,13,2026-02-24T15:53:35+00:00,red,32,black,"[""white"", ""white"", ""white"", ""white"", ""white"", ""black"", ""white"", ""white"", ""white"", ""black"", ""black"", ""white"", ""black""]",13,70,8,2290,,,,,
SONA_0018,32,56,45,3,50,3,2026-02-24T15:43:41+00:00,2026-02-24T16:21:41+00:00,female,sophomore,Psychology,Statistics,experiment,1,14,2026-02-24T15:52:43+00:00,red,32,white,"[""white"", ""white"", ""white"", ""white"", ""white"", ""black"", ""white"", ""white"", ""white"", ""black"", ""black"", ""white"", ""black"", ""white""]",14,85,8,2410,,,,,
SONA_0018,32,56,45,3,50,3,2026-02-24T15:43:41+00:00,2026-02-24T16:21:41+00:00,female,sophomore,Psychology,Statistics,experiment,1,15,2026-02-24T15:53:41+00:00,red,32,black,"[""white"", ""white"", ""white"", ""white"", ""white"", ""black"", ""white"", ""white"", ""white"", ""black"", ""black"", ""white"", ""black"", ""white"", ""black""]",15,70,9,3022,,,,,
SONA_0018,32,56,45,3,50,3,2026-02-24T15:43:41+00:00,2026-02-24T16:21:41+00:00,female,sophomore,Psychology,Statistics,experiment,1,16,2026-02-24T15:54:13+00:00,red,32,white,"[""white"", ""white"", ""white"", ""white"", ""white"", ""black"", ""white"", ""white"", ""white"", ""black"", ""black"", ""white"", ""black"", ""white"", ""black"", ""white""]",16,75,10,2393,,,,,
SONA_0018,32,56,45,3,50,3,2026-02-24T15:43:41+00:00,2026-02-24T16:21:41+00:00,female,sophomore,Psychology,Statistics,experiment,1,17,2026-02-24T15:54:13+00:00,red,32,white,"[""white"", ""white"", ""white"", ""white"", ""white"", ""black"", ""white"", ""white"", ""white"", ""black"", ""black"", ""white"", ""black"", ""white"", ""black"", ""white"", ""white""]",17,75,8,2310,,,,,
SONA_0018,32,56,45,3,50,3,2026-02-24T15:43:41+00:00,2026-02-24T16:21:41+00:00,female,sophomore,Psychology,Statistics,experiment,1,18,2026-02-24T15:52:59+00:00,red,32,black,"[""white"", ""white"", ""white"", ""white"", ""white"", ""black"", ""white"", ""white"", ""white"", ""black"", ""black"", ""white"", ""black"", ""white"", ""black"", ""white"", ""white"", ""black""]",18,60,9,1780,,,,,
SONA_0018,32,56,45,3,50,3,2026-02-24T15:43:41+00:00,2026-02-24T16:21:41+00:00,female,sophomore,Psychology,Statistics,experiment,1,19,2026-02-24T15:52:13+00:00,red,32,white,"[""white"", ""white"", ""white"", ""white"", ""white"", ""black"", ""white"", ""white"", ""white"", ""black"", ""black"", ""white"", ""black"", ""white"", ""black"", ""white"", ""white"", ""black"", ""white""]",19,75,8,2003,,,,,
SONA_0018,32,56,45,3,50,3,2026-02-24T15:43:41+00:00,2026-02-24T16:21:41+00:00,female,sophomore,Psychology,Statistics,experiment,1,20,2026-02-24T15:53:41+00:00,red,32,white,"[""white"", ""white"", ""white"", ""white"", ""white"", ""black"", ""white"", ""white"", ""white"", ""black"", ""black"", ""white"", ""black"", ""white"", ""black"", ""white"", ""white"", ""black"", ""white"", ""white""]",20,100,9,1963,,,,,
SONA_0018,32,56,45,3,50,3,2026-02-24T15:43:41+00:00,2026-02-24T16:21:41+00:00,female,sophomore,Psychology,Statistics,experiment,1,21,2026-02-24T15:55:38+00:00,red,32,white,"[""white"", ""white"", ""white"", ""white"", ""white"", ""black"", ""white"", ""white"", ""white"", ""black"", ""black"", ""white"", ""black"", ""white"", ""black"", ""white"", ""white"", ""black"", ""white"", ""white"", ""white""]",21,95,10,1906,,,,,
SONA_0018,32,56,45,3,50,3,2026-02-24T15:43:41+00:00,2026-02-24T16:21:41+00:00,female,sophomore,Psychology,Statistics,experiment,1,22,2026-02-24T15:53:43+00:00,red,32,black,"[""white"", ""white"", ""white"", ""white"", ""white"", ""black"", ""white"", ""white"", ""white"", ""black"", ""black"", ""white"", ""black"", ""white"", ""black"", ""white"", ""white"", ""black"", ""white"", ""white"", ""white"", ""black""]",22,90,9,2180,,,,,
SONA_0018,32,56,45,3,50,3,2026-02-24T15:43:41+00:00,2026-02-24T16:21:41+00:00,female,sophomore,Psychology,Statistics,experiment,1,23,2026-02-24T15:52:45+00:00,red,32,black,"[""white"", ""white"", ""white"", ""white"", ""white"", ""black"", ""white"", ""white"", ""white"", ""black"", ""black"", ""white"", ""black"", ""white"", ""black"", ""white"", ""white"", ""black"", ""white"", ""white"", ""white"", ""black"", ""black""]",23,80,9,1706,,,,,
SONA_0018,32,56,45,3,50,3,2026-02-24T15:43:41+00:00,2026-02-24T16:21:41+00:00,female,sophomore,Psychology,Statistics,experiment,1,24,2026-02-24T15:56:29+00:00,red,32,white,"[""white"", ""white"", ""white"", ""white"", ""white"", ""black"", ""white"", ""white"", ""white"", ""black"", ""black"", ""white"", ""black"", ""white"", ""black"", ""white"", ""white"", ""black"", ""white"", ""white"", ""white"", ""black"", ""black"", ""white""]",24,95,10,1574,,,,,
SONA_0018,32,56,45,3,50,3,2026-02-24T15:43:41+00:00,2026-02-24T16:21:41+00:00,female,sophomore,Psychology,Statistics,experiment,1,25,2026-02-24T15:56:46+00:00,red,32,white,"[""white"", ""white"", ""white"", ""white"", ""white"", ""black"", ""white"", ""white"", ""white"", ""black"", ""black"", ""white"", ""black"", ""white"", ""black"", ""white"", ""white"", ""black"", ""white"", ""white"", ""white"", ""black"", ""black"", ""white"", ""white""]",25,100,10,1982,,,,,
SONA_0018,32,56,45,3,50,3,2026-02-24T15:43:41+00:00,2026-02-24T16:21:41+00:00,female,sophomore,Psychology,Statistics,experiment,1,26,2026-02-24T15:57:03+00:00,red,32,white,"[""white"", ""white"", ""white"", ""white"", ""white"", ""black"", ""white"", ""white"", ""white"", ""black"", ""black"", ""white"", ""black"", ""white"", ""black"", ""white"", ""white"", ""black"", ""white"", ""white"", ""white"", ""black"", ""black"", ""white"", ""white"", ""white""]",26,95,10,1818,,,,,
SONA_0018,32,56,45,3,50,3,2026-02-24T15:43:41+00:00,2026-02-24T16:21:41+00:00,female,sophomore,Psychology,Statistics,experiment,1,27,2026-02-24T15:55:05+00:00,red,32,black,"[""white"", ""white"", ""white"", ""white"", ""white"", ""black"", ""white"", ""white"", ""white"", ""black"", ""black"", ""white"", ""black"", ""white"", ""black"", ""white"", ""white"", ""black"", ""white"", ""white"", ""white"", ""black"", ""black"", ""white"", ""white"", ""white"", ""black""]",27,95,10,1400,,,,,
SONA_0018,32,56,45,3,50,3,2026-02-24T15:43:41+00:00,2026-02-24T16:21:41+00:00,female,sophomore,Psychology,Statistics,experiment,1,28,2026-02-24T15:58:05+00:00,red,32,white,"[""white"", ""white"", ""white"", ""white"", ""white"", ""black"", ""white"", ""white"", ""white"", ""black"", ""black"", ""white"", ""black"", ""white"", ""black"", ""white"", ""white"", ""black"", ""white"", ""white"", ""white"", ""black"", ""black"", ""white"", ""white"", ""white"", ""black"", ""white""]",28,100,10,1513,,,,,
SONA_0018,32,56,45,3,50,3,2026-02-24T15:43:41+00:00,2026-02-24T16:21:41+00:00,female,sophomore,Psychology,Statistics,experiment,1,29,2026-02-24T15:54:31+00:00,red,32,white,"[""white"", ""white"", ""white"", ""white"", ""white"", ""black"", ""white"", ""white"", ""white"", ""black"", ""black"", ""white"", ""black"", ""white"", ""black"", ""white"", ""white"", ""black"", ""white"", ""white"", ""white"", ""black"", ""black"", ""white"", ""white"", ""white"", ""black"", ""white"", ""white""]",29,100,10,1177,,,,,
SONA_0018,32,56,45,3,50,3,2026-02-24T15:43:41+00:00,2026-02-24T16:21:41+00:00,female,sophomore,Psychology,Statistics,experiment,1,30,2026-02-24T15:58:11+00:00,red,32,white,"[""white"", ""white"", ""white"", ""white"", ""white"", ""black"", ""white"", ""white"", ""white"", ""black"", ""black"", ""white"", ""black"", ""white"", ""black"", ""white"", ""white"", ""black"", ""white"", ""white"", ""white"", ""black"", ""black"", ""white"", ""white"", ""white"", ""black"", ""white"", ""white"", ""white""]",30,95,9,1905,,,,,
SONA_0018,32,56,45,3,50,3,2026-02-24T15:43:41+00:00,2026-02-24T16:21:41+00:00,female,sophomore,Psychology,Statistics,experiment,1,31,2026-02-24T15:57:26+00:00,red,32,black,"[""white"", ""white"", ""white"", ""white"", ""white"", ""black"", ""white"", ""white"", ""white"", ""black"", ""black"", ""white"", ""black"", ""white"", ""black"", ""white"", ""white"", ""black"", ""white"", ""white"", ""white"", ""black"", ""black"", ""white"", ""white"", ""white"", ""black"", ""white"", ""white"", ""white"", ""black""]",31,90,10,1523,,,,,
SONA_0018,32,56,45,3,50,3,2026-02-24T15:43:41+00:00,2026-02-24T16:21:41+00:00,female,sophomore,Psychology,Statistics,experiment,1,32,2026-02-24T15:54:29+00:00,red,32,white,"[""white"", ""white"", ""white"", ""white"", ""white"", ""black"", ""white"", ""white"", ""white"", ""black"", ""black"", ""white"", ""black"", ""white"", ""black"", ""white"", ""white"", ""black"", ""white"", ""white"", ""white"", ""black"", ""black"", ""white"", ""white"", ""white"", ""black"", ""white"", ""white"", ""white"", ""black"", ""white""]",32,100,8,1656,,,,,
SONA_0018,32,56,45,3,50,3,2026-02-24T15:43:41+00:00,2026-02-24T16:21:41+00:00,female,sophomore,Psychology,Statistics,experiment,1,33,2026-02-24T15:59:02+00:00,red,32,white,"[""white"", ""white"", ""white"", ""white"", ""white"", ""black"", ""white"", ""white"", ""white"", ""black"", ""black"", ""white"", ""black"", ""white"", ""black"", ""white"", ""white"", ""black"", ""white"", ""white"", ""white"", ""black"", ""black"", ""white"", ""white"", ""white"", ""black"", ""white"", ""white"", ""white"", ""black"", ""white"", ""white""]",33,100,9,1079,,,,,
SONA_0018,32,56,45,3,50,3,2026-02-24T15:43:41+00:00,2026-02-24T16:21:41+00:00,female,sophomore,Psychology,Statistics,experiment,2,1,2026-02-24T15:58:57+00:00,green,56,white,"[""white""]",1,45,7,3656,,,,,
SONA_0018,32,56,45,3,50,3,2026-02-24T15:43:41+00:00,2026-02-24T16:21:41+00:00,female,sophomore,Psychology,Statistics,experiment,2,2,2026-02-24T15:59:15+00:00,green,56,black,"[""white"", ""black""]",2,55,8,3078,,,,,
SONA_0018,32,56,45,3,50,3,2026-02-24T15:43:41+00:00,2026-02-24T16:21:41+00:00,female,sophomore,Psychology,Statistics,experiment,2,3,2026-02-24T15:59:08+00:00,green,56,white,"[""white"", ""black"", ""white""]",3,45,7,2928,,,,,
SONA_0018,32,56,45,3,50,3,2026-02-24T15:43:41+00:00,2026-02-24T16:21:41+00:00,female,sophomore,Psychology,Statistics,experiment,2,4,2026-02-24T15:59:45+00:00,green,56,white,"[""white"", ""black"", ""white"", ""white""]",4,40,8,2970,,,,,
SONA_0018,32,56,45,3,50,3,2026-02-24T15:43:41+00:00,2026-02-24T16:21:41+00:00,female,sophomore,Psychology,Statistics,experiment,2,5,2026-02-24T15:59:41+00:00,green,56,black,"[""white"", ""black"", ""white"", ""white"", ""black""]",5,45,8,2341,,,,,
SONA_0018,32,56,45,3,50,3,2026-02-24T15:43:41+00:00,2026-02-24T16:21:41+00:00,female,sophomore,Psychology,Statistics,experiment,2,6,2026-02-24T16:00:29+00:00,green,56,black,"[""white"", ""black"", ""white"", ""white"", ""black"", ""black""]",6,55,8,2916,,,,,
SONA_0018,32,56,45,3,50,3,2026-02-24T15:43:41+00:00,2026-02-24T16:21:41+00:00,female,sophomore,Psychology,Statistics,experiment,2,7,2026-02-24T16:00:12+00:00,green,56,black,"[""white"", ""black"", ""white"", ""white"", ""black"", ""black"", ""black""]",7,50,8,2372,,,,,
SONA_0018,32,56,45,3,50,3,2026-02-24T15:43:41+00:00,2026-02-24T16:21:41+00:00,female,sophomore,Psychology,Statistics,experiment,2,8,2026-02-24T16:00:49+00:00,green,56,white,"[""white"", ""black"", ""white"", ""white"", ""black"", ""black"", ""black"", ""white""]",8,45,8,2210,,,,,
SONA_0018,32,56,45,3,50,3,2026-02-24T15:43:41+00:00,2026-02-24T16:21:41+00:00,female,sophomore,Psychology,Statistics,experiment,2,9,2026-02-24T16:00:56+00:00,green,56,white,"[""white"", ""black"", ""white"", ""white"", ""black"", ""black"", ""black"", ""white"", ""white""]",9,60,8,2433,,,,,
SONA_0018,32,56,45,3,50,3,2026-02-24T15:43:41+00:00,2026-02-24T16:21:41+00:00,female,sophomore,Psychology,Statistics,experiment,2,10,2026-02-24T16:00:11+00:00,green,56,white,"[""white"", ""black"", ""white"", ""white"", ""black"", ""black"", ""black"", ""white"", ""white"", ""white""]",10,35,8,3229,,,,,
SONA_0018,32,56,45,3,50,3,2026-02-24T15:43:41+00:00,2026-02-24T16:21:41+00:00,female,sophomore,Psychology,Statistics,experiment,2,11,2026-02-24T16:00:20+00:00,green,56,black,"[""white"", ""black"", ""white"", ""white"", ""black"", ""black"", ""black"", ""white"", ""white"", ""white"", ""black""]",11,45,9,2437,,,,,
SONA_0018,32,56,45,3,50,3,2026-02-24T15:43:41+00:00,2026-02-24T16:21:41+00:00,female,sophomore,Psychology,Statistics,experiment,2,12,2026-02-24T16:00:53+00:00,green,56,white,"[""white"", ""black"", ""white"", ""white"", ""black"", ""black"", ""black"", ""white"", ""white"", ""white"", ""black"", ""white""]",12,55,7,1992,,,,,
SONA_0018,32,56,45,3,50,3,2026-02-24T15:43:41+00:00,2026-02-24T16:21:41+00:00,female,sophomore,Psychology,Statistics,experiment,2,13,2026-02-24T16:01:17+00:00,green,56,white,"[""white"", ""black"", ""white"", ""white"", ""black"", ""black"", ""black"", ""white"", ""white"", ""white"", ""black"", ""white"", ""white""]",13,40,8,2841,,,,,
SONA_0018,32,56,45,3,50,3,2026-02-24T15:43:41+00:00,2026-02-24T16:21:41+00:00,female,sophomore,Psychology,Statistics,experiment,2,14,2026-02-24T16:00:47+00:00,green,56,white,"[""white"", ""black"", ""white"", ""white"", ""black"", ""black"", ""black"", ""white"", ""white"", ""white"", ""black"", ""white"", ""white"", ""white""]",14,50,7,3222,,,,,
SONA_0018,32,56,45,3,50,3,2026-02-24T15:43:41+00:00,2026-02-24T16:21:41+00:00,female,sophomore,Psychology,Statistics,experiment,2,15,2026-02-24T16:02:26+00:00,green,56,white,"[""white"", ""black"", ""white"", ""white"", ""black"", ""black"", ""black"", ""white"", ""white"", ""white"", ""black"", ""white"", ""white"", ""white"", ""white""]",15,30,9,2789,,,,,
SONA_0018,32,56,45,3,50,3,2026-02-24T15:43:41+00:00,2026-02-24T16:21:41+00:00,female,sophomore,Psychology,Statistics,experiment,2,16,2026-02-24T16:01:53+00:00,green,56,black,"[""white"", ""black"", ""white"", ""white"", ""black"", ""black"", ""black"", ""white"", ""white"", ""white"", ""black"", ""white"", ""white"", ""white"", ""white"", ""black""]",16,40,8,2496,,,,,
SONA_0018,32,56,45,3,50,3,2026-02-24T15:43:41+00:00,2026-02-24T16:21:41+00:00,female,sophomore,Psychology,Statistics,experiment,2,17,2026-02-24T16:01:14+00:00,green,56,white,"[""white"", ""black"", ""white"", ""white"", ""black"", ""black"", ""black"", ""white"", ""white"", ""white"", ""black"", ""white"", ""white"", ""white"", ""white"", ""black"", ""white""]",17,45,8,2427,,,,,
SONA_0018,32,56,45,3,50,3,2026-02-24T15:43:41+00:00,2026-02-24T16:21:41+00:00,female,sophomore,Psychology,Statistics,experiment,2,18,2026-02-24T16:03:47+00:00,green,56,black,"[""white"", ""black"", ""white"", ""white"", ""black"", ""black"", ""black"", ""white"", ""white"", ""white"", ""black"", ""white"", ""white"", ""white"", ""white"", ""black"", ""white"", ""black""]",18,50,9,2652,,,,,
SONA_0018,32,56,45,3,50,3,2026-02-24T15:43:41+00:00,2026-02-24T16:21:41+00:00,female,sophomore,Psychology,Statistics,experiment,2,19,2026-02-24T16:01:51+00:00,green,56,black,"[""white"", ""black"", ""white"", ""white"", ""black"", ""black"", ""black"", ""white"", ""white"", ""white"", ""black"", ""white"", ""white"", ""white"", ""white"", ""black"", ""white"", ""black"", ""black""]",19,40,9,2714,,,,,
SONA_0018,32,56,45,3,50,3,2026-02-24T15:43:41+00:00,2026-02-24T16:21:41+00:00,female,sophomore,Psychology,Statistics,experiment,2,20,2026-02-24T16:04:41+00:00,green,56,white,"[""white"", ""black"", ""white"", ""white"", ""black"", ""black"", ""black"", ""white"", ""white"", ""white"", ""black"", ""white"", ""white"", ""white"", ""white"", ""black"", ""white"", ""black"", ""black"", ""white""]",20,45,9,3168,,,,,
SONA_0018,32,56,45,3,50,3,2026-02-24T15:43:41+00:00,2026-02-24T16:21:41+00:00,female,sophomore,Psychology,Statistics,experiment,2,21,2026-02-24T16:01:50+00:00,green,56,white,"[""white"", ""black"", ""white"", ""white"", ""black"", ""black"", ""black"", ""white"", ""white"", ""white"", ""black"", ""white"", ""white"", ""white"", ""white"", ""black"", ""white"", ""black"", ""black"", ""white"", ""white""]",21,35,8,2905,,,,,
SONA_0018,32,56,45,3,50,3,2026-02-24T15:43:41+00:00,2026-02-24T16:21:41+00:00,female,sophomore,Psychology,Statistics,experiment,2,22,2026-02-24T16:03:49+00:00,green,56,black,"[""white"", ""black"", ""white"", ""white"", ""black"", ""black"", ""black"", ""white"", ""white"", ""white"", ""black"", ""white"", ""white"", ""white"", ""white"", ""black"", ""white"", ""black"", ""black"", ""white"", ""white"", ""black""]",22,50,10,2552,,,,,
SONA_0018,32,56,45,3,50,3,2026-02-24T15:43:41+00:00,2026-02-24T16:21:41+00:00,female,sophomore,Psychology,Statistics,experiment,2,23,2026-02-24T16:04:26+00:00,green,56,white,"[""white"", ""black"", ""white"", ""white"", ""black"", ""black"", ""black"", ""white"", ""white"", ""white"", ""black"", ""white"", ""white"", ""white"", ""white"", ""black"", ""white"", ""black"", ""black"", ""white"", ""white"", ""black"", ""white""]",23,50,7,2939,,,,,
SONA_0018,32,56,45,3,50,3,2026-02-24T15:43:41+00:00,2026-02-24T16:21:41+00:00,female,sophomore,Psychology,Statistics,experiment,2,24,2026-02-24T16:03:05+00:00,green,56,black,"[""white"", ""black"", ""white"", ""white"", ""black"", ""black"", ""black"", ""white"", ""white"", ""white"", ""black"", ""white"", ""white"", ""white"", ""white"", ""black"", ""white"", ""black"", ""black"", ""white"", ""white"", ""black"", ""white"", ""black""]",24,55,9,2399,,,,,
SONA_0018,32,56,45,3,50,3,2026-02-24T15:43:41+00:00,2026-02-24T16:21:41+00:00,female,sophomore,Psychology,Statistics,experiment,2,25,2026-02-24T16:04:06+00:00,green,56,black,"[""white"", ""black"", ""white"", ""white"", ""black"", ""black"", ""black"", ""white"", ""white"", ""white"", ""black"", ""white"", ""white"", ""white"", ""white"", ""black"", ""white"", ""black"", ""black"", ""white"", ""white"", ""black"", ""white"", ""black"", ""black""]",25,45,8,2020,,,,,
SONA_0018,32,56,45,3,50,3,2026-02-24T15:43:41+00:00,2026-02-24T16:21:41+00:00,female,sophomore,Psychology,Statistics,experiment,2,26,2026-02-24T16:06:29+00:00,green,56,white,"[""white"", ""black"", ""white"", ""white"", ""black"", ""black"", ""black"", ""white"", ""white"", ""white"", ""black"", ""white"", ""white"", ""white"", ""white"", ""black"", ""white"", ""black"", ""black"", ""white"", ""white"", ""black"", ""white"", ""black"", ""black"", ""white""]",26,50,8,2335,,,,,
SONA_0018,32,56,45,3,50,3,2026-02-24T15:43:41+00:00,2026-02-24T16:21:41+00:00,female,sophomore,Psychology,Statistics,experiment,2,27,2026-02-24T16:04:59+00:00,green,56,white,"[""white"", ""black"", ""white"", ""white"", ""black"", ""black"", ""black"", ""white"", ""white"", ""white"", ""black"", ""white"", ""white"", ""white"", ""white"", ""black"", ""white"", ""black"", ""black"", ""white"", ""white"", ""black"", ""white"", ""black"", ""black"", ""white"", ""white""]",27,35,7,2262,,,,,
SONA_0018,32,56,45,3,50,3,2026-02-24T15:43:41+00:00,2026-02-24T16:21:41+00:00,female,sophomore,Psychology,Statistics,experiment,2,28,2026-02-24T16:03:49+00:00,green,56,white,"[""white"", ""black"", ""white"", ""white"", ""black"", ""black"", ""black"", ""white"", ""white"", ""white"", ""black"", ""white"", ""white"", ""white"", ""white"", ""black"", ""white"", ""black"", ""black"", ""white"", ""white"", ""black"", ""white"", ""black"", ""black"", ""white"", ""white"", ""white""]",28,35,8,2025,,,,,
SONA_0018,32,56,45,3,50,3,2026-02-24T15:43:41+00:00,2026-02-24T16:21:41+00:00,female,sophomore,Psychology,Statistics,experiment,2,29,2026-02-24T16:03:02+00:00,green,56,black,"[""white"", ""black"", ""white"", ""white"", ""black"", ""black"", ""black"", ""white"", ""white"", ""white"", ""black"", ""white"", ""white"", ""white"", ""white"", ""black"", ""white"", ""black"", ""black"", ""white"", ""white"", ""black"", ""white"", ""black"", ""black"", ""white"", ""white"", ""white"", ""black""]",29,40,7,1858,,,,,
SONA_0018,32,56,45,3,50,3,2026-02-24T15:43:41+00:00,2026-02-24T16:21:41+00:00,female,sophomore,Psychology,Statistics,experiment,2,30,2026-02-24T16:04:41+00:00,green,56,black,"[""white"", ""black"", ""white"", ""white"", ""black"", ""black"", ""black"", ""white"", ""white"", ""white"", ""black"", ""white"", ""white"", ""white"", ""white"", ""black"", ""white"", ""black"", ""black"", ""white"", ""white"", ""black"", ""white"", ""black"", ""black"", ""white"", ""white"", ""white"", ""black"", ""black""]",30,65,8,2333,,,,,
SONA_0018,32,56,45,3,50,3,2026-02-24T15:43:41+00:00,2026-02-24T16:21:41+00:00,female,sophomore,Psychology,Statistics,experiment,2,31,2026-02-24T16:03:20+00:00,green,56,black,"[""white"", ""black"", ""white"", ""white"", ""black"", ""black"", ""black"", ""white"", ""white"", ""white"", ""black"", ""white"", ""white"", ""white"", ""white"", ""black"", ""white"", ""black"", ""black"", ""white"", ""white"", ""black"", ""white"", ""black"", ""black"", ""white"", ""white"", ""white"", ""black"", ""black"", ""black""]",31,65,8,2079,,,,,
SONA_0018,32,56,45,3,50,3,2026-02-24T15:43:41+00:00,2026-02-24T16:21:41+00:00,female,sophomore,Psychology,Statistics,experiment,2,32,2026-02-24T16:04:01+00:00,green,56,black,"[""white"", ""black"", ""white"", ""white"", ""black"", ""black"", ""black"", ""white"", ""white"", ""white"", ""black"", ""white"", ""white"", ""white"", ""white"", ""black"", ""white"", ""black"", ""black"", ""white"", ""white"", ""black"", ""white"", ""black"", ""black"", ""white"", ""white"", ""white"", ""black"", ""black"", ""black"", ""black""]",32,50,9,2722,,,,,
SONA_0018,32,56,45,3,50,3,2026-02-24T15:43:41+00:00,2026-02-24T16:21:41+00:00,female,sophomore,Psychology,Statistics,experiment,2,33,2026-02-24T16:06:23+00:00,green,56,black,"[""white"", ""black"", ""white"", ""white"", ""black"", ""black"", ""black"", ""white"", ""white"", ""white"", ""black"", ""white"", ""white"", ""white"", ""white"", ""black"", ""white"", ""black"", ""black"", ""white"", ""white"", ""black"", ""white"", ""black"", ""black"", ""white"", ""white"", ""white"", ""black"", ""black"", ""black"", ""black"", ""black""]",33,55,7,2559,,,,,
SONA_0018,32,56,45,3,50,3,2026-02-24T15:43:41+00:00,2026-02-24T16:21:41+00:00,female,sophomore,Psychology,Statistics,experiment,3,1,2026-02-24T16:11:55+00:00,red,32,white,"[""white""]",1,95,9,2266,,,,,
SONA_0018,32,56,45,3,50,3,2026-02-24T15:43:41+00:00,2026-02-24T16:21:41+00:00,female,sophomore,Psychology,Statistics,experiment,3,2,2026-02-24T16:12:09+00:00,red,32,white,"[""white"", ""white""]",2,100,9,2145,,,,,
SONA_0018,32,56,45,3,50,3,2026-02-24T15:43:41+00:00,2026-02-24T16:21:41+00:00,female,sophomore,Psychology,Statistics,experiment,3,3,2026-02-24T16:12:14+00:00,red,32,white,"[""white"", ""white"", ""white""]",3,100,10,1801,,,,,
SONA_0018,32,56,45,3,50,3,2026-02-24T15:43:41+00:00,2026-02-24T16:21:41+00:00,female,sophomore,Psychology,Statistics,experiment,3,4,2026-02-24T16:12:33+00:00,red,32,white,"[""white"", ""white"", ""white"", ""white""]",4,95,8,2450,,,,,
SONA_0018,32,56,45,3,50,3,2026-02-24T15:43:41+00:00,2026-02-24T16:21:41+00:00,female,sophomore,Psychology,Statistics,experiment,3,5,2026-02-24T16:12:46+00:00,red,32,white,"[""white"", ""white"", ""white"", ""white"", ""white""]",5,100,10,2193,,,,,
SONA_0018,32,56,45,3,50,3,2026-02-24T15:43:41+00:00,2026-02-24T16:21:41+00:00,female,sophomore,Psychology,Statistics,experiment,3,6,2026-02-24T16:13:23+00:00,red,32,white,"[""white"", ""white"", ""white"", ""white"", ""white"", ""white""]",6,100,8,2014,,,,,
SONA_0018,32,56,45,3,50,3,2026-02-24T15:43:41+00:00,2026-02-24T16:21:41+00:00,female,sophomore,Psychology,Statistics,experiment,3,7,2026-02-24T16:12:58+00:00,red,32,white,"[""white"", ""white"", ""white"", ""white"", ""white"", ""white"", ""white""]",7,100,10,1739,,,,,
SONA_0018,32,56,45,3,50,3,2026-02-24T15:43:41+00:00,2026-02-24T16:21:41+00:00,female,sophomore,Psychology,Statistics,experiment,3,8,2026-02-24T16:13:09+00:00,red,32,black,"[""white"", ""white"", ""white"", ""white"", ""white"", ""white"", ""white"", ""black""]",8,95,8,2435,,,,,
SONA_0018,32,56,45,3,50,3,2026-02-24T15:43:41+00:00,2026-02-24T16:21:41+00:00,female,sophomore,Psychology,Statistics,experiment,3,9,2026-02-24T16:12:53+00:00,red,32,black,"[""white"", ""white"", ""white"", ""white"", ""white"", ""white"", ""white"", ""black"", ""black""]",9,80,9,2040,,,,,
SONA_0018,32,56,45,3,50,3,2026-02-24T15:43:41+00:00,2026-02-24T16:21:41+00:00,female,sophomore,Psychology,Statistics,experiment,3,10,2026-02-24T16:13:51+00:00,red,32,black,"[""white"", ""white"", ""white"", ""white"", ""white"", ""white"", ""white"", ""black"", ""black"", ""black""]",10,95,10,2728,,,,,
SONA_0018,32,56,45,3,50,3,2026-02-24T15:43:41+00:00,2026-02-24T16:21:41+00:00,female,sophomore,Psychology,Statistics,experiment,3,11,2026-02-24T16:14:59+00:00,red,32,white,"[""white"", ""white"", ""white"", ""white"", ""white"", ""white"", ""white"", ""black"", ""black"", ""black"", ""white""]",11,90,8,1696,,,,,
SONA_0018,32,56,45,3,50,3,2026-02-24T15:43:41+00:00,2026-02-24T16:21:41+00:00,female,sophomore,Psychology,Statistics,experiment,3,12,2026-02-24T16:15:05+00:00,red,32,white,"[""white"", ""white"", ""white"", ""white"", ""white"", ""white"", ""white"", ""black"", ""black"", ""black"", ""white"", ""white""]",12,95,10,1909,,,,,
SONA_0018,32,56,45,3,50,3,2026-02-24T15:43:41+00:00,2026-02-24T16:21:41+00:00,female,sophomore,Psychology,Statistics,experiment,3,13,2026-02-24T16:14:43+00:00,red,32,white,"[""white"", ""white"", ""white"", ""white"", ""white"", ""white"", ""white"", ""black"", ""black"", ""black"", ""white"", ""white"", ""white""]",13,100,9,2333,,,,,
SONA_0018,32,56,45,3,50,3,2026-02-24T15:43:41+00:00,2026-02-24T16:21:41+00:00,female,sophomore,Psychology,Statistics,experiment,3,14,2026-02-24T16:15:39+00:00,red,32,black,"[""white"", ""white"", ""white"", ""white"", ""white"", ""white"", ""white"", ""black"", ""black"", ""black"", ""white"", ""white"", ""white"", ""black""]",14,90,7,2184,,,,,
SONA_0018,32,56,45,3,50,3,2026-02-24T15:43:41+00:00,2026-02-24T16:21:41+00:00,female,sophomore,Psychology,Statistics,experiment,3,15,2026-02-24T16:15:11+00:00,red,32,white,"[""white"", ""white"", ""white"", ""white"", ""white"", ""white"", ""white"", ""black"", ""black"", ""black"", ""white"", ""white"", ""white"", ""black"", ""white""]",15,90,8,1466,,,,,
SONA_0018,32,56,45,3,50,3,2026-02-24T15:43:41+00:00,2026-02-24T16:21:41+00:00,female,sophomore,Psychology,Statistics,experiment,3,16,2026-02-24T16:14:37+00:00,red,32,white,"[""white"", ""white"", ""white"", ""white"", ""white"", ""white"", ""white"", ""black"", ""black"", ""black"", ""white"", ""white"", ""white"", ""black"", ""white"", ""white""]",16,95,10,2222,,,,,
SONA_0018,32,56,45,3,50,3,2026-02-24T15:43:41+00:00,2026-02-24T16:21:41+00:00,female,sophomore,Psychology,Statistics,experiment,3,17,2026-02-24T16:13:57+00:00,red,32,white,"[""white"", ""white"", ""white"", ""white"", ""white"", ""white"", ""white"", ""black"", ""black"", ""black"", ""white"", ""white"", ""white"", ""black"", ""white"", ""white"", ""white""]",17,100,8,1983,,,,,
SONA_0018,32,56,45,3,50,3,2026-02-24T15:43:41+00:00,2026-02-24T16:21:41+00:00,female,sophomore,Psychology,Statistics,experiment,3,18,2026-02-24T16:15:35+00:00,red,32,white,"[""white"", ""white"", ""white"", ""white"", ""white"", ""white"", ""white"", ""black"", ""black"", ""black"", ""white"", ""white"", ""white"", ""black"", ""white"", ""white"", ""white"", ""white""]",18,100,9,1832,,,,,
SONA_0018,32,56,45,3,50,3,2026-02-24T15:43:41+00:00,2026-02-24T16:21:41+00:00,female,sophomore,Psychology,Statistics,experiment,3,19,2026-02-24T16:17:04+00:00,red,32,white,"[""white"", ""white"", ""white"", ""white"", ""white"", ""white"", ""white"", ""black"", ""black"", ""black"", ""white"", ""white"", ""white"", ""black"", ""white"", ""white"", ""white"", ""white"", ""white""]",19,95,8,2298,,,,,
SONA_0018,32,56,45,3,50,3,2026-02-24T15:43:41+00:00,2026-02-24T16:21:41+00:00,female,sophomore,Psychology,Statistics,experiment,3,20,2026-02-24T16:15:01+00:00,red,32,black,"[""white"", ""white"", ""white"", ""white"", ""white"", ""white"", ""white"", ""black"", ""black"", ""black"", ""white"", ""white"", ""white"", ""black"", ""white"", ""white"", ""white"", ""white"", ""white"", ""black""]",20,95,10,2397,,,,,
SONA_0018,32,56,45,3,50,3,2026-02-24T15:43:41+00:00,2026-02-24T16:21:41+00:00,female,sophomore,Psychology,Statistics,experiment,3,21,2026-02-24T16:16:14+00:00,red,32,white,"[""white"", ""white"", ""white"", ""white"", ""white"", ""white"", ""white"", ""black"", ""black"", ""black"", ""white"", ""white"", ""white"", ""black"", ""white"", ""white"", ""white"", ""white"", ""white"", ""black"", ""white""]",21,100,10,1542,,,,,
SONA_0018,32,56,45,3,50,3,2026-02-24T15:43:41+00:00,2026-02-24T16:21:41+00:00,female,sophomore,Psychology,Statistics,experiment,3,22,2026-02-24T16:15:21+00:00,red,32,white,"[""white"", ""white"", ""white"", ""white"", ""white"", ""white"", ""white"", ""black"", ""black"", ""black"", ""white"", ""white"", ""white"", ""black"", ""white"", ""white"", ""white"", ""white"", ""white"", ""black"", ""white"", ""white""]",22,85,8,2202,,,,,
SONA_0018,32,56,45,3,50,3,2026-02-24T15:43:41+00:00,2026-02-24T16:21:41+00:00,female,sophomore,Psychology,Statistics,experiment,3,23,2026-02-24T16:17:49+00:00,red,32,white,"[""white"", ""white"", ""white"", ""white"", ""white"", ""white"", ""white"", ""black"", ""black"", ""black"", ""white"", ""white"", ""white"", ""black"", ""white"", ""white"", ""white"", ""white"", ""white"", ""black"", ""white"", ""white"", ""white""]",23,100,8,1780,,,,,
SONA_0018,32,56,45,3,50,3,2026-02-24T15:43:41+00:00,2026-02-24T16:21:41+00:00,female,sophomore,Psychology,Statistics,experiment,3,24,2026-02-24T16:16:29+00:00,red,32,black,"[""white"", ""white"", ""white"", ""white"", ""white"", ""white"", ""white"", ""black"", ""black"", ""black"", ""white"", ""white"", ""white"", ""black"", ""white"", ""white"", ""white"", ""white"", ""white"", ""black"", ""white"", ""white"", ""white"", ""black""]",24,95,10,1906,,,,,
SONA_0018,32,56,45,3,50,3,2026-02-24T15:43:41+00:00,2026-02-24T16:21:41+00:00,female,sophomore,Psychology,Statistics,experiment,3,25,2026-02-24T16:15:01+00:00,red,32,white,"[""white"", ""white"", ""white"", ""white"", ""white"", ""white"", ""white"", ""black"", ""black"", ""black"", ""white"", ""white"", ""white"", ""black"", ""white"", ""white"", ""white"", ""white"", ""white"", ""black"", ""white"", ""white"", ""white"", ""black"", ""white""]",25,100,10,1999,,,,,
SONA_0018,32,56,45,3,50,3,2026-02-24T15:43:41+00:00,2026-02-24T16:21:41+00:00,female,sophomore,Psychology,Statistics,experiment,3,26,2026-02-24T16:17:45+00:00,red,32,white,"[""white"", ""white"", ""white"", ""white"", ""white"", ""white"", ""white"", ""black"", ""black"", ""black"", ""white"", ""white"", ""white"", ""black"", ""white"", ""white"", ""white"", ""white"", ""white"", ""black"", ""white"", ""white"", ""white"", ""black"", ""white"", ""white""]",26,100,9,1742,,,,,
SONA_0018,32,56,45,3,50,3,2026-02-24T15:43:41+00:00,2026-02-24T16:21:41+00:00,female,sophomore,Psychology,Statistics,experiment,3,27,2026-02-24T16:17:59+00:00,red,32,black,"[""white"", ""white"", ""white"", ""white"", ""white"", ""white"", ""white"", ""black"", ""black"", ""black"", ""white"", ""white"", ""white"", ""black"", ""white"", ""white"", ""white"", ""white"", ""white"", ""black"", ""white"", ""white"", ""white"", ""black"", ""white"", ""white"", ""black""]",27,95,10,1034,,,,,
SONA_0018,32,56,45,3,50,3,2026-02-24T15:43:41+00:00,2026-02-24T16:21:41+00:00,female,sophomore,Psychology,Statistics,experiment,3,28,2026-02-24T16:18:41+00:00,red,32,white,"[""white"", ""white"", ""white"", ""white"", ""white"", ""white"", ""white"", ""black"", ""black"", ""black"", ""white"", ""white"", ""white"", ""black"", ""white"", ""white"", ""white"", ""white"", ""white"", ""black"", ""white"", ""white"", ""white"", ""black"", ""white"", ""white"", ""black"", ""white""]",28,90,8,1840,,,,,
SONA_0018,32,56,45,3,50,3,2026-02-24T15:43:41+00:00,2026-02-24T16:21:41+00:00,female,sophomore,Psychology,Statistics,experiment,3,29,2026-02-24T16:19:54+00:00,red,32,white,"[""white"", ""white"", ""white"", ""white"", ""white"", ""white"", ""white"", ""black"", ""black"", ""black"", ""white"", ""white"", ""white"", ""black"", ""white"", ""white"", ""white"", ""white"", ""white"", ""black"", ""white"", ""white"", ""white"", ""black"", ""white"", ""white"", ""black"", ""white"", ""white""]",29,95,10,1720,,,,,
SONA_0018,32,56,45,3,50,3,2026-02-24T15:43:41+00:00,2026-02-24T16:21:41+00:00,female,sophomore,Psychology,Statistics,experiment,3,30,2026-02-24T16:19:11+00:00,red,32,black,"[""white"", ""white"", ""white"", ""white"", ""white"", ""white"", ""white"", ""black"", ""black"", ""black"", ""white"", ""white"", ""white"", ""black"", ""white"", ""white"", ""white"", ""white"", ""white"", ""black"", ""white"", ""white"", ""white"", ""black"", ""white"", ""white"", ""black"", ""white"", ""white"", ""black""]",30,95,10,1598,,,,,
SONA_0018,32,56,45,3,50,3,2026-02-24T15:43:41+00:00,2026-02-24T16:21:41+00:00,female,sophomore,Psychology,Statistics,experiment,3,31,2026-02-24T16:17:53+00:00,red,32,black,"[""white"", ""white"", ""white"", ""white"", ""white"", ""white"", ""white"", ""black"", ""black"", ""black"", ""white"", ""white"", ""white"", ""black"", ""white"", ""white"", ""white"", ""white"", ""white"", ""black"", ""white"", ""white"", ""white"", ""black"", ""white"", ""white"", ""black"", ""white"", ""white"", ""black"", ""black""]",31,95,10,1912,,,,,
SONA_0018,32,56,45,3,50,3,2026-02-24T15:43:41+00:00,2026-02-24T16:21:41+00:00,female,sophomore,Psychology,Statistics,experiment,3,32,2026-02-24T16:18:05+00:00,red,32,white,"[""white"", ""white"", ""white"", ""white"", ""white"", ""white"", ""white"", ""black"", ""black"", ""black"", ""white"", ""white"", ""white"", ""black"", ""white"", ""white"", ""white"", ""white"", ""white"", ""black"", ""white"", ""white"", ""white"", ""black"", ""white"", ""white"", ""black"", ""white"", ""white"", ""black"", ""black"", ""white""]",32,95,9,2027,,,,,
SONA_0018,32,56,45,3,50,3,2026-02-24T15:43:41+00:00,2026-02-24T16:21:41+00:00,female,sophomore,Psychology,Statistics,experiment,3,33,2026-02-24T16:21:02+00:00,red,32,white,"[""white"", ""white"", ""white"", ""white"", ""white"", ""white"", ""white"", ""black"", ""black"", ""black"", ""white"", ""white"", ""white"", ""black"", ""white"", ""white"", ""white"", ""white"", ""white"", ""black"", ""white"", ""white"", ""white"", ""black"", ""white"", ""white"", ""black"", ""white"", ""white"", ""black"", ""black"", ""white"", ""white""]",33,95,10,1574,,,,,
SONA_0019,51,23,60,4,40,4,2026-02-24T12:56:17+00:00,2026-02-24T13:24:17+00:00,male,junior,History,Statistics,experiment,1,1,2026-02-24T12:59:35+00:00,red,51,white,"[""white""]",1,60,5,2325,,,,,
SONA_0019,51,23,60,4,40,4,2026-02-24T12:56:17+00:00,2026-02-24T13:24:17+00:00,male,junior,History,Statistics,experiment,1,2,2026-02-24T12:59:43+00:00,red,51,black,"[""white"", ""black""]",2,55,4,2804,,,,,
SONA_0019,51,23,60,4,40,4,2026-02-24T12:56:17+00:00,2026-02-24T13:24:17+00:00,male,junior,History,Statistics,experiment,1,3,2026-02-24T12:59:59+00:00,red,51,black,"[""white"", ""black"", ""black""]",3,55,6,2968,,,,,
SONA_0019,51,23,60,4,40,4,2026-02-24T12:56:17+00:00,2026-02-24T13:24:17+00:00,male,junior,History,Statistics,experiment,1,4,2026-02-24T12:59:53+00:00,red,51,white,"[""white"", ""black"", ""black"", ""white""]",4,55,7,2265,,,,,
SONA_0019,51,23,60,4,40,4,2026-02-24T12:56:17+00:00,2026-02-24T13:24:17+00:00,male,junior,History,Statistics,experiment,1,5,2026-02-24T13:00:02+00:00,red,51,white,"[""white"", ""black"", ""black"", ""white"", ""white""]",5,65,7,1843,,,,,
SONA_0019,51,23,60,4,40,4,2026-02-24T12:56:17+00:00,2026-02-24T13:24:17+00:00,male,junior,History,Statistics,experiment,1,6,2026-02-24T13:00:05+00:00,red,51,black,"[""white"", ""black"", ""black"", ""white"", ""white"", ""black""]",6,50,6,2201,,,,,
SONA_0019,51,23,60,4,40,4,2026-02-24T12:56:17+00:00,2026-02-24T13:24:17+00:00,male,junior,History,Statistics,experiment,1,7,2026-02-24T13:01:23+00:00,red,51,black,"[""white"", ""black"", ""black"", ""white"", ""white"", ""black"", ""black""]",7,55,7,2165,,,,,
SONA_0019,51,23,60,4,40,4,2026-02-24T12:56:17+00:00,2026-02-24T13:24:17+00:00,male,junior,History,Statistics,experiment,1,8,2026-02-24T13:00:45+00:00,red,51,black,"[""white"", ""black"", ""black"", ""white"", ""white"", ""black"", ""black"", ""black""]",8,50,5,2757,,,,,
SONA_0019,51,23,60,4,40,4,2026-02-24T12:56:17+00:00,2026-02-24T13:24:17+00:00,male,junior,History,Statistics,experiment,1,9,2026-02-24T13:01:14+00:00,red,51,white,"[""white"", ""black"", ""black"", ""white"", ""white"", ""black"", ""black"", ""black"", ""white""]",9,45,6,1856,,,,,
SONA_0019,51,23,60,4,40,4,2026-02-24T12:56:17+00:00,2026-02-24T13:24:17+00:00,male,junior,History,Statistics,experiment,1,10,2026-02-24T13:00:37+00:00,red,51,black,"[""white"", ""black"", ""black"", ""white"", ""white"", ""black"", ""black"", ""black"", ""white"", ""black""]",10,65,7,2408,,,,,
SONA_0019,51,23,60,4,40,4,2026-02-24T12:56:17+00:00,2026-02-24T13:24:17+00:00,male,junior,History,Statistics,experiment,1,11,2026-02-24T13:01:51+00:00,red,51,black,"[""white"", ""black"", ""black"", ""white"", ""white"", ""black"", ""black"", ""black"", ""white"", ""black"", ""black""]",11,55,6,2032,,,,,
SONA_0019,51,23,60,4,40,4,2026-02-24T12:56:17+00:00,2026-02-24T13:24:17+00:00,male,junior,History,Statistics,experiment,1,12,2026-02-24T13:02:53+00:00,red,51,white,"[""white"", ""black"", ""black"", ""white"", ""white"", ""black"", ""black"", ""black"", ""white"", ""black"", ""black"", ""white""]",12,65,7,2356,,,,,
SONA_0019,51,23,60,4,40,4,2026-02-24T12:56:17+00:00,2026-02-24T13:24:17+00:00,male,junior,History,Statistics,experiment,1,13,2026-02-24T13:02:32+00:00,red,51,white,"[""white"", ""black"", ""black"", ""white"", ""white"", ""black"", ""black"", ""black"", ""white"", ""black"", ""black"", ""white"", ""white""]",13,45,5,2314,,,,,
SONA_0019,51,23,60,4,40,4,2026-02-24T12:56:17+00:00,2026-02-24T13:24:17+00:00,male,junior,History,Statistics,experiment,1,14,2026-02-24T13:01:37+00:00,red,51,white,"[""white"", ""black"", ""black"", ""white"", ""white"", ""black"", ""black"", ""black"", ""white"", ""black"", ""black"", ""white"", ""white"", ""white""]",14,65,7,1905,,,,,
SONA_0019,51,23,60,4,40,4,2026-02-24T12:56:17+00:00,2026-02-24T13:24:17+00:00,male,junior,History,Statistics,experiment,1,15,2026-02-24T13:02:17+00:00,red,51,black,"[""white"", ""black"", ""black"", ""white"", ""white"", ""black"", ""black"", ""black"", ""white"", ""black"", ""black"", ""white"", ""white"", ""white"", ""black""]",15,65,7,1773,,,,,
SONA_0019,51,23,60,4,40,4,2026-02-24T12:56:17+00:00,2026-02-24T13:24:17+00:00,male,junior,History,Statistics,experiment,1,16,2026-02-24T13:02:29+00:00,red,51,black,"[""white"", ""black"", ""black"", ""white"", ""white"", ""black"", ""black"", ""black"", ""white"", ""black"", ""black"", ""white"", ""white"", ""white"", ""black"", ""black""]",16,60,8,1815,,,,,
SONA_0019,51,23,60,4,40,4,2026-02-24T12:56:17+00:00,2026-02-24T13:24:17+00:00,male,junior,History,Statistics,experiment,1,17,2026-02-24T13:04:06+00:00,red,51,black,"[""white"", ""black"", ""black"", ""white"", ""white"", ""black"", ""black"", ""black"", ""white"", ""black"", ""black"", ""white"", ""white"", ""white"", ""black"", ""black"", ""black""]",17,50,5,1577,,,,,
SONA_0019,51,23,60,4,40,4,2026-02-24T12:56:17+00:00,2026-02-24T13:24:17+00:00,male,junior,History,Statistics,experiment,1,18,2026-02-24T13:01:59+00:00,red,51,black,"[""white"", ""black"", ""black"", ""white"", ""white"", ""black"", ""black"", ""black"", ""white"", ""black"", ""black"", ""white"", ""white"", ""white"", ""black"", ""black"", ""black"", ""black""]",18,55,6,2002,,,,,
SONA_0019,51,23,60,4,40,4,2026-02-24T12:56:17+00:00,2026-02-24T13:24:17+00:00,male,junior,History,Statistics,experiment,1,19,2026-02-24T13:02:08+00:00,red,51,white,"[""white"", ""black"", ""black"", ""white"", ""white"", ""black"", ""black"", ""black"", ""white"", ""black"", ""black"", ""white"", ""white"", ""white"", ""black"", ""black"", ""black"", ""black"", ""white""]",19,60,6,2737,,,,,
SONA_0019,51,23,60,4,40,4,2026-02-24T12:56:17+00:00,2026-02-24T13:24:17+00:00,male,junior,History,Statistics,experiment,1,20,2026-02-24T13:03:37+00:00,red,51,black,"[""white"", ""black"", ""black"", ""white"", ""white"", ""black"", ""black"", ""black"", ""white"", ""black"", ""black"", ""white"", ""white"", ""white"", ""black"", ""black"", ""black"", ""black"", ""white"", ""black""]",20,60,9,1335,,,,,
SONA_0019,51,23,60,4,40,4,2026-02-24T12:56:17+00:00,2026-02-24T13:24:17+00:00,male,junior,History,Statistics,experiment,1,21,2026-02-24T13:03:50+00:00,red,51,white,"[""white"", ""black"", ""black"", ""white"", ""white"", ""black"", ""black"", ""black"", ""white"", ""black"", ""black"", ""white"", ""white"", ""white"", ""black"", ""black"", ""black"", ""black"", ""white"", ""black"", ""white""]",21,50,6,3342,,,,,
SONA_0019,51,23,60,4,40,4,2026-02-24T12:56:17+00:00,2026-02-24T13:24:17+00:00,male,junior,History,Statistics,experiment,1,22,2026-02-24T13:02:35+00:00,red,51,white,"[""white"", ""black"", ""black"", ""white"", ""white"", ""black"", ""black"", ""black"", ""white"", ""black"", ""black"", ""white"", ""white"", ""white"", ""black"", ""black"", ""black"", ""black"", ""white"", ""black"", ""white"", ""white""]",22,60,8,2594,,,,,
SONA_0019,51,23,60,4,40,4,2026-02-24T12:56:17+00:00,2026-02-24T13:24:17+00:00,male,junior,History,Statistics,experiment,1,23,2026-02-24T13:02:21+00:00,red,51,black,"[""white"", ""black"", ""black"", ""white"", ""white"", ""black"", ""black"", ""black"", ""white"", ""black"", ""black"", ""white"", ""white"", ""white"", ""black"", ""black"", ""black"", ""black"", ""white"", ""black"", ""white"", ""white"", ""black""]",23,65,8,2299,,,,,
SONA_0019,51,23,60,4,40,4,2026-02-24T12:56:17+00:00,2026-02-24T13:24:17+00:00,male,junior,History,Statistics,experiment,1,24,2026-02-24T13:03:17+00:00,red,51,white,"[""white"", ""black"", ""black"", ""white"", ""white"", ""black"", ""black"", ""black"", ""white"", ""black"", ""black"", ""white"", ""white"", ""white"", ""black"", ""black"", ""black"", ""black"", ""white"", ""black"", ""white"", ""white"", ""black"", ""white""]",24,65,7,1974,,,,,
SONA_0019,51,23,60,4,40,4,2026-02-24T12:56:17+00:00,2026-02-24T13:24:17+00:00,male,junior,History,Statistics,experiment,1,25,2026-02-24T13:05:32+00:00,red,51,white,"[""white"", ""black"", ""black"", ""white"", ""white"", ""black"", ""black"", ""black"", ""white"", ""black"", ""black"", ""white"", ""white"", ""white"", ""black"", ""black"", ""black"", ""black"", ""white"", ""black"", ""white"", ""white"", ""black"", ""white"", ""white""]",25,50,7,1893,,,,,
SONA_0019,51,23,60,4,40,4,2026-02-24T12:56:17+00:00,2026-02-24T13:24:17+00:00,male,junior,History,Statistics,experiment,1,26,2026-02-24T13:03:37+00:00,red,51,black,"[""white"", ""black"", ""black"", ""white"", ""white"", ""black"", ""black"", ""black"", ""white"", ""black"", ""black"", ""white"", ""white"", ""white"", ""black"", ""black"", ""black"", ""black"", ""white"", ""black"", ""white"", ""white"", ""black"", ""white"", ""white"", ""black""]",26,50,6,1396,,,,,
SONA_0019,51,23,60,4,40,4,2026-02-24T12:56:17+00:00,2026-02-24T13:24:17+00:00,male,junior,History,Statistics,experiment,1,27,2026-02-24T13:07:23+00:00,red,51,black,"[""white"", ""black"", ""black"", ""white"", ""white"", ""black"", ""black"", ""black"", ""white"", ""black"", ""black"", ""white"", ""white"", ""white"", ""black"", ""black"", ""black"", ""black"", ""white"", ""black"", ""white"", ""white"", ""black"", ""white"", ""white"", ""black"", ""black""]",27,55,6,1464,,,,,
SONA_0019,51,23,60,4,40,4,2026-02-24T12:56:17+00:00,2026-02-24T13:24:17+00:00,male,junior,History,Statistics,experiment,1,28,2026-02-24T13:03:29+00:00,red,51,black,"[""white"", ""black"", ""black"", ""white"", ""white"", ""black"", ""black"", ""black"", ""white"", ""black"", ""black"", ""white"", ""white"", ""white"", ""black"", ""black"", ""black"", ""black"", ""white"", ""black"", ""white"", ""white"", ""black"", ""white"", ""white"", ""black"", ""black"", ""black""]",28,60,7,1418,,,,,
SONA_0019,51,23,60,4,40,4,2026-02-24T12:56:17+00:00,2026-02-24T13:24:17+00:00,male,junior,History,Statistics,experiment,1,29,2026-02-24T13:05:34+00:00,red,51,white,"[""white"", ""black"", ""black"", ""white"", ""white"", ""black"", ""black"", ""black"", ""white"", ""black"", ""black"", ""white"", ""white"", ""white"", ""black"", ""black"", ""black"", ""black"", ""white"", ""black"", ""white"", ""white"", ""black"", ""white"", ""white"", ""black"", ""black"", ""black"", ""white""]",29,55,6,1846,,,,,
SONA_0019,51,23,60,4,40,4,2026-02-24T12:56:17+00:00,2026-02-24T13:24:17+00:00,male,junior,History,Statistics,experiment,1,30,2026-02-24T13:06:17+00:00,red,51,white,"[""white"", ""black"", ""black"", ""white"", ""white"", ""black"", ""black"", ""black"", ""white"", ""black"", ""black"", ""white"", ""white"", ""white"", ""black"", ""black"", ""black"", ""black"", ""white"", ""black"", ""white"", ""white"", ""black"", ""white"", ""white"", ""black"", ""black"", ""black"", ""white"", ""white""]",30,55,6,957,,,,,
SONA_0019,51,23,60,4,40,4,2026-02-24T12:56:17+00:00,2026-02-24T13:24:17+00:00,male,junior,History,Statistics,experiment,1,31,2026-02-24T13:08:04+00:00,red,51,black,"[""white"", ""black"", ""black"", ""white"", ""white"", ""black"", ""black"", ""black"", ""white"", ""black"", ""black"", ""white"", ""white"", ""white"", ""black"", ""black"", ""black"", ""black"", ""white"", ""black"", ""white"", ""white"", ""black"", ""white"", ""white"", ""black"", ""black"", ""black"", ""white"", ""white"", ""black""]",31,65,8,1048,,,,,
SONA_0019,51,23,60,4,40,4,2026-02-24T12:56:17+00:00,2026-02-24T13:24:17+00:00,male,junior,History,Statistics,experiment,1,32,2026-02-24T13:08:21+00:00,red,51,white,"[""white"", ""black"", ""black"", ""white"", ""white"", ""black"", ""black"", ""black"", ""white"", ""black"", ""black"", ""white"", ""white"", ""white"", ""black"", ""black"", ""black"", ""black"", ""white"", ""black"", ""white"", ""white"", ""black"", ""white"", ""white"", ""black"", ""black"", ""black"", ""white"", ""white"", ""black"", ""white""]",32,55,5,2128,,,,,
SONA_0019,51,23,60,4,40,4,2026-02-24T12:56:17+00:00,2026-02-24T13:24:17+00:00,male,junior,History,Statistics,experiment,1,33,2026-02-24T13:08:05+00:00,red,51,black,"[""white"", ""black"", ""black"", ""white"", ""white"", ""black"", ""black"", ""black"", ""white"", ""black"", ""black"", ""white"", ""white"", ""white"", ""black"", ""black"", ""black"", ""black"", ""white"", ""black"", ""white"", ""white"", ""black"", ""white"", ""white"", ""black"", ""black"", ""black"", ""white"", ""white"", ""black"", ""white"", ""black""]",33,60,8,1504,,,,,
SONA_0019,51,23,60,4,40,4,2026-02-24T12:56:17+00:00,2026-02-24T13:24:17+00:00,male,junior,History,Statistics,experiment,2,1,2026-02-24T13:07:30+00:00,green,23,white,"[""white""]",1,55,4,2462,,,,,
SONA_0019,51,23,60,4,40,4,2026-02-24T12:56:17+00:00,2026-02-24T13:24:17+00:00,male,junior,History,Statistics,experiment,2,2,2026-02-24T13:07:51+00:00,green,23,white,"[""white"", ""white""]",2,40,6,3004,,,,,
SONA_0019,51,23,60,4,40,4,2026-02-24T12:56:17+00:00,2026-02-24T13:24:17+00:00,male,junior,History,Statistics,experiment,2,3,2026-02-24T13:07:56+00:00,green,23,white,"[""white"", ""white"", ""white""]",3,45,7,1729,,,,,
SONA_0019,51,23,60,4,40,4,2026-02-24T12:56:17+00:00,2026-02-24T13:24:17+00:00,male,junior,History,Statistics,experiment,2,4,2026-02-24T13:08:21+00:00,green,23,black,"[""white"", ""white"", ""white"", ""black""]",4,35,6,2003,,,,,
SONA_0019,51,23,60,4,40,4,2026-02-24T12:56:17+00:00,2026-02-24T13:24:17+00:00,male,junior,History,Statistics,experiment,2,5,2026-02-24T13:08:17+00:00,green,23,white,"[""white"", ""white"", ""white"", ""black"", ""white""]",5,45,5,2406,,,,,
SONA_0019,51,23,60,4,40,4,2026-02-24T12:56:17+00:00,2026-02-24T13:24:17+00:00,male,junior,History,Statistics,experiment,2,6,2026-02-24T13:08:47+00:00,green,23,white,"[""white"", ""white"", ""white"", ""black"", ""white"", ""white""]",6,40,8,1949,,,,,
SONA_0019,51,23,60,4,40,4,2026-02-24T12:56:17+00:00,2026-02-24T13:24:17+00:00,male,junior,History,Statistics,experiment,2,7,2026-02-24T13:08:27+00:00,green,23,white,"[""white"", ""white"", ""white"", ""black"", ""white"", ""white"", ""white""]",7,55,6,2242,,,,,
SONA_0019,51,23,60,4,40,4,2026-02-24T12:56:17+00:00,2026-02-24T13:24:17+00:00,male,junior,History,Statistics,experiment,2,8,2026-02-24T13:08:37+00:00,green,23,white,"[""white"", ""white"", ""white"", ""black"", ""white"", ""white"", ""white"", ""white""]",8,45,8,2416,,,,,
SONA_0019,51,23,60,4,40,4,2026-02-24T12:56:17+00:00,2026-02-24T13:24:17+00:00,male,junior,History,Statistics,experiment,2,9,2026-02-24T13:08:38+00:00,green,23,white,"[""white"", ""white"", ""white"", ""black"", ""white"", ""white"", ""white"", ""white"", ""white""]",9,60,6,2668,,,,,
SONA_0019,51,23,60,4,40,4,2026-02-24T12:56:17+00:00,2026-02-24T13:24:17+00:00,male,junior,History,Statistics,experiment,2,10,2026-02-24T13:09:37+00:00,green,23,white,"[""white"", ""white"", ""white"", ""black"", ""white"", ""white"", ""white"", ""white"", ""white"", ""white""]",10,65,7,2308,,,,,
SONA_0019,51,23,60,4,40,4,2026-02-24T12:56:17+00:00,2026-02-24T13:24:17+00:00,male,junior,History,Statistics,experiment,2,11,2026-02-24T13:08:45+00:00,green,23,white,"[""white"", ""white"", ""white"", ""black"", ""white"", ""white"", ""white"", ""white"", ""white"", ""white"", ""white""]",11,70,6,2086,,,,,
SONA_0019,51,23,60,4,40,4,2026-02-24T12:56:17+00:00,2026-02-24T13:24:17+00:00,male,junior,History,Statistics,experiment,2,12,2026-02-24T13:09:05+00:00,green,23,black,"[""white"", ""white"", ""white"", ""black"", ""white"", ""white"", ""white"", ""white"", ""white"", ""white"", ""white"", ""black""]",12,60,7,2459,,,,,
SONA_0019,51,23,60,4,40,4,2026-02-24T12:56:17+00:00,2026-02-24T13:24:17+00:00,male,junior,History,Statistics,experiment,2,13,2026-02-24T13:10:32+00:00,green,23,black,"[""white"", ""white"", ""white"", ""black"", ""white"", ""white"", ""white"", ""white"", ""white"", ""white"", ""white"", ""black"", ""black""]",13,50,6,1652,,,,,
SONA_0019,51,23,60,4,40,4,2026-02-24T12:56:17+00:00,2026-02-24T13:24:17+00:00,male,junior,History,Statistics,experiment,2,14,2026-02-24T13:09:51+00:00,green,23,white,"[""white"", ""white"", ""white"", ""black"", ""white"", ""white"", ""white"", ""white"", ""white"", ""white"", ""white"", ""black"", ""black"", ""white""]",14,50,6,2579,,,,,
SONA_0019,51,23,60,4,40,4,2026-02-24T12:56:17+00:00,2026-02-24T13:24:17+00:00,male,junior,History,Statistics,experiment,2,15,2026-02-24T13:09:17+00:00,green,23,white,"[""white"", ""white"", ""white"", ""black"", ""white"", ""white"", ""white"", ""white"", ""white"", ""white"", ""white"", ""black"", ""black"", ""white"", ""white""]",15,60,7,2239,,,,,
SONA_0019,51,23,60,4,40,4,2026-02-24T12:56:17+00:00,2026-02-24T13:24:17+00:00,male,junior,History,Statistics,experiment,2,16,2026-02-24T13:11:17+00:00,green,23,white,"[""white"", ""white"", ""white"", ""black"", ""white"", ""white"", ""white"", ""white"", ""white"", ""white"", ""white"", ""black"", ""black"", ""white"", ""white"", ""white""]",16,70,6,2185,,,,,
SONA_0019,51,23,60,4,40,4,2026-02-24T12:56:17+00:00,2026-02-24T13:24:17+00:00,male,junior,History,Statistics,experiment,2,17,2026-02-24T13:10:58+00:00,green,23,white,"[""white"", ""white"", ""white"", ""black"", ""white"", ""white"", ""white"", ""white"", ""white"", ""white"", ""white"", ""black"", ""black"", ""white"", ""white"", ""white"", ""white""]",17,55,7,2123,,,,,
SONA_0019,51,23,60,4,40,4,2026-02-24T12:56:17+00:00,2026-02-24T13:24:17+00:00,male,junior,History,Statistics,experiment,2,18,2026-02-24T13:10:17+00:00,green,23,white,"[""white"", ""white"", ""white"", ""black"", ""white"", ""white"", ""white"", ""white"", ""white"", ""white"", ""white"", ""black"", ""black"", ""white"", ""white"", ""white"", ""white"", ""white""]",18,70,10,1097,,,,,
SONA_0019,51,23,60,4,40,4,2026-02-24T12:56:17+00:00,2026-02-24T13:24:17+00:00,male,junior,History,Statistics,experiment,2,19,2026-02-24T13:12:59+00:00,green,23,black,"[""white"", ""white"", ""white"", ""black"", ""white"", ""white"", ""white"", ""white"", ""white"", ""white"", ""white"", ""black"", ""black"", ""white"", ""white"", ""white"", ""white"", ""white"", ""black""]",19,40,7,2266,,,,,
SONA_0019,51,23,60,4,40,4,2026-02-24T12:56:17+00:00,2026-02-24T13:24:17+00:00,male,junior,History,Statistics,experiment,2,20,2026-02-24T13:11:57+00:00,green,23,white,"[""white"", ""white"", ""white"", ""black"", ""white"", ""white"", ""white"", ""white"", ""white"", ""white"", ""white"", ""black"", ""black"", ""white"", ""white"", ""white"", ""white"", ""white"", ""black"", ""white""]",20,60,7,1785,,,,,
SONA_0019,51,23,60,4,40,4,2026-02-24T12:56:17+00:00,2026-02-24T13:24:17+00:00,male,junior,History,Statistics,experiment,2,21,2026-02-24T13:13:35+00:00,green,23,white,"[""white"", ""white"", ""white"", ""black"", ""white"", ""white"", ""white"", ""white"", ""white"", ""white"", ""white"", ""black"", ""black"", ""white"", ""white"", ""white"", ""white"", ""white"", ""black"", ""white"", ""white""]",21,50,6,1373,,,,,
SONA_0019,51,23,60,4,40,4,2026-02-24T12:56:17+00:00,2026-02-24T13:24:17+00:00,male,junior,History,Statistics,experiment,2,22,2026-02-24T13:10:57+00:00,green,23,white,"[""white"", ""white"", ""white"", ""black"", ""white"", ""white"", ""white"", ""white"", ""white"", ""white"", ""white"", ""black"", ""black"", ""white"", ""white"", ""white"", ""white"", ""white"", ""black"", ""white"", ""white"", ""white""]",22,85,7,1466,,,,,
SONA_0019,51,23,60,4,40,4,2026-02-24T12:56:17+00:00,2026-02-24T13:24:17+00:00,male,junior,History,Statistics,experiment,2,23,2026-02-24T13:13:25+00:00,green,23,white,"[""white"", ""white"", ""white"", ""black"", ""white"", ""white"", ""white"", ""white"", ""white"", ""white"", ""white"", ""black"", ""black"", ""white"", ""white"", ""white"", ""white"", ""white"", ""black"", ""white"", ""white"", ""white"", ""white""]",23,70,7,1859,,,,,
SONA_0019,51,23,60,4,40,4,2026-02-24T12:56:17+00:00,2026-02-24T13:24:17+00:00,male,junior,History,Statistics,experiment,2,24,2026-02-24T13:12:29+00:00,green,23,white,"[""white"", ""white"", ""white"", ""black"", ""white"", ""white"", ""white"", ""white"", ""white"", ""white"", ""white"", ""black"", ""black"", ""white"", ""white"", ""white"", ""white"", ""white"", ""black"", ""white"", ""white"", ""white"", ""white"", ""white""]",24,70,8,941,,,,,
SONA_0019,51,23,60,4,40,4,2026-02-24T12:56:17+00:00,2026-02-24T13:24:17+00:00,male,junior,History,Statistics,experiment,2,25,2026-02-24T13:13:07+00:00,green,23,black,"[""white"", ""white"", ""white"", ""black"", ""white"", ""white"", ""white"", ""white"", ""white"", ""white"", ""white"", ""black"", ""black"", ""white"", ""white"", ""white"", ""white"", ""white"", ""black"", ""white"", ""white"", ""white"", ""white"", ""white"", ""black""]",25,80,8,800,,,,,
SONA_0019,51,23,60,4,40,4,2026-02-24T12:56:17+00:00,2026-02-24T13:24:17+00:00,male,junior,History,Statistics,experiment,2,26,2026-02-24T13:13:21+00:00,green,23,black,"[""white"", ""white"", ""white"", ""black"", ""white"", ""white"", ""white"", ""white"", ""white"", ""white"", ""white"", ""black"", ""black"", ""white"", ""white"", ""white"", ""white"", ""white"", ""black"", ""white"", ""white"", ""white"", ""white"", ""white"", ""black"", ""black""]",26,60,9,2450,,,,,
SONA_0019,51,23,60,4,40,4,2026-02-24T12:56:17+00:00,2026-02-24T13:24:17+00:00,male,junior,History,Statistics,experiment,2,27,2026-02-24T13:12:41+00:00,green,23,white,"[""white"", ""white"", ""white"", ""black"", ""white"", ""white"", ""white"", ""white"", ""white"", ""white"", ""white"", ""black"", ""black"", ""white"", ""white"", ""white"", ""white"", ""white"", ""black"", ""white"", ""white"", ""white"", ""white"", ""white"", ""black"", ""black"", ""white""]",27,80,8,1417,,,,,
SONA_0019,51,23,60,4,40,4,2026-02-24T12:56:17+00:00,2026-02-24T13:24:17+00:00,male,junior,History,Statistics,experiment,2,28,2026-02-24T13:12:25+00:00,green,23,white,"[""white"", ""white"", ""white"", ""black"", ""white"", ""white"", ""white"", ""white"", ""white"", ""white"", ""white"", ""black"", ""black"", ""white"", ""white"", ""white"", ""white"", ""white"", ""black"", ""white"", ""white"", ""white"", ""white"", ""white"", ""black"", ""black"", ""white"", ""white""]",28,80,8,1528,,,,,
SONA_0019,51,23,60,4,40,4,2026-02-24T12:56:17+00:00,2026-02-24T13:24:17+00:00,male,junior,History,Statistics,experiment,2,29,2026-02-24T13:14:32+00:00,green,23,white,"[""white"", ""white"", ""white"", ""black"", ""white"", ""white"", ""white"", ""white"", ""white"", ""white"", ""white"", ""black"", ""black"", ""white"", ""white"", ""white"", ""white"", ""white"", ""black"", ""white"", ""white"", ""white"", ""white"", ""white"", ""black"", ""black"", ""white"", ""white"", ""white""]",29,80,6,1282,,,,,
SONA_0019,51,23,60,4,40,4,2026-02-24T12:56:17+00:00,2026-02-24T13:24:17+00:00,male,junior,History,Statistics,experiment,2,30,2026-02-24T13:15:47+00:00,green,23,black,"[""white"", ""white"", ""white"", ""black"", ""white"", ""white"", ""white"", ""white"", ""white"", ""white"", ""white"", ""black"", ""black"", ""white"", ""white"", ""white"", ""white"", ""white"", ""black"", ""white"", ""white"", ""white"", ""white"", ""white"", ""black"", ""black"", ""white"", ""white"", ""white"", ""black""]",30,75,9,1498,,,,,
SONA_0019,51,23,60,4,40,4,2026-02-24T12:56:17+00:00,2026-02-24T13:24:17+00:00,male,junior,History,Statistics,experiment,2,31,2026-02-24T13:16:35+00:00,green,23,white,"[""white"", ""white"", ""white"", ""black"", ""white"", ""white"", ""white"", ""white"", ""white"", ""white"", ""white"", ""black"", ""black"", ""white"", ""white"", ""white"", ""white"", ""white"", ""black"", ""white"", ""white"", ""white"", ""white"", ""white"", ""black"", ""black"", ""white"", ""white"", ""white"", ""black"", ""white""]",31,75,8,1162,,,,,
SONA_0019,51,23,60,4,40,4,2026-02-24T12:56:17+00:00,2026-02-24T13:24:17+00:00,male,junior,History,Statistics,experiment,2,32,2026-02-24T13:16:21+00:00,green,23,white,"[""white"", ""white"", ""white"", ""black"", ""white"", ""white"", ""white"", ""white"", ""white"", ""white"", ""white"", ""black"", ""black"", ""white"", ""white"", ""white"", ""white"", ""white"", ""black"", ""white"", ""white"", ""white"", ""white"", ""white"", ""black"", ""black"", ""white"", ""white"", ""white"", ""black"", ""white"", ""white""]",32,80,9,1615,,,,,
SONA_0019,51,23,60,4,40,4,2026-02-24T12:56:17+00:00,2026-02-24T13:24:17+00:00,male,junior,History,Statistics,experiment,2,33,2026-02-24T13:12:47+00:00,green,23,black,"[""white"", ""white"", ""white"", ""black"", ""white"", ""white"", ""white"", ""white"", ""white"", ""white"", ""white"", ""black"", ""black"", ""white"", ""white"", ""white"", ""white"", ""white"", ""black"", ""white"", ""white"", ""white"", ""white"", ""white"", ""black"", ""black"", ""white"", ""white"", ""white"", ""black"", ""white"", ""white"", ""black""]",33,85,7,1582,,,,,
SONA_0019,51,23,60,4,40,4,2026-02-24T12:56:17+00:00,2026-02-24T13:24:17+00:00,male,junior,History,Statistics,experiment,3,1,2026-02-24T13:15:25+00:00,red,51,white,"[""white""]",1,70,4,2525,,,,,
SONA_0019,51,23,60,4,40,4,2026-02-24T12:56:17+00:00,2026-02-24T13:24:17+00:00,male,junior,History,Statistics,experiment,3,2,2026-02-24T13:15:51+00:00,red,51,white,"[""white"", ""white""]",2,60,6,1755,,,,,
SONA_0019,51,23,60,4,40,4,2026-02-24T12:56:17+00:00,2026-02-24T13:24:17+00:00,male,junior,History,Statistics,experiment,3,3,2026-02-24T13:16:05+00:00,red,51,white,"[""white"", ""white"", ""white""]",3,80,6,1849,,,,,
SONA_0019,51,23,60,4,40,4,2026-02-24T12:56:17+00:00,2026-02-24T13:24:17+00:00,male,junior,History,Statistics,experiment,3,4,2026-02-24T13:16:21+00:00,red,51,black,"[""white"", ""white"", ""white"", ""black""]",4,60,7,2245,,,,,
SONA_0019,51,23,60,4,40,4,2026-02-24T12:56:17+00:00,2026-02-24T13:24:17+00:00,male,junior,History,Statistics,experiment,3,5,2026-02-24T13:16:12+00:00,red,51,black,"[""white"", ""white"", ""white"", ""black"", ""black""]",5,70,7,3334,,,,,
SONA_0019,51,23,60,4,40,4,2026-02-24T12:56:17+00:00,2026-02-24T13:24:17+00:00,male,junior,History,Statistics,experiment,3,6,2026-02-24T13:17:05+00:00,red,51,white,"[""white"", ""white"", ""white"", ""black"", ""black"", ""white""]",6,75,6,2397,,,,,
SONA_0019,51,23,60,4,40,4,2026-02-24T12:56:17+00:00,2026-02-24T13:24:17+00:00,male,junior,History,Statistics,experiment,3,7,2026-02-24T13:16:27+00:00,red,51,white,"[""white"", ""white"", ""white"", ""black"", ""black"", ""white"", ""white""]",7,65,8,1442,,,,,
SONA_0019,51,23,60,4,40,4,2026-02-24T12:56:17+00:00,2026-02-24T13:24:17+00:00,male,junior,History,Statistics,experiment,3,8,2026-02-24T13:17:01+00:00,red,51,white,"[""white"", ""white"", ""white"", ""black"", ""black"", ""white"", ""white"", ""white""]",8,80,8,2337,,,,,
SONA_0019,51,23,60,4,40,4,2026-02-24T12:56:17+00:00,2026-02-24T13:24:17+00:00,male,junior,History,Statistics,experiment,3,9,2026-02-24T13:17:14+00:00,red,51,white,"[""white"", ""white"", ""white"", ""black"", ""black"", ""white"", ""white"", ""white"", ""white""]",9,70,9,1922,,,,,
SONA_0019,51,23,60,4,40,4,2026-02-24T12:56:17+00:00,2026-02-24T13:24:17+00:00,male,junior,History,Statistics,experiment,3,10,2026-02-24T13:17:47+00:00,red,51,white,"[""white"", ""white"", ""white"", ""black"", ""black"", ""white"", ""white"", ""white"", ""white"", ""white""]",10,70,8,2524,,,,,
SONA_0019,51,23,60,4,40,4,2026-02-24T12:56:17+00:00,2026-02-24T13:24:17+00:00,male,junior,History,Statistics,experiment,3,11,2026-02-24T13:18:02+00:00,red,51,white,"[""white"", ""white"", ""white"", ""black"", ""black"", ""white"", ""white"", ""white"", ""white"", ""white"", ""white""]",11,70,8,1982,,,,,
SONA_0019,51,23,60,4,40,4,2026-02-24T12:56:17+00:00,2026-02-24T13:24:17+00:00,male,junior,History,Statistics,experiment,3,12,2026-02-24T13:18:17+00:00,red,51,black,"[""white"", ""white"", ""white"", ""black"", ""black"", ""white"", ""white"", ""white"", ""white"", ""white"", ""white"", ""black""]",12,65,7,2185,,,,,
SONA_0019,51,23,60,4,40,4,2026-02-24T12:56:17+00:00,2026-02-24T13:24:17+00:00,male,junior,History,Statistics,experiment,3,13,2026-02-24T13:18:06+00:00,red,51,white,"[""white"", ""white"", ""white"", ""black"", ""black"", ""white"", ""white"", ""white"", ""white"", ""white"", ""white"", ""black"", ""white""]",13,90,9,1765,,,,,
SONA_0019,51,23,60,4,40,4,2026-02-24T12:56:17+00:00,2026-02-24T13:24:17+00:00,male,junior,History,Statistics,experiment,3,14,2026-02-24T13:18:33+00:00,red,51,black,"[""white"", ""white"", ""white"", ""black"", ""black"", ""white"", ""white"", ""white"", ""white"", ""white"", ""white"", ""black"", ""white"", ""black""]",14,70,6,1977,,,,,
SONA_0019,51,23,60,4,40,4,2026-02-24T12:56:17+00:00,2026-02-24T13:24:17+00:00,male,junior,History,Statistics,experiment,3,15,2026-02-24T13:19:47+00:00,red,51,black,"[""white"", ""white"", ""white"", ""black"", ""black"", ""white"", ""white"", ""white"", ""white"", ""white"", ""white"", ""black"", ""white"", ""black"", ""black""]",15,75,7,1569,,,,,
SONA_0019,51,23,60,4,40,4,2026-02-24T12:56:17+00:00,2026-02-24T13:24:17+00:00,male,junior,History,Statistics,experiment,3,16,2026-02-24T13:18:13+00:00,red,51,black,"[""white"", ""white"", ""white"", ""black"", ""black"", ""white"", ""white"", ""white"", ""white"", ""white"", ""white"", ""black"", ""white"", ""black"", ""black"", ""black""]",16,75,7,1979,,,,,
SONA_0019,51,23,60,4,40,4,2026-02-24T12:56:17+00:00,2026-02-24T13:24:17+00:00,male,junior,History,Statistics,experiment,3,17,2026-02-24T13:17:50+00:00,red,51,black,"[""white"", ""white"", ""white"", ""black"", ""black"", ""white"", ""white"", ""white"", ""white"", ""white"", ""white"", ""black"", ""white"", ""black"", ""black"", ""black"", ""black""]",17,70,9,1914,,,,,
SONA_0019,51,23,60,4,40,4,2026-02-24T12:56:17+00:00,2026-02-24T13:24:17+00:00,male,junior,History,Statistics,experiment,3,18,2026-02-24T13:20:05+00:00,red,51,white,"[""white"", ""white"", ""white"", ""black"", ""black"", ""white"", ""white"", ""white"", ""white"", ""white"", ""white"", ""black"", ""white"", ""black"", ""black"", ""black"", ""black"", ""white""]",18,75,7,1566,,,,,
SONA_0019,51,23,60,4,40,4,2026-02-24T12:56:17+00:00,2026-02-24T13:24:17+00:00,male,junior,History,Statistics,experiment,3,19,2026-02-24T13:20:21+00:00,red,51,white,"[""white"", ""white"", ""white"", ""black"", ""black"", ""white"", ""white"", ""white"", ""white"", ""white"", ""white"", ""black"", ""white"", ""black"", ""black"", ""black"", ""black"", ""white"", ""white""]",19,65,8,2534,,,,,
SONA_0019,51,23,60,4,40,4,2026-02-24T12:56:17+00:00,2026-02-24T13:24:17+00:00,male,junior,History,Statistics,experiment,3,20,2026-02-24T13:20:37+00:00,red,51,black,"[""white"", ""white"", ""white"", ""black"", ""black"", ""white"", ""white"", ""white"", ""white"", ""white"", ""white"", ""black"", ""white"", ""black"", ""black"", ""black"", ""black"", ""white"", ""white"", ""black""]",20,75,7,2253,,,,,
SONA_0019,51,23,60,4,40,4,2026-02-24T12:56:17+00:00,2026-02-24T13:24:17+00:00,male,junior,History,Statistics,experiment,3,21,2026-02-24T13:18:47+00:00,red,51,white,"[""white"", ""white"", ""white"", ""black"", ""black"", ""white"", ""white"", ""white"", ""white"", ""white"", ""white"", ""black"", ""white"", ""black"", ""black"", ""black"", ""black"", ""white"", ""white"", ""black"", ""white""]",21,70,8,1198,,,,,
SONA_0019,51,23,60,4,40,4,2026-02-24T12:56:17+00:00,2026-02-24T13:24:17+00:00,male,junior,History,Statistics,experiment,3,22,2026-02-24T13:21:09+00:00,red,51,black,"[""white"", ""white"", ""white"", ""black"", ""black"", ""white"", ""white"", ""white"", ""white"", ""white"", ""white"", ""black"", ""white"", ""black"", ""black"", ""black"", ""black"", ""white"", ""white"", ""black"", ""white"", ""black""]",22,85,8,832,,,,,
SONA_0019,51,23,60,4,40,4,2026-02-24T12:56:17+00:00,2026-02-24T13:24:17+00:00,male,junior,History,Statistics,experiment,3,23,2026-02-24T13:20:16+00:00,red,51,black,"[""white"", ""white"", ""white"", ""black"", ""black"", ""white"", ""white"", ""white"", ""white"", ""white"", ""white"", ""black"", ""white"", ""black"", ""black"", ""black"", ""black"", ""white"", ""white"", ""black"", ""white"", ""black"", ""black""]",23,60,7,1745,,,,,
SONA_0019,51,23,60,4,40,4,2026-02-24T12:56:17+00:00,2026-02-24T13:24:17+00:00,male,junior,History,Statistics,experiment,3,24,2026-02-24T13:20:53+00:00,red,51,black,"[""white"", ""white"", ""white"", ""black"", ""black"", ""white"", ""white"", ""white"", ""white"", ""white"", ""white"", ""black"", ""white"", ""black"", ""black"", ""black"", ""black"", ""white"", ""white"", ""black"", ""white"", ""black"", ""black"", ""black""]",24,70,7,1132,,,,,
SONA_0019,51,23,60,4,40,4,2026-02-24T12:56:17+00:00,2026-02-24T13:24:17+00:00,male,junior,History,Statistics,experiment,3,25,2026-02-24T13:21:32+00:00,red,51,white,"[""white"", ""white"", ""white"", ""black"", ""black"", ""white"", ""white"", ""white"", ""white"", ""white"", ""white"", ""black"", ""white"", ""black"", ""black"", ""black"", ""black"", ""white"", ""white"", ""black"", ""white"", ""black"", ""black"", ""black"", ""white""]",25,65,8,2077,,,,,
SONA_0019,51,23,60,4,40,4,2026-02-24T12:56:17+00:00,2026-02-24T13:24:17+00:00,male,junior,History,Statistics,experiment,3,26,2026-02-24T13:19:37+00:00,red,51,black,"[""white"", ""white"", ""white"", ""black"", ""black"", ""white"", ""white"", ""white"", ""white"", ""white"", ""white"", ""black"", ""white"", ""black"", ""black"", ""black"", ""black"", ""white"", ""white"", ""black"", ""white"", ""black"", ""black"", ""black"", ""white"", ""black""]",26,70,10,1778,,,,,
SONA_0019,51,23,60,4,40,4,2026-02-24T12:56:17+00:00,2026-02-24T13:24:17+00:00,male,junior,History,Statistics,experiment,3,27,2026-02-24T13:19:47+00:00,red,51,white,"[""white"", ""white"", ""white"", ""black"", ""black"", ""white"", ""white"", ""white"", ""white"", ""white"", ""white"", ""black"", ""white"", ""black"", ""black"", ""black"", ""black"", ""white"", ""white"", ""black"", ""white"", ""black"", ""black"", ""black"", ""white"", ""black"", ""white""]",27,65,8,800,,,,,
SONA_0019,51,23,60,4,40,4,2026-02-24T12:56:17+00:00,2026-02-24T13:24:17+00:00,male,junior,History,Statistics,experiment,3,28,2026-02-24T13:22:45+00:00,red,51,white,"[""white"", ""white"", ""white"", ""black"", ""black"", ""white"", ""white"", ""white"", ""white"", ""white"", ""white"", ""black"", ""white"", ""black"", ""black"", ""black"", ""black"", ""white"", ""white"", ""black"", ""white"", ""black"", ""black"", ""black"", ""white"", ""black"", ""white"", ""white""]",28,85,8,1664,,,,,
SONA_0019,51,23,60,4,40,4,2026-02-24T12:56:17+00:00,2026-02-24T13:24:17+00:00,male,junior,History,Statistics,experiment,3,29,2026-02-24T13:23:01+00:00,red,51,white,"[""white"", ""white"", ""white"", ""black"", ""black"", ""white"", ""white"", ""white"", ""white"", ""white"", ""white"", ""black"", ""white"", ""black"", ""black"", ""black"", ""black"", ""white"", ""white"", ""black"", ""white"", ""black"", ""black"", ""black"", ""white"", ""black"", ""white"", ""white"", ""white""]",29,90,9,2008,,,,,
SONA_0019,51,23,60,4,40,4,2026-02-24T12:56:17+00:00,2026-02-24T13:24:17+00:00,male,junior,History,Statistics,experiment,3,30,2026-02-24T13:22:17+00:00,red,51,white,"[""white"", ""white"", ""white"", ""black"", ""black"", ""white"", ""white"", ""white"", ""white"", ""white"", ""white"", ""black"", ""white"", ""black"", ""black"", ""black"", ""black"", ""white"", ""white"", ""black"", ""white"", ""black"", ""black"", ""black"", ""white"", ""black"", ""white"", ""white"", ""white"", ""white""]",30,75,6,1795,,,,,
SONA_0019,51,23,60,4,40,4,2026-02-24T12:56:17+00:00,2026-02-24T13:24:17+00:00,male,junior,History,Statistics,experiment,3,31,2026-02-24T13:19:56+00:00,red,51,white,"[""white"", ""white"", ""white"", ""black"", ""black"", ""white"", ""white"", ""white"", ""white"", ""white"", ""white"", ""black"", ""white"", ""black"", ""black"", ""black"", ""black"", ""white"", ""white"", ""black"", ""white"", ""black"", ""black"", ""black"", ""white"", ""black"", ""white"", ""white"", ""white"", ""white"", ""white""]",31,80,10,1921,,,,,
SONA_0019,51,23,60,4,40,4,2026-02-24T12:56:17+00:00,2026-02-24T13:24:17+00:00,male,junior,History,Statistics,experiment,3,32,2026-02-24T13:20:05+00:00,red,51,white,"[""white"", ""white"", ""white"", ""black"", ""black"", ""white"", ""white"", ""white"", ""white"", ""white"", ""white"", ""black"", ""white"", ""black"", ""black"", ""black"", ""black"", ""white"", ""white"", ""black"", ""white"", ""black"", ""black"", ""black"", ""white"", ""black"", ""white"", ""white"", ""white"", ""white"", ""white"", ""white""]",32,95,9,800,,,,,
SONA_0019,51,23,60,4,40,4,2026-02-24T12:56:17+00:00,2026-02-24T13:24:17+00:00,male,junior,History,Statistics,experiment,3,33,2026-02-24T13:19:41+00:00,red,51,black,"[""white"", ""white"", ""white"", ""black"", ""black"", ""white"", ""white"", ""white"", ""white"", ""white"", ""white"", ""black"", ""white"", ""black"", ""black"", ""black"", ""black"", ""white"", ""white"", ""black"", ""white"", ""black"", ""black"", ""black"", ""white"", ""black"", ""white"", ""white"", ""white"", ""white"", ""white"", ""white"", ""black""]",33,80,9,1355,,,,,
SONA_0020,29,53,15,4,60,4,2026-02-24T10:06:53+00:00,2026-02-24T10:46:53+00:00,female,freshman,Mathematics,Data Science,experiment,1,1,2026-02-24T10:11:09+00:00,red,29,black,"[""black""]",1,20,7,4580,,,,,
SONA_0020,29,53,15,4,60,4,2026-02-24T10:06:53+00:00,2026-02-24T10:46:53+00:00,female,freshman,Mathematics,Data Science,experiment,1,2,2026-02-24T10:11:09+00:00,red,29,white,"[""black"", ""white""]",2,25,6,4923,,,,,
SONA_0020,29,53,15,4,60,4,2026-02-24T10:06:53+00:00,2026-02-24T10:46:53+00:00,female,freshman,Mathematics,Data Science,experiment,1,3,2026-02-24T10:11:29+00:00,red,29,black,"[""black"", ""white"", ""black""]",3,35,6,4479,,,,,
SONA_0020,29,53,15,4,60,4,2026-02-24T10:06:53+00:00,2026-02-24T10:46:53+00:00,female,freshman,Mathematics,Data Science,experiment,1,4,2026-02-24T10:11:33+00:00,red,29,white,"[""black"", ""white"", ""black"", ""white""]",4,30,5,4792,,,,,
SONA_0020,29,53,15,4,60,4,2026-02-24T10:06:53+00:00,2026-02-24T10:46:53+00:00,female,freshman,Mathematics,Data Science,experiment,1,5,2026-02-24T10:11:53+00:00,red,29,white,"[""black"", ""white"", ""black"", ""white"", ""white""]",5,20,7,3260,,,,,
SONA_0020,29,53,15,4,60,4,2026-02-24T10:06:53+00:00,2026-02-24T10:46:53+00:00,female,freshman,Mathematics,Data Science,experiment,1,6,2026-02-24T10:11:41+00:00,red,29,white,"[""black"", ""white"", ""black"", ""white"", ""white"", ""white""]",6,30,4,4294,,,,,
SONA_0020,29,53,15,4,60,4,2026-02-24T10:06:53+00:00,2026-02-24T10:46:53+00:00,female,freshman,Mathematics,Data Science,experiment,1,7,2026-02-24T10:12:59+00:00,red,29,white,"[""black"", ""white"", ""black"", ""white"", ""white"", ""white"", ""white""]",7,20,5,4574,,,,,
SONA_0020,29,53,15,4,60,4,2026-02-24T10:06:53+00:00,2026-02-24T10:46:53+00:00,female,freshman,Mathematics,Data Science,experiment,1,8,2026-02-24T10:13:09+00:00,red,29,white,"[""black"", ""white"", ""black"", ""white"", ""white"", ""white"", ""white"", ""white""]",8,15,7,4534,,,,,
SONA_0020,29,53,15,4,60,4,2026-02-24T10:06:53+00:00,2026-02-24T10:46:53+00:00,female,freshman,Mathematics,Data Science,experiment,1,9,2026-02-24T10:12:14+00:00,red,29,white,"[""black"", ""white"", ""black"", ""white"", ""white"", ""white"", ""white"", ""white"", ""white""]",9,15,8,4094,,,,,
SONA_0020,29,53,15,4,60,4,2026-02-24T10:06:53+00:00,2026-02-24T10:46:53+00:00,female,freshman,Mathematics,Data Science,experiment,1,10,2026-02-24T10:12:33+00:00,red,29,white,"[""black"", ""white"", ""black"", ""white"", ""white"", ""white"", ""white"", ""white"", ""white"", ""white""]",10,25,5,4379,,,,,
SONA_0020,29,53,15,4,60,4,2026-02-24T10:06:53+00:00,2026-02-24T10:46:53+00:00,female,freshman,Mathematics,Data Science,experiment,1,11,2026-02-24T10:12:43+00:00,red,29,black,"[""black"", ""white"", ""black"", ""white"", ""white"", ""white"", ""white"", ""white"", ""white"", ""white"", ""black""]",11,25,7,4391,,,,,
SONA_0020,29,53,15,4,60,4,2026-02-24T10:06:53+00:00,2026-02-24T10:46:53+00:00,female,freshman,Mathematics,Data Science,experiment,1,12,2026-02-24T10:13:17+00:00,red,29,white,"[""black"", ""white"", ""black"", ""white"", ""white"", ""white"", ""white"", ""white"", ""white"", ""white"", ""black"", ""white""]",12,25,5,4087,,,,,
SONA_0020,29,53,15,4,60,4,2026-02-24T10:06:53+00:00,2026-02-24T10:46:53+00:00,female,freshman,Mathematics,Data Science,experiment,1,13,2026-02-24T10:13:29+00:00,red,29,white,"[""black"", ""white"", ""black"", ""white"", ""white"", ""white"", ""white"", ""white"", ""white"", ""white"", ""black"", ""white"", ""white""]",13,20,6,3653,,,,,
SONA_0020,29,53,15,4,60,4,2026-02-24T10:06:53+00:00,2026-02-24T10:46:53+00:00,female,freshman,Mathematics,Data Science,experiment,1,14,2026-02-24T10:13:27+00:00,red,29,white,"[""black"", ""white"", ""black"", ""white"", ""white"", ""white"", ""white"", ""white"", ""white"", ""white"", ""black"", ""white"", ""white"", ""white""]",14,15,7,4374,,,,,
SONA_0020,29,53,15,4,60,4,2026-02-24T10:06:53+00:00,2026-02-24T10:46:53+00:00,female,freshman,Mathematics,Data Science,experiment,1,15,2026-02-24T10:13:08+00:00,red,29,white,"[""black"", ""white"", ""black"", ""white"", ""white"", ""white"", ""white"", ""white"", ""white"", ""white"", ""black"", ""white"", ""white"", ""white"", ""white""]",15,15,8,4364,,,,,
SONA_0020,29,53,15,4,60,4,2026-02-24T10:06:53+00:00,2026-02-24T10:46:53+00:00,female,freshman,Mathematics,Data Science,experiment,1,16,2026-02-24T10:14:53+00:00,red,29,black,"[""black"", ""white"", ""black"", ""white"", ""white"", ""white"", ""white"", ""white"", ""white"", ""white"", ""black"", ""white"", ""white"", ""white"", ""white"", ""black""]",16,10,8,4156,,,,,
SONA_0020,29,53,15,4,60,4,2026-02-24T10:06:53+00:00,2026-02-24T10:46:53+00:00,female,freshman,Mathematics,Data Science,experiment,1,17,2026-02-24T10:15:42+00:00,red,29,white,"[""black"", ""white"", ""black"", ""white"", ""white"", ""white"", ""white"", ""white"", ""white"", ""white"", ""black"", ""white"", ""white"", ""white"", ""white"", ""black"", ""white""]",17,40,5,4820,,,,,
SONA_0020,29,53,15,4,60,4,2026-02-24T10:06:53+00:00,2026-02-24T10:46:53+00:00,female,freshman,Mathematics,Data Science,experiment,1,18,2026-02-24T10:15:05+00:00,red,29,white,"[""black"", ""white"", ""black"", ""white"", ""white"", ""white"", ""white"", ""white"", ""white"", ""white"", ""black"", ""white"", ""white"", ""white"", ""white"", ""black"", ""white"", ""white""]",18,25,8,4338,,,,,
SONA_0020,29,53,15,4,60,4,2026-02-24T10:06:53+00:00,2026-02-24T10:46:53+00:00,female,freshman,Mathematics,Data Science,experiment,1,19,2026-02-24T10:16:35+00:00,red,29,white,"[""black"", ""white"", ""black"", ""white"", ""white"", ""white"", ""white"", ""white"", ""white"", ""white"", ""black"", ""white"", ""white"", ""white"", ""white"", ""black"", ""white"", ""white"", ""white""]",19,30,6,4166,,,,,
SONA_0020,29,53,15,4,60,4,2026-02-24T10:06:53+00:00,2026-02-24T10:46:53+00:00,female,freshman,Mathematics,Data Science,experiment,1,20,2026-02-24T10:16:13+00:00,red,29,white,"[""black"", ""white"", ""black"", ""white"", ""white"", ""white"", ""white"", ""white"", ""white"", ""white"", ""black"", ""white"", ""white"", ""white"", ""white"", ""black"", ""white"", ""white"", ""white"", ""white""]",20,20,8,4053,,,,,
SONA_0020,29,53,15,4,60,4,2026-02-24T10:06:53+00:00,2026-02-24T10:46:53+00:00,female,freshman,Mathematics,Data Science,experiment,1,21,2026-02-24T10:13:41+00:00,red,29,white,"[""black"", ""white"", ""black"", ""white"", ""white"", ""white"", ""white"", ""white"", ""white"", ""white"", ""black"", ""white"", ""white"", ""white"", ""white"", ""black"", ""white"", ""white"", ""white"", ""white"", ""white""]",21,25,8,4307,,,,,
SONA_0020,29,53,15,4,60,4,2026-02-24T10:06:53+00:00,2026-02-24T10:46:53+00:00,female,freshman,Mathematics,Data Science,experiment,1,22,2026-02-24T10:13:49+00:00,red,29,black,"[""black"", ""white"", ""black"", ""white"", ""white"", ""white"", ""white"", ""white"", ""white"", ""white"", ""black"", ""white"", ""white"", ""white"", ""white"", ""black"", ""white"", ""white"", ""white"", ""white"", ""white"", ""black""]",22,25,7,4041,,,,,
SONA_0020,29,53,15,4,60,4,2026-02-24T10:06:53+00:00,2026-02-24T10:46:53+00:00,female,freshman,Mathematics,Data Science,experiment,1,23,2026-02-24T10:15:06+00:00,red,29,white,"[""black"", ""white"", ""black"", ""white"", ""white"", ""white"", ""white"", ""white"", ""white"", ""white"", ""black"", ""white"", ""white"", ""white"", ""white"", ""black"", ""white"", ""white"", ""white"", ""white"", ""white"", ""black"", ""white""]",23,5,7,4060,,,,,
SONA_0020,29,53,15,4,60,4,2026-02-24T10:06:53+00:00,2026-02-24T10:46:53+00:00,female,freshman,Mathematics,Data Science,experiment,1,24,2026-02-24T10:16:05+00:00,red,29,white,"[""black"", ""white"", ""black"", ""white"", ""white"", ""white"", ""white"", ""white"", ""white"", ""white"", ""black"", ""white"", ""white"", ""white"", ""white"", ""black"", ""white"", ""white"", ""white"", ""white"", ""white"", ""black"", ""white"", ""white""]",24,25,8,4601,,,,,
SONA_0020,29,53,15,4,60,4,2026-02-24T10:06:53+00:00,2026-02-24T10:46:53+00:00,female,freshman,Mathematics,Data Science,experiment,1,25,2026-02-24T10:15:28+00:00,red,29,black,"[""black"", ""white"", ""black"", ""white"", ""white"", ""white"", ""white"", ""white"", ""white"", ""white"", ""black"", ""white"", ""white"", ""white"", ""white"", ""black"", ""white"", ""white"", ""white"", ""white"", ""white"", ""black"", ""white"", ""white"", ""black""]",25,30,6,4339,,,,,
SONA_0020,29,53,15,4,60,4,2026-02-24T10:06:53+00:00,2026-02-24T10:46:53+00:00,female,freshman,Mathematics,Data Science,experiment,1,26,2026-02-24T10:16:31+00:00,red,29,white,"[""black"", ""white"", ""black"", ""white"", ""white"", ""white"", ""white"", ""white"", ""white"", ""white"", ""black"", ""white"", ""white"", ""white"", ""white"", ""black"", ""white"", ""white"", ""white"", ""white"", ""white"", ""black"", ""white"", ""white"", ""black"", ""white""]",26,20,7,3967,,,,,
SONA_0020,29,53,15,4,60,4,2026-02-24T10:06:53+00:00,2026-02-24T10:46:53+00:00,female,freshman,Mathematics,Data Science,experiment,1,27,2026-02-24T10:14:56+00:00,red,29,white,"[""black"", ""white"", ""black"", ""white"", ""white"", ""white"", ""white"", ""white"", ""white"", ""white"", ""black"", ""white"", ""white"", ""white"", ""white"", ""black"", ""white"", ""white"", ""white"", ""white"", ""white"", ""black"", ""white"", ""white"", ""black"", ""white"", ""white""]",27,15,8,4557,,,,,
SONA_0020,29,53,15,4,60,4,2026-02-24T10:06:53+00:00,2026-02-24T10:46:53+00:00,female,freshman,Mathematics,Data Science,experiment,1,28,2026-02-24T10:16:57+00:00,red,29,white,"[""black"", ""white"", ""black"", ""white"", ""white"", ""white"", ""white"", ""white"", ""white"", ""white"", ""black"", ""white"", ""white"", ""white"", ""white"", ""black"", ""white"", ""white"", ""white"", ""white"", ""white"", ""black"", ""white"", ""white"", ""black"", ""white"", ""white"", ""white""]",28,20,9,3946,,,,,
SONA_0020,29,53,15,4,60,4,2026-02-24T10:06:53+00:00,2026-02-24T10:46:53+00:00,female,freshman,Mathematics,Data Science,experiment,1,29,2026-02-24T10:18:37+00:00,red,29,white,"[""black"", ""white"", ""black"", ""white"", ""white"", ""white"", ""white"", ""white"", ""white"", ""white"", ""black"", ""white"", ""white"", ""white"", ""white"", ""black"", ""white"", ""white"", ""white"", ""white"", ""white"", ""black"", ""white"", ""white"", ""black"", ""white"", ""white"", ""white"", ""white""]",29,25,6,3982,,,,,
SONA_0020,29,53,15,4,60,4,2026-02-24T10:06:53+00:00,2026-02-24T10:46:53+00:00,female,freshman,Mathematics,Data Science,experiment,1,30,2026-02-24T10:19:53+00:00,red,29,white,"[""black"", ""white"", ""black"", ""white"", ""white"", ""white"", ""white"", ""white"", ""white"", ""white"", ""black"", ""white"", ""white"", ""white"", ""white"", ""black"", ""white"", ""white"", ""white"", ""white"", ""white"", ""black"", ""white"", ""white"", ""black"", ""white"", ""white"", ""white"", ""white"", ""white""]",30,25,6,4200,,,,,
SONA_0020,29,53,15,4,60,4,2026-02-24T10:06:53+00:00,2026-02-24T10:46:53+00:00,female,freshman,Mathematics,Data Science,experiment,1,31,2026-02-24T10:18:38+00:00,red,29,white,"[""black"", ""white"", ""black"", ""white"", ""white"", ""white"", ""white"", ""white"", ""white"", ""white"", ""black"", ""white"", ""white"", ""white"", ""white"", ""black"", ""white"", ""white"", ""white"", ""white"", ""white"", ""black"", ""white"", ""white"", ""black"", ""white"", ""white"", ""white"", ""white"", ""white"", ""white""]",31,5,8,3528,,,,,
SONA_0020,29,53,15,4,60,4,2026-02-24T10:06:53+00:00,2026-02-24T10:46:53+00:00,female,freshman,Mathematics,Data Science,experiment,1,32,2026-02-24T10:20:29+00:00,red,29,white,"[""black"", ""white"", ""black"", ""white"", ""white"", ""white"", ""white"", ""white"", ""white"", ""white"", ""black"", ""white"", ""white"", ""white"", ""white"", ""black"", ""white"", ""white"", ""white"", ""white"", ""white"", ""black"", ""white"", ""white"", ""black"", ""white"", ""white"", ""white"", ""white"", ""white"", ""white"", ""white""]",32,20,8,3843,,,,,
SONA_0020,29,53,15,4,60,4,2026-02-24T10:06:53+00:00,2026-02-24T10:46:53+00:00,female,freshman,Mathematics,Data Science,experiment,1,33,2026-02-24T10:20:47+00:00,red,29,black,"[""black"", ""white"", ""black"", ""white"", ""white"", ""white"", ""white"", ""white"", ""white"", ""white"", ""black"", ""white"", ""white"", ""white"", ""white"", ""black"", ""white"", ""white"", ""white"", ""white"", ""white"", ""black"", ""white"", ""white"", ""black"", ""white"", ""white"", ""white"", ""white"", ""white"", ""white"", ""white"", ""black""]",33,30,8,3735,,,,,
SONA_0020,29,53,15,4,60,4,2026-02-24T10:06:53+00:00,2026-02-24T10:46:53+00:00,female,freshman,Mathematics,Data Science,experiment,2,1,2026-02-24T10:25:02+00:00,green,53,black,"[""black""]",1,55,6,5041,,,,,
SONA_0020,29,53,15,4,60,4,2026-02-24T10:06:53+00:00,2026-02-24T10:46:53+00:00,female,freshman,Mathematics,Data Science,experiment,2,2,2026-02-24T10:25:09+00:00,green,53,white,"[""black"", ""white""]",2,75,5,4521,,,,,
SONA_0020,29,53,15,4,60,4,2026-02-24T10:06:53+00:00,2026-02-24T10:46:53+00:00,female,freshman,Mathematics,Data Science,experiment,2,3,2026-02-24T10:25:32+00:00,green,53,black,"[""black"", ""white"", ""black""]",3,70,6,5332,,,,,
SONA_0020,29,53,15,4,60,4,2026-02-24T10:06:53+00:00,2026-02-24T10:46:53+00:00,female,freshman,Mathematics,Data Science,experiment,2,4,2026-02-24T10:26:05+00:00,green,53,black,"[""black"", ""white"", ""black"", ""black""]",4,55,4,4251,,,,,
SONA_0020,29,53,15,4,60,4,2026-02-24T10:06:53+00:00,2026-02-24T10:46:53+00:00,female,freshman,Mathematics,Data Science,experiment,2,5,2026-02-24T10:25:53+00:00,green,53,white,"[""black"", ""white"", ""black"", ""black"", ""white""]",5,50,5,5189,,,,,
SONA_0020,29,53,15,4,60,4,2026-02-24T10:06:53+00:00,2026-02-24T10:46:53+00:00,female,freshman,Mathematics,Data Science,experiment,2,6,2026-02-24T10:26:11+00:00,green,53,white,"[""black"", ""white"", ""black"", ""black"", ""white"", ""white""]",6,45,5,4681,,,,,
SONA_0020,29,53,15,4,60,4,2026-02-24T10:06:53+00:00,2026-02-24T10:46:53+00:00,female,freshman,Mathematics,Data Science,experiment,2,7,2026-02-24T10:26:17+00:00,green,53,black,"[""black"", ""white"", ""black"", ""black"", ""white"", ""white"", ""black""]",7,55,4,4918,,,,,
SONA_0020,29,53,15,4,60,4,2026-02-24T10:06:53+00:00,2026-02-24T10:46:53+00:00,female,freshman,Mathematics,Data Science,experiment,2,8,2026-02-24T10:25:57+00:00,green,53,black,"[""black"", ""white"", ""black"", ""black"", ""white"", ""white"", ""black"", ""black""]",8,55,6,4378,,,,,
SONA_0020,29,53,15,4,60,4,2026-02-24T10:06:53+00:00,2026-02-24T10:46:53+00:00,female,freshman,Mathematics,Data Science,experiment,2,9,2026-02-24T10:26:41+00:00,green,53,white,"[""black"", ""white"", ""black"", ""black"", ""white"", ""white"", ""black"", ""black"", ""white""]",9,50,6,5320,,,,,
SONA_0020,29,53,15,4,60,4,2026-02-24T10:06:53+00:00,2026-02-24T10:46:53+00:00,female,freshman,Mathematics,Data Science,experiment,2,10,2026-02-24T10:27:43+00:00,green,53,white,"[""black"", ""white"", ""black"", ""black"", ""white"", ""white"", ""black"", ""black"", ""white"", ""white""]",10,65,4,5001,,,,,
SONA_0020,29,53,15,4,60,4,2026-02-24T10:06:53+00:00,2026-02-24T10:46:53+00:00,female,freshman,Mathematics,Data Science,experiment,2,11,2026-02-24T10:26:43+00:00,green,53,black,"[""black"", ""white"", ""black"", ""black"", ""white"", ""white"", ""black"", ""black"", ""white"", ""white"", ""black""]",11,55,7,3844,,,,,
SONA_0020,29,53,15,4,60,4,2026-02-24T10:06:53+00:00,2026-02-24T10:46:53+00:00,female,freshman,Mathematics,Data Science,experiment,2,12,2026-02-24T10:27:17+00:00,green,53,white,"[""black"", ""white"", ""black"", ""black"", ""white"", ""white"", ""black"", ""black"", ""white"", ""white"", ""black"", ""white""]",12,55,6,4574,,,,,
SONA_0020,29,53,15,4,60,4,2026-02-24T10:06:53+00:00,2026-02-24T10:46:53+00:00,female,freshman,Mathematics,Data Science,experiment,2,13,2026-02-24T10:28:34+00:00,green,53,black,"[""black"", ""white"", ""black"", ""black"", ""white"", ""white"", ""black"", ""black"", ""white"", ""white"", ""black"", ""white"", ""black""]",13,70,7,4505,,,,,
SONA_0020,29,53,15,4,60,4,2026-02-24T10:06:53+00:00,2026-02-24T10:46:53+00:00,female,freshman,Mathematics,Data Science,experiment,2,14,2026-02-24T10:27:27+00:00,green,53,white,"[""black"", ""white"", ""black"", ""black"", ""white"", ""white"", ""black"", ""black"", ""white"", ""white"", ""black"", ""white"", ""black"", ""white""]",14,60,5,4651,,,,,
SONA_0020,29,53,15,4,60,4,2026-02-24T10:06:53+00:00,2026-02-24T10:46:53+00:00,female,freshman,Mathematics,Data Science,experiment,2,15,2026-02-24T10:26:53+00:00,green,53,black,"[""black"", ""white"", ""black"", ""black"", ""white"", ""white"", ""black"", ""black"", ""white"", ""white"", ""black"", ""white"", ""black"", ""white"", ""black""]",15,50,6,4747,,,,,
SONA_0020,29,53,15,4,60,4,2026-02-24T10:06:53+00:00,2026-02-24T10:46:53+00:00,female,freshman,Mathematics,Data Science,experiment,2,16,2026-02-24T10:27:17+00:00,green,53,black,"[""black"", ""white"", ""black"", ""black"", ""white"", ""white"", ""black"", ""black"", ""white"", ""white"", ""black"", ""white"", ""black"", ""white"", ""black"", ""black""]",16,45,4,4282,,,,,
SONA_0020,29,53,15,4,60,4,2026-02-24T10:06:53+00:00,2026-02-24T10:46:53+00:00,female,freshman,Mathematics,Data Science,experiment,2,17,2026-02-24T10:28:34+00:00,green,53,white,"[""black"", ""white"", ""black"", ""black"", ""white"", ""white"", ""black"", ""black"", ""white"", ""white"", ""black"", ""white"", ""black"", ""white"", ""black"", ""black"", ""white""]",17,55,6,4526,,,,,
SONA_0020,29,53,15,4,60,4,2026-02-24T10:06:53+00:00,2026-02-24T10:46:53+00:00,female,freshman,Mathematics,Data Science,experiment,2,18,2026-02-24T10:28:29+00:00,green,53,white,"[""black"", ""white"", ""black"", ""black"", ""white"", ""white"", ""black"", ""black"", ""white"", ""white"", ""black"", ""white"", ""black"", ""white"", ""black"", ""black"", ""white"", ""white""]",18,70,7,4800,,,,,
SONA_0020,29,53,15,4,60,4,2026-02-24T10:06:53+00:00,2026-02-24T10:46:53+00:00,female,freshman,Mathematics,Data Science,experiment,2,19,2026-02-24T10:29:00+00:00,green,53,white,"[""black"", ""white"", ""black"", ""black"", ""white"", ""white"", ""black"", ""black"", ""white"", ""white"", ""black"", ""white"", ""black"", ""white"", ""black"", ""black"", ""white"", ""white"", ""white""]",19,60,7,4456,,,,,
SONA_0020,29,53,15,4,60,4,2026-02-24T10:06:53+00:00,2026-02-24T10:46:53+00:00,female,freshman,Mathematics,Data Science,experiment,2,20,2026-02-24T10:28:13+00:00,green,53,black,"[""black"", ""white"", ""black"", ""black"", ""white"", ""white"", ""black"", ""black"", ""white"", ""white"", ""black"", ""white"", ""black"", ""white"", ""black"", ""black"", ""white"", ""white"", ""white"", ""black""]",20,60,6,4471,,,,,
SONA_0020,29,53,15,4,60,4,2026-02-24T10:06:53+00:00,2026-02-24T10:46:53+00:00,female,freshman,Mathematics,Data Science,experiment,2,21,2026-02-24T10:30:08+00:00,green,53,black,"[""black"", ""white"", ""black"", ""black"", ""white"", ""white"", ""black"", ""black"", ""white"", ""white"", ""black"", ""white"", ""black"", ""white"", ""black"", ""black"", ""white"", ""white"", ""white"", ""black"", ""black""]",21,60,5,4583,,,,,
SONA_0020,29,53,15,4,60,4,2026-02-24T10:06:53+00:00,2026-02-24T10:46:53+00:00,female,freshman,Mathematics,Data Science,experiment,2,22,2026-02-24T10:28:55+00:00,green,53,white,"[""black"", ""white"", ""black"", ""black"", ""white"", ""white"", ""black"", ""black"", ""white"", ""white"", ""black"", ""white"", ""black"", ""white"", ""black"", ""black"", ""white"", ""white"", ""white"", ""black"", ""black"", ""white""]",22,60,7,4882,,,,,
SONA_0020,29,53,15,4,60,4,2026-02-24T10:06:53+00:00,2026-02-24T10:46:53+00:00,female,freshman,Mathematics,Data Science,experiment,2,23,2026-02-24T10:31:47+00:00,green,53,white,"[""black"", ""white"", ""black"", ""black"", ""white"", ""white"", ""black"", ""black"", ""white"", ""white"", ""black"", ""white"", ""black"", ""white"", ""black"", ""black"", ""white"", ""white"", ""white"", ""black"", ""black"", ""white"", ""white""]",23,45,6,3654,,,,,
SONA_0020,29,53,15,4,60,4,2026-02-24T10:06:53+00:00,2026-02-24T10:46:53+00:00,female,freshman,Mathematics,Data Science,experiment,2,24,2026-02-24T10:30:05+00:00,green,53,white,"[""black"", ""white"", ""black"", ""black"", ""white"", ""white"", ""black"", ""black"", ""white"", ""white"", ""black"", ""white"", ""black"", ""white"", ""black"", ""black"", ""white"", ""white"", ""white"", ""black"", ""black"", ""white"", ""white"", ""white""]",24,70,7,3770,,,,,
SONA_0020,29,53,15,4,60,4,2026-02-24T10:06:53+00:00,2026-02-24T10:46:53+00:00,female,freshman,Mathematics,Data Science,experiment,2,25,2026-02-24T10:32:23+00:00,green,53,black,"[""black"", ""white"", ""black"", ""black"", ""white"", ""white"", ""black"", ""black"", ""white"", ""white"", ""black"", ""white"", ""black"", ""white"", ""black"", ""black"", ""white"", ""white"", ""white"", ""black"", ""black"", ""white"", ""white"", ""white"", ""black""]",25,55,5,4515,,,,,
SONA_0020,29,53,15,4,60,4,2026-02-24T10:06:53+00:00,2026-02-24T10:46:53+00:00,female,freshman,Mathematics,Data Science,experiment,2,26,2026-02-24T10:28:47+00:00,green,53,white,"[""black"", ""white"", ""black"", ""black"", ""white"", ""white"", ""black"", ""black"", ""white"", ""white"", ""black"", ""white"", ""black"", ""white"", ""black"", ""black"", ""white"", ""white"", ""white"", ""black"", ""black"", ""white"", ""white"", ""white"", ""black"", ""white""]",26,65,7,4275,,,,,
SONA_0020,29,53,15,4,60,4,2026-02-24T10:06:53+00:00,2026-02-24T10:46:53+00:00,female,freshman,Mathematics,Data Science,experiment,2,27,2026-02-24T10:30:17+00:00,green,53,black,"[""black"", ""white"", ""black"", ""black"", ""white"", ""white"", ""black"", ""black"", ""white"", ""white"", ""black"", ""white"", ""black"", ""white"", ""black"", ""black"", ""white"", ""white"", ""white"", ""black"", ""black"", ""white"", ""white"", ""white"", ""black"", ""white"", ""black""]",27,50,5,4501,,,,,
SONA_0020,29,53,15,4,60,4,2026-02-24T10:06:53+00:00,2026-02-24T10:46:53+00:00,female,freshman,Mathematics,Data Science,experiment,2,28,2026-02-24T10:32:49+00:00,green,53,black,"[""black"", ""white"", ""black"", ""black"", ""white"", ""white"", ""black"", ""black"", ""white"", ""white"", ""black"", ""white"", ""black"", ""white"", ""black"", ""black"", ""white"", ""white"", ""white"", ""black"", ""black"", ""white"", ""white"", ""white"", ""black"", ""white"", ""black"", ""black""]",28,70,5,3794,,,,,
SONA_0020,29,53,15,4,60,4,2026-02-24T10:06:53+00:00,2026-02-24T10:46:53+00:00,female,freshman,Mathematics,Data Science,experiment,2,29,2026-02-24T10:32:08+00:00,green,53,white,"[""black"", ""white"", ""black"", ""black"", ""white"", ""white"", ""black"", ""black"", ""white"", ""white"", ""black"", ""white"", ""black"", ""white"", ""black"", ""black"", ""white"", ""white"", ""white"", ""black"", ""black"", ""white"", ""white"", ""white"", ""black"", ""white"", ""black"", ""black"", ""white""]",29,50,6,4822,,,,,
SONA_0020,29,53,15,4,60,4,2026-02-24T10:06:53+00:00,2026-02-24T10:46:53+00:00,female,freshman,Mathematics,Data Science,experiment,2,30,2026-02-24T10:33:23+00:00,green,53,white,"[""black"", ""white"", ""black"", ""black"", ""white"", ""white"", ""black"", ""black"", ""white"", ""white"", ""black"", ""white"", ""black"", ""white"", ""black"", ""black"", ""white"", ""white"", ""white"", ""black"", ""black"", ""white"", ""white"", ""white"", ""black"", ""white"", ""black"", ""black"", ""white"", ""white""]",30,45,5,4387,,,,,
SONA_0020,29,53,15,4,60,4,2026-02-24T10:06:53+00:00,2026-02-24T10:46:53+00:00,female,freshman,Mathematics,Data Science,experiment,2,31,2026-02-24T10:29:01+00:00,green,53,white,"[""black"", ""white"", ""black"", ""black"", ""white"", ""white"", ""black"", ""black"", ""white"", ""white"", ""black"", ""white"", ""black"", ""white"", ""black"", ""black"", ""white"", ""white"", ""white"", ""black"", ""black"", ""white"", ""white"", ""white"", ""black"", ""white"", ""black"", ""black"", ""white"", ""white"", ""white""]",31,85,7,3477,,,,,
SONA_0020,29,53,15,4,60,4,2026-02-24T10:06:53+00:00,2026-02-24T10:46:53+00:00,female,freshman,Mathematics,Data Science,experiment,2,32,2026-02-24T10:30:45+00:00,green,53,black,"[""black"", ""white"", ""black"", ""black"", ""white"", ""white"", ""black"", ""black"", ""white"", ""white"", ""black"", ""white"", ""black"", ""white"", ""black"", ""black"", ""white"", ""white"", ""white"", ""black"", ""black"", ""white"", ""white"", ""white"", ""black"", ""white"", ""black"", ""black"", ""white"", ""white"", ""white"", ""black""]",32,65,5,3483,,,,,
SONA_0020,29,53,15,4,60,4,2026-02-24T10:06:53+00:00,2026-02-24T10:46:53+00:00,female,freshman,Mathematics,Data Science,experiment,2,33,2026-02-24T10:31:29+00:00,green,53,white,"[""black"", ""white"", ""black"", ""black"", ""white"", ""white"", ""black"", ""black"", ""white"", ""white"", ""black"", ""white"", ""black"", ""white"", ""black"", ""black"", ""white"", ""white"", ""white"", ""black"", ""black"", ""white"", ""white"", ""white"", ""black"", ""white"", ""black"", ""black"", ""white"", ""white"", ""white"", ""black"", ""white""]",33,75,8,4128,,,,,
SONA_0020,29,53,15,4,60,4,2026-02-24T10:06:53+00:00,2026-02-24T10:46:53+00:00,female,freshman,Mathematics,Data Science,experiment,3,1,2026-02-24T10:37:08+00:00,red,29,white,"[""white""]",1,30,4,5102,,,,,
SONA_0020,29,53,15,4,60,4,2026-02-24T10:06:53+00:00,2026-02-24T10:46:53+00:00,female,freshman,Mathematics,Data Science,experiment,3,2,2026-02-24T10:37:23+00:00,red,29,white,"[""white"", ""white""]",2,20,7,3841,,,,,
SONA_0020,29,53,15,4,60,4,2026-02-24T10:06:53+00:00,2026-02-24T10:46:53+00:00,female,freshman,Mathematics,Data Science,experiment,3,3,2026-02-24T10:37:32+00:00,red,29,white,"[""white"", ""white"", ""white""]",3,40,4,4295,,,,,
SONA_0020,29,53,15,4,60,4,2026-02-24T10:06:53+00:00,2026-02-24T10:46:53+00:00,female,freshman,Mathematics,Data Science,experiment,3,4,2026-02-24T10:37:49+00:00,red,29,white,"[""white"", ""white"", ""white"", ""white""]",4,25,6,4270,,,,,
SONA_0020,29,53,15,4,60,4,2026-02-24T10:06:53+00:00,2026-02-24T10:46:53+00:00,female,freshman,Mathematics,Data Science,experiment,3,5,2026-02-24T10:37:38+00:00,red,29,white,"[""white"", ""white"", ""white"", ""white"", ""white""]",5,20,7,3643,,,,,
SONA_0020,29,53,15,4,60,4,2026-02-24T10:06:53+00:00,2026-02-24T10:46:53+00:00,female,freshman,Mathematics,Data Science,experiment,3,6,2026-02-24T10:38:05+00:00,red,29,white,"[""white"", ""white"", ""white"", ""white"", ""white"", ""white""]",6,35,7,3933,,,,,
SONA_0020,29,53,15,4,60,4,2026-02-24T10:06:53+00:00,2026-02-24T10:46:53+00:00,female,freshman,Mathematics,Data Science,experiment,3,7,2026-02-24T10:38:59+00:00,red,29,black,"[""white"", ""white"", ""white"", ""white"", ""white"", ""white"", ""black""]",7,25,7,4866,,,,,
SONA_0020,29,53,15,4,60,4,2026-02-24T10:06:53+00:00,2026-02-24T10:46:53+00:00,female,freshman,Mathematics,Data Science,experiment,3,8,2026-02-24T10:38:13+00:00,red,29,white,"[""white"", ""white"", ""white"", ""white"", ""white"", ""white"", ""black"", ""white""]",8,25,6,4633,,,,,
SONA_0020,29,53,15,4,60,4,2026-02-24T10:06:53+00:00,2026-02-24T10:46:53+00:00,female,freshman,Mathematics,Data Science,experiment,3,9,2026-02-24T10:39:17+00:00,red,29,white,"[""white"", ""white"", ""white"", ""white"", ""white"", ""white"", ""black"", ""white"", ""white""]",9,30,6,4812,,,,,
SONA_0020,29,53,15,4,60,4,2026-02-24T10:06:53+00:00,2026-02-24T10:46:53+00:00,female,freshman,Mathematics,Data Science,experiment,3,10,2026-02-24T10:39:33+00:00,red,29,white,"[""white"", ""white"", ""white"", ""white"", ""white"", ""white"", ""black"", ""white"", ""white"", ""white""]",10,20,8,4015,,,,,
SONA_0020,29,53,15,4,60,4,2026-02-24T10:06:53+00:00,2026-02-24T10:46:53+00:00,female,freshman,Mathematics,Data Science,experiment,3,11,2026-02-24T10:39:16+00:00,red,29,white,"[""white"", ""white"", ""white"", ""white"", ""white"", ""white"", ""black"", ""white"", ""white"", ""white"", ""white""]",11,25,7,4448,,,,,
SONA_0020,29,53,15,4,60,4,2026-02-24T10:06:53+00:00,2026-02-24T10:46:53+00:00,female,freshman,Mathematics,Data Science,experiment,3,12,2026-02-24T10:39:53+00:00,red,29,white,"[""white"", ""white"", ""white"", ""white"", ""white"", ""white"", ""black"", ""white"", ""white"", ""white"", ""white"", ""white""]",12,35,4,3266,,,,,
SONA_0020,29,53,15,4,60,4,2026-02-24T10:06:53+00:00,2026-02-24T10:46:53+00:00,female,freshman,Mathematics,Data Science,experiment,3,13,2026-02-24T10:39:29+00:00,red,29,white,"[""white"", ""white"", ""white"", ""white"", ""white"", ""white"", ""black"", ""white"", ""white"", ""white"", ""white"", ""white"", ""white""]",13,30,8,4496,,,,,
SONA_0020,29,53,15,4,60,4,2026-02-24T10:06:53+00:00,2026-02-24T10:46:53+00:00,female,freshman,Mathematics,Data Science,experiment,3,14,2026-02-24T10:38:45+00:00,red,29,white,"[""white"", ""white"", ""white"", ""white"", ""white"", ""white"", ""black"", ""white"", ""white"", ""white"", ""white"", ""white"", ""white"", ""white""]",14,30,6,4719,,,,,
SONA_0020,29,53,15,4,60,4,2026-02-24T10:06:53+00:00,2026-02-24T10:46:53+00:00,female,freshman,Mathematics,Data Science,experiment,3,15,2026-02-24T10:41:23+00:00,red,29,black,"[""white"", ""white"", ""white"", ""white"", ""white"", ""white"", ""black"", ""white"", ""white"", ""white"", ""white"", ""white"", ""white"", ""white"", ""black""]",15,40,6,4261,,,,,
SONA_0020,29,53,15,4,60,4,2026-02-24T10:06:53+00:00,2026-02-24T10:46:53+00:00,female,freshman,Mathematics,Data Science,experiment,3,16,2026-02-24T10:39:49+00:00,red,29,white,"[""white"", ""white"", ""white"", ""white"", ""white"", ""white"", ""black"", ""white"", ""white"", ""white"", ""white"", ""white"", ""white"", ""white"", ""black"", ""white""]",16,15,9,3867,,,,,
SONA_0020,29,53,15,4,60,4,2026-02-24T10:06:53+00:00,2026-02-24T10:46:53+00:00,female,freshman,Mathematics,Data Science,experiment,3,17,2026-02-24T10:40:51+00:00,red,29,white,"[""white"", ""white"", ""white"", ""white"", ""white"", ""white"", ""black"", ""white"", ""white"", ""white"", ""white"", ""white"", ""white"", ""white"", ""black"", ""white"", ""white""]",17,55,7,5367,,,,,
SONA_0020,29,53,15,4,60,4,2026-02-24T10:06:53+00:00,2026-02-24T10:46:53+00:00,female,freshman,Mathematics,Data Science,experiment,3,18,2026-02-24T10:40:29+00:00,red,29,black,"[""white"", ""white"", ""white"", ""white"", ""white"", ""white"", ""black"", ""white"", ""white"", ""white"", ""white"", ""white"", ""white"", ""white"", ""black"", ""white"", ""white"", ""black""]",18,15,7,3656,,,,,
SONA_0020,29,53,15,4,60,4,2026-02-24T10:06:53+00:00,2026-02-24T10:46:53+00:00,female,freshman,Mathematics,Data Science,experiment,3,19,2026-02-24T10:42:35+00:00,red,29,white,"[""white"", ""white"", ""white"", ""white"", ""white"", ""white"", ""black"", ""white"", ""white"", ""white"", ""white"", ""white"", ""white"", ""white"", ""black"", ""white"", ""white"", ""black"", ""white""]",19,35,7,4894,,,,,
SONA_0020,29,53,15,4,60,4,2026-02-24T10:06:53+00:00,2026-02-24T10:46:53+00:00,female,freshman,Mathematics,Data Science,experiment,3,20,2026-02-24T10:42:53+00:00,red,29,white,"[""white"", ""white"", ""white"", ""white"", ""white"", ""white"", ""black"", ""white"", ""white"", ""white"", ""white"", ""white"", ""white"", ""white"", ""black"", ""white"", ""white"", ""black"", ""white"", ""white""]",20,30,5,5044,,,,,
SONA_0020,29,53,15,4,60,4,2026-02-24T10:06:53+00:00,2026-02-24T10:46:53+00:00,female,freshman,Mathematics,Data Science,experiment,3,21,2026-02-24T10:40:23+00:00,red,29,white,"[""white"", ""white"", ""white"", ""white"", ""white"", ""white"", ""black"", ""white"", ""white"", ""white"", ""white"", ""white"", ""white"", ""white"", ""black"", ""white"", ""white"", ""black"", ""white"", ""white"", ""white""]",21,35,7,4691,,,,,
SONA_0020,29,53,15,4,60,4,2026-02-24T10:06:53+00:00,2026-02-24T10:46:53+00:00,female,freshman,Mathematics,Data Science,experiment,3,22,2026-02-24T10:42:23+00:00,red,29,white,"[""white"", ""white"", ""white"", ""white"", ""white"", ""white"", ""black"", ""white"", ""white"", ""white"", ""white"", ""white"", ""white"", ""white"", ""black"", ""white"", ""white"", ""black"", ""white"", ""white"", ""white"", ""white""]",22,40,7,4584,,,,,
SONA_0020,29,53,15,4,60,4,2026-02-24T10:06:53+00:00,2026-02-24T10:46:53+00:00,female,freshman,Mathematics,Data Science,experiment,3,23,2026-02-24T10:40:43+00:00,red,29,white,"[""white"", ""white"", ""white"", ""white"", ""white"", ""white"", ""black"", ""white"", ""white"", ""white"", ""white"", ""white"", ""white"", ""white"", ""black"", ""white"", ""white"", ""black"", ""white"", ""white"", ""white"", ""white"", ""white""]",23,30,8,4393,,,,,
SONA_0020,29,53,15,4,60,4,2026-02-24T10:06:53+00:00,2026-02-24T10:46:53+00:00,female,freshman,Mathematics,Data Science,experiment,3,24,2026-02-24T10:42:05+00:00,red,29,black,"[""white"", ""white"", ""white"", ""white"", ""white"", ""white"", ""black"", ""white"", ""white"", ""white"", ""white"", ""white"", ""white"", ""white"", ""black"", ""white"", ""white"", ""black"", ""white"", ""white"", ""white"", ""white"", ""white"", ""black""]",24,30,6,4096,,,,,
SONA_0020,29,53,15,4,60,4,2026-02-24T10:06:53+00:00,2026-02-24T10:46:53+00:00,female,freshman,Mathematics,Data Science,experiment,3,25,2026-02-24T10:42:18+00:00,red,29,black,"[""white"", ""white"", ""white"", ""white"", ""white"", ""white"", ""black"", ""white"", ""white"", ""white"", ""white"", ""white"", ""white"", ""white"", ""black"", ""white"", ""white"", ""black"", ""white"", ""white"", ""white"", ""white"", ""white"", ""black"", ""black""]",25,30,5,3677,,,,,
SONA_0020,29,53,15,4,60,4,2026-02-24T10:06:53+00:00,2026-02-24T10:46:53+00:00,female,freshman,Mathematics,Data Science,experiment,3,26,2026-02-24T10:40:21+00:00,red,29,white,"[""white"", ""white"", ""white"", ""white"", ""white"", ""white"", ""black"", ""white"", ""white"", ""white"", ""white"", ""white"", ""white"", ""white"", ""black"", ""white"", ""white"", ""black"", ""white"", ""white"", ""white"", ""white"", ""white"", ""black"", ""black"", ""white""]",26,40,4,4581,,,,,
SONA_0020,29,53,15,4,60,4,2026-02-24T10:06:53+00:00,2026-02-24T10:46:53+00:00,female,freshman,Mathematics,Data Science,experiment,3,27,2026-02-24T10:41:23+00:00,red,29,black,"[""white"", ""white"", ""white"", ""white"", ""white"", ""white"", ""black"", ""white"", ""white"", ""white"", ""white"", ""white"", ""white"", ""white"", ""black"", ""white"", ""white"", ""black"", ""white"", ""white"", ""white"", ""white"", ""white"", ""black"", ""black"", ""white"", ""black""]",27,45,6,4908,,,,,
SONA_0020,29,53,15,4,60,4,2026-02-24T10:06:53+00:00,2026-02-24T10:46:53+00:00,female,freshman,Mathematics,Data Science,experiment,3,28,2026-02-24T10:41:33+00:00,red,29,white,"[""white"", ""white"", ""white"", ""white"", ""white"", ""white"", ""black"", ""white"", ""white"", ""white"", ""white"", ""white"", ""white"", ""white"", ""black"", ""white"", ""white"", ""black"", ""white"", ""white"", ""white"", ""white"", ""white"", ""black"", ""black"", ""white"", ""black"", ""white""]",28,25,7,4846,,,,,
SONA_0020,29,53,15,4,60,4,2026-02-24T10:06:53+00:00,2026-02-24T10:46:53+00:00,female,freshman,Mathematics,Data Science,experiment,3,29,2026-02-24T10:43:39+00:00,red,29,white,"[""white"", ""white"", ""white"", ""white"", ""white"", ""white"", ""black"", ""white"", ""white"", ""white"", ""white"", ""white"", ""white"", ""white"", ""black"", ""white"", ""white"", ""black"", ""white"", ""white"", ""white"", ""white"", ""white"", ""black"", ""black"", ""white"", ""black"", ""white"", ""white""]",29,15,8,3852,,,,,
SONA_0020,29,53,15,4,60,4,2026-02-24T10:06:53+00:00,2026-02-24T10:46:53+00:00,female,freshman,Mathematics,Data Science,experiment,3,30,2026-02-24T10:43:23+00:00,red,29,black,"[""white"", ""white"", ""white"", ""white"", ""white"", ""white"", ""black"", ""white"", ""white"", ""white"", ""white"", ""white"", ""white"", ""white"", ""black"", ""white"", ""white"", ""black"", ""white"", ""white"", ""white"", ""white"", ""white"", ""black"", ""black"", ""white"", ""black"", ""white"", ""white"", ""black""]",30,15,7,3932,,,,,
SONA_0020,29,53,15,4,60,4,2026-02-24T10:06:53+00:00,2026-02-24T10:46:53+00:00,female,freshman,Mathematics,Data Science,experiment,3,31,2026-02-24T10:43:05+00:00,red,29,black,"[""white"", ""white"", ""white"", ""white"", ""white"", ""white"", ""black"", ""white"", ""white"", ""white"", ""white"", ""white"", ""white"", ""white"", ""black"", ""white"", ""white"", ""black"", ""white"", ""white"", ""white"", ""white"", ""white"", ""black"", ""black"", ""white"", ""black"", ""white"", ""white"", ""black"", ""black""]",31,40,7,4511,,,,,
SONA_0020,29,53,15,4,60,4,2026-02-24T10:06:53+00:00,2026-02-24T10:46:53+00:00,female,freshman,Mathematics,Data Science,experiment,3,32,2026-02-24T10:44:53+00:00,red,29,black,"[""white"", ""white"", ""white"", ""white"", ""white"", ""white"", ""black"", ""white"", ""white"", ""white"", ""white"", ""white"", ""white"", ""white"", ""black"", ""white"", ""white"", ""black"", ""white"", ""white"", ""white"", ""white"", ""white"", ""black"", ""black"", ""white"", ""black"", ""white"", ""white"", ""black"", ""black"", ""black""]",32,40,8,4567,,,,,
SONA_0020,29,53,15,4,60,4,2026-02-24T10:06:53+00:00,2026-02-24T10:46:53+00:00,female,freshman,Mathematics,Data Science,experiment,3,33,2026-02-24T10:41:50+00:00,red,29,black,"[""white"", ""white"", ""white"", ""white"", ""white"", ""white"", ""black"", ""white"", ""white"", ""white"", ""white"", ""white"", ""white"", ""white"", ""black"", ""white"", ""white"", ""black"", ""white"", ""white"", ""white"", ""white"", ""white"", ""black"", ""black"", ""white"", ""black"", ""white"", ""white"", ""black"", ""black"", ""black"", ""black""]",33,45,6,5007,,,,,
TEST_001,45,72,50,5,,,2026-02-22T00:00:00+00:00,,,,,,experiment,1,1,2026-02-22T00:02:00+00:00,red,45,black,,1,50,7,1500,,,,,
TEST_FULL_002,65,30,50,5,50,4,2026-02-23T09:50:00+00:00,2026-02-23T10:25:00+00:00,male,junior,Computer Science,Math,experiment,1,1,2026-02-23T10:01:00+00:00,red,65,black,"[""black""]",1,60,6,3200,,,,,
TEST_FULL_002,65,30,50,5,50,4,2026-02-23T09:50:00+00:00,2026-02-23T10:25:00+00:00,male,junior,Computer Science,Math,experiment,1,2,2026-02-23T10:02:00+00:00,red,65,white,"[""black"", ""white""]",2,55,5,2800,,,,,
TEST_FULL_002,65,30,50,5,50,4,2026-02-23T09:50:00+00:00,2026-02-23T10:25:00+00:00,male,junior,Computer Science,Math,experiment,2,1,2026-02-23T10:16:00+00:00,green,30,white,"[""white""]",1,40,4,3500,,,,,
TEST_FULL_002,65,30,50,5,50,4,2026-02-23T09:50:00+00:00,2026-02-23T10:25:00+00:00,male,junior,Computer Science,Math,experiment,3,1,2026-02-23T10:20:00+00:00,red,65,black,"[""black""]",1,65,7,2200,,,,,
TEST_FULL_099,65,30,45,4,55,3,2026-02-23T10:00:00+00:00,2026-02-23T10:29:00+00:00,female,sophomore,Psychology,Statistics,experiment,1,1,2026-02-23T10:05:12+00:00,red,65,white,"[""white""]",1,77,3,2438,,,,,
TEST_FULL_099,65,30,45,4,55,3,2026-02-23T10:00:00+00:00,2026-02-23T10:29:00+00:00,female,sophomore,Psychology,Statistics,experiment,1,2,2026-02-23T10:05:24+00:00,red,65,white,"[""white"", ""white""]",2,67,9,3685,,,,,
TEST_FULL_099,65,30,45,4,55,3,2026-02-23T10:00:00+00:00,2026-02-23T10:29:00+00:00,female,sophomore,Psychology,Statistics,experiment,1,3,2026-02-23T10:05:36+00:00,red,65,white,"[""white"", ""white"", ""white""]",3,60,3,3904,,,,,
TEST_FULL_099,65,30,45,4,55,3,2026-02-23T10:00:00+00:00,2026-02-23T10:29:00+00:00,female,sophomore,Psychology,Statistics,experiment,1,4,2026-02-23T10:05:48+00:00,red,65,black,"[""white"", ""white"", ""white"", ""black""]",4,64,3,3657,,,,,
TEST_FULL_099,65,30,45,4,55,3,2026-02-23T10:00:00+00:00,2026-02-23T10:29:00+00:00,female,sophomore,Psychology,Statistics,experiment,1,5,2026-02-23T10:06:00+00:00,red,65,white,"[""white"", ""white"", ""white"", ""black"", ""white""]",5,74,4,5658,,,,,
TEST_FULL_099,65,30,45,4,55,3,2026-02-23T10:00:00+00:00,2026-02-23T10:29:00+00:00,female,sophomore,Psychology,Statistics,experiment,1,6,2026-02-23T10:06:12+00:00,red,65,white,"[""white"", ""white"", ""white"", ""black"", ""white"", ""white""]",6,77,8,3944,,,,,
TEST_FULL_099,65,30,45,4,55,3,2026-02-23T10:00:00+00:00,2026-02-23T10:29:00+00:00,female,sophomore,Psychology,Statistics,experiment,1,7,2026-02-23T10:06:24+00:00,red,65,white,"[""white"", ""white"", ""white"", ""black"", ""white"", ""white"", ""white""]",7,66,7,3129,,,,,
TEST_FULL_099,65,30,45,4,55,3,2026-02-23T10:00:00+00:00,2026-02-23T10:29:00+00:00,female,sophomore,Psychology,Statistics,experiment,1,8,2026-02-23T10:06:36+00:00,red,65,black,"[""white"", ""white"", ""white"", ""black"", ""white"", ""white"", ""white"", ""black""]",8,74,4,5918,,,,,
TEST_FULL_099,65,30,45,4,55,3,2026-02-23T10:00:00+00:00,2026-02-23T10:29:00+00:00,female,sophomore,Psychology,Statistics,experiment,1,9,2026-02-23T10:06:48+00:00,red,65,white,"[""white"", ""white"", ""white"", ""black"", ""white"", ""white"", ""white"", ""black"", ""white""]",9,79,7,1504,,,,,
TEST_FULL_099,65,30,45,4,55,3,2026-02-23T10:00:00+00:00,2026-02-23T10:29:00+00:00,female,sophomore,Psychology,Statistics,experiment,1,10,2026-02-23T10:07:00+00:00,red,65,black,"[""white"", ""white"", ""white"", ""black"", ""white"", ""white"", ""white"", ""black"", ""white"", ""black""]",10,65,3,2416,,,,,
TEST_FULL_099,65,30,45,4,55,3,2026-02-23T10:00:00+00:00,2026-02-23T10:29:00+00:00,female,sophomore,Psychology,Statistics,experiment,1,11,2026-02-23T10:07:12+00:00,red,65,white,"[""white"", ""white"", ""white"", ""black"", ""white"", ""white"", ""white"", ""black"", ""white"", ""black"", ""white""]",11,78,9,4019,,,,,
TEST_FULL_099,65,30,45,4,55,3,2026-02-23T10:00:00+00:00,2026-02-23T10:29:00+00:00,female,sophomore,Psychology,Statistics,experiment,1,12,2026-02-23T10:07:24+00:00,red,65,black,"[""white"", ""white"", ""white"", ""black"", ""white"", ""white"", ""white"", ""black"", ""white"", ""black"", ""white"", ""black""]",12,57,7,2145,,,,,
TEST_FULL_099,65,30,45,4,55,3,2026-02-23T10:00:00+00:00,2026-02-23T10:29:00+00:00,female,sophomore,Psychology,Statistics,experiment,1,13,2026-02-23T10:07:36+00:00,red,65,black,"[""white"", ""white"", ""white"", ""black"", ""white"", ""white"", ""white"", ""black"", ""white"", ""black"", ""white"", ""black"", ""black""]",13,65,9,2066,,,,,
TEST_FULL_099,65,30,45,4,55,3,2026-02-23T10:00:00+00:00,2026-02-23T10:29:00+00:00,female,sophomore,Psychology,Statistics,experiment,1,14,2026-02-23T10:07:48+00:00,red,65,white,"[""white"", ""white"", ""white"", ""black"", ""white"", ""white"", ""white"", ""black"", ""white"", ""black"", ""white"", ""black"", ""black"", ""white""]",14,67,9,2530,,,,,
TEST_FULL_099,65,30,45,4,55,3,2026-02-23T10:00:00+00:00,2026-02-23T10:29:00+00:00,female,sophomore,Psychology,Statistics,experiment,1,15,2026-02-23T10:08:00+00:00,red,65,black,"[""white"", ""white"", ""white"", ""black"", ""white"", ""white"", ""white"", ""black"", ""white"", ""black"", ""white"", ""black"", ""black"", ""white"", ""black""]",15,65,7,2852,,,,,
TEST_FULL_099,65,30,45,4,55,3,2026-02-23T10:00:00+00:00,2026-02-23T10:29:00+00:00,female,sophomore,Psychology,Statistics,experiment,1,16,2026-02-23T10:08:12+00:00,red,65,black,"[""white"", ""white"", ""white"", ""black"", ""white"", ""white"", ""white"", ""black"", ""white"", ""black"", ""white"", ""black"", ""black"", ""white"", ""black"", ""black""]",16,77,7,4966,,,,,
TEST_FULL_099,65,30,45,4,55,3,2026-02-23T10:00:00+00:00,2026-02-23T10:29:00+00:00,female,sophomore,Psychology,Statistics,experiment,1,17,2026-02-23T10:08:24+00:00,red,65,white,"[""white"", ""white"", ""white"", ""black"", ""white"", ""white"", ""white"", ""black"", ""white"", ""black"", ""white"", ""black"", ""black"", ""white"", ""black"", ""black"", ""white""]",17,79,7,3147,,,,,
TEST_FULL_099,65,30,45,4,55,3,2026-02-23T10:00:00+00:00,2026-02-23T10:29:00+00:00,female,sophomore,Psychology,Statistics,experiment,1,18,2026-02-23T10:08:36+00:00,red,65,white,"[""white"", ""white"", ""white"", ""black"", ""white"", ""white"", ""white"", ""black"", ""white"", ""black"", ""white"", ""black"", ""black"", ""white"", ""black"", ""black"", ""white"", ""white""]",18,62,8,4559,,,,,
TEST_FULL_099,65,30,45,4,55,3,2026-02-23T10:00:00+00:00,2026-02-23T10:29:00+00:00,female,sophomore,Psychology,Statistics,experiment,1,19,2026-02-23T10:08:48+00:00,red,65,black,"[""white"", ""white"", ""white"", ""black"", ""white"", ""white"", ""white"", ""black"", ""white"", ""black"", ""white"", ""black"", ""black"", ""white"", ""black"", ""black"", ""white"", ""white"", ""black""]",19,66,6,2491,,,,,
TEST_FULL_099,65,30,45,4,55,3,2026-02-23T10:00:00+00:00,2026-02-23T10:29:00+00:00,female,sophomore,Psychology,Statistics,experiment,1,20,2026-02-23T10:09:00+00:00,red,65,black,"[""white"", ""white"", ""white"", ""black"", ""white"", ""white"", ""white"", ""black"", ""white"", ""black"", ""white"", ""black"", ""black"", ""white"", ""black"", ""black"", ""white"", ""white"", ""black"", ""black""]",20,52,5,1672,,,,,
TEST_FULL_099,65,30,45,4,55,3,2026-02-23T10:00:00+00:00,2026-02-23T10:29:00+00:00,female,sophomore,Psychology,Statistics,experiment,1,21,2026-02-23T10:09:12+00:00,red,65,black,"[""white"", ""white"", ""white"", ""black"", ""white"", ""white"", ""white"", ""black"", ""white"", ""black"", ""white"", ""black"", ""black"", ""white"", ""black"", ""black"", ""white"", ""white"", ""black"", ""black"", ""black""]",21,57,7,3304,,,,,
TEST_FULL_099,65,30,45,4,55,3,2026-02-23T10:00:00+00:00,2026-02-23T10:29:00+00:00,female,sophomore,Psychology,Statistics,experiment,1,22,2026-02-23T10:09:24+00:00,red,65,black,"[""white"", ""white"", ""white"", ""black"", ""white"", ""white"", ""white"", ""black"", ""white"", ""black"", ""white"", ""black"", ""black"", ""white"", ""black"", ""black"", ""white"", ""white"", ""black"", ""black"", ""black"", ""black""]",22,72,8,1982,,,,,
TEST_FULL_099,65,30,45,4,55,3,2026-02-23T10:00:00+00:00,2026-02-23T10:29:00+00:00,female,sophomore,Psychology,Statistics,experiment,1,23,2026-02-23T10:09:36+00:00,red,65,black,"[""white"", ""white"", ""white"", ""black"", ""white"", ""white"", ""white"", ""black"", ""white"", ""black"", ""white"", ""black"", ""black"", ""white"", ""black"", ""black"", ""white"", ""white"", ""black"", ""black"", ""black"", ""black"", ""black""]",23,78,3,4206,,,,,
TEST_FULL_099,65,30,45,4,55,3,2026-02-23T10:00:00+00:00,2026-02-23T10:29:00+00:00,female,sophomore,Psychology,Statistics,experiment,1,24,2026-02-23T10:09:48+00:00,red,65,black,"[""white"", ""white"", ""white"", ""black"", ""white"", ""white"", ""white"", ""black"", ""white"", ""black"", ""white"", ""black"", ""black"", ""white"", ""black"", ""black"", ""white"", ""white"", ""black"", ""black"", ""black"", ""black"", ""black"", ""black""]",24,57,5,5476,,,,,
TEST_FULL_099,65,30,45,4,55,3,2026-02-23T10:00:00+00:00,2026-02-23T10:29:00+00:00,female,sophomore,Psychology,Statistics,experiment,1,25,2026-02-23T10:10:00+00:00,red,65,black,"[""white"", ""white"", ""white"", ""black"", ""white"", ""white"", ""white"", ""black"", ""white"", ""black"", ""white"", ""black"", ""black"", ""white"", ""black"", ""black"", ""white"", ""white"", ""black"", ""black"", ""black"", ""black"", ""black"", ""black"", ""black""]",25,54,8,5372,,,,,
TEST_FULL_099,65,30,45,4,55,3,2026-02-23T10:00:00+00:00,2026-02-23T10:29:00+00:00,female,sophomore,Psychology,Statistics,experiment,1,26,2026-02-23T10:10:12+00:00,red,65,black,"[""white"", ""white"", ""white"", ""black"", ""white"", ""white"", ""white"", ""black"", ""white"", ""black"", ""white"", ""black"", ""black"", ""white"", ""black"", ""black"", ""white"", ""white"", ""black"", ""black"", ""black"", ""black"", ""black"", ""black"", ""black"", ""black""]",26,65,9,4834,,,,,
TEST_FULL_099,65,30,45,4,55,3,2026-02-23T10:00:00+00:00,2026-02-23T10:29:00+00:00,female,sophomore,Psychology,Statistics,experiment,1,27,2026-02-23T10:10:24+00:00,red,65,black,"[""white"", ""white"", ""white"", ""black"", ""white"", ""white"", ""white"", ""black"", ""white"", ""black"", ""white"", ""black"", ""black"", ""white"", ""black"", ""black"", ""white"", ""white"", ""black"", ""black"", ""black"", ""black"", ""black"", ""black"", ""black"", ""black"", ""black""]",27,53,8,5031,,,,,
TEST_FULL_099,65,30,45,4,55,3,2026-02-23T10:00:00+00:00,2026-02-23T10:29:00+00:00,female,sophomore,Psychology,Statistics,experiment,1,28,2026-02-23T10:10:36+00:00,red,65,black,"[""white"", ""white"", ""white"", ""black"", ""white"", ""white"", ""white"", ""black"", ""white"", ""black"", ""white"", ""black"", ""black"", ""white"", ""black"", ""black"", ""white"", ""white"", ""black"", ""black"", ""black"", ""black"", ""black"", ""black"", ""black"", ""black"", ""black"", ""black""]",28,63,6,1943,,,,,
TEST_FULL_099,65,30,45,4,55,3,2026-02-23T10:00:00+00:00,2026-02-23T10:29:00+00:00,female,sophomore,Psychology,Statistics,experiment,1,29,2026-02-23T10:10:48+00:00,red,65,white,"[""white"", ""white"", ""white"", ""black"", ""white"", ""white"", ""white"", ""black"", ""white"", ""black"", ""white"", ""black"", ""black"", ""white"", ""black"", ""black"", ""white"", ""white"", ""black"", ""black"", ""black"", ""black"", ""black"", ""black"", ""black"", ""black"", ""black"", ""black"", ""white""]",29,70,3,1996,,,,,
TEST_FULL_099,65,30,45,4,55,3,2026-02-23T10:00:00+00:00,2026-02-23T10:29:00+00:00,female,sophomore,Psychology,Statistics,experiment,1,30,2026-02-23T10:11:00+00:00,red,65,black,"[""white"", ""white"", ""white"", ""black"", ""white"", ""white"", ""white"", ""black"", ""white"", ""black"", ""white"", ""black"", ""black"", ""white"", ""black"", ""black"", ""white"", ""white"", ""black"", ""black"", ""black"", ""black"", ""black"", ""black"", ""black"", ""black"", ""black"", ""black"", ""white"", ""black""]",30,60,9,2395,,,,,
TEST_FULL_099,65,30,45,4,55,3,2026-02-23T10:00:00+00:00,2026-02-23T10:29:00+00:00,female,sophomore,Psychology,Statistics,experiment,1,31,2026-02-23T10:11:12+00:00,red,65,black,"[""white"", ""white"", ""white"", ""black"", ""white"", ""white"", ""white"", ""black"", ""white"", ""black"", ""white"", ""black"", ""black"", ""white"", ""black"", ""black"", ""white"", ""white"", ""black"", ""black"", ""black"", ""black"", ""black"", ""black"", ""black"", ""black"", ""black"", ""black"", ""white"", ""black"", ""black""]",31,56,7,5175,,,,,
TEST_FULL_099,65,30,45,4,55,3,2026-02-23T10:00:00+00:00,2026-02-23T10:29:00+00:00,female,sophomore,Psychology,Statistics,experiment,1,32,2026-02-23T10:11:24+00:00,red,65,black,"[""white"", ""white"", ""white"", ""black"", ""white"", ""white"", ""white"", ""black"", ""white"", ""black"", ""white"", ""black"", ""black"", ""white"", ""black"", ""black"", ""white"", ""white"", ""black"", ""black"", ""black"", ""black"", ""black"", ""black"", ""black"", ""black"", ""black"", ""black"", ""white"", ""black"", ""black"", ""black""]",32,55,5,5289,,,,,
TEST_FULL_099,65,30,45,4,55,3,2026-02-23T10:00:00+00:00,2026-02-23T10:29:00+00:00,female,sophomore,Psychology,Statistics,experiment,1,33,2026-02-23T10:11:36+00:00,red,65,black,"[""white"", ""white"", ""white"", ""black"", ""white"", ""white"", ""white"", ""black"", ""white"", ""black"", ""white"", ""black"", ""black"", ""white"", ""black"", ""black"", ""white"", ""white"", ""black"", ""black"", ""black"", ""black"", ""black"", ""black"", ""black"", ""black"", ""black"", ""black"", ""white"", ""black"", ""black"", ""black"", ""black""]",33,79,3,5130,,,,,
TEST_FULL_099,65,30,45,4,55,3,2026-02-23T10:00:00+00:00,2026-02-23T10:29:00+00:00,female,sophomore,Psychology,Statistics,experiment,2,1,2026-02-23T10:13:12+00:00,green,30,white,"[""white""]",1,42,7,2302,,,,,
TEST_FULL_099,65,30,45,4,55,3,2026-02-23T10:00:00+00:00,2026-02-23T10:29:00+00:00,female,sophomore,Psychology,Statistics,experiment,2,2,2026-02-23T10:13:24+00:00,green,30,black,"[""white"", ""black""]",2,32,9,1620,,,,,
TEST_FULL_099,65,30,45,4,55,3,2026-02-23T10:00:00+00:00,2026-02-23T10:29:00+00:00,female,sophomore,Psychology,Statistics,experiment,2,3,2026-02-23T10:13:36+00:00,green,30,white,"[""white"", ""black"", ""white""]",3,44,9,3436,,,,,
TEST_FULL_099,65,30,45,4,55,3,2026-02-23T10:00:00+00:00,2026-02-23T10:29:00+00:00,female,sophomore,Psychology,Statistics,experiment,2,4,2026-02-23T10:13:48+00:00,green,30,black,"[""white"", ""black"", ""white"", ""black""]",4,30,6,3251,,,,,
TEST_FULL_099,65,30,45,4,55,3,2026-02-23T10:00:00+00:00,2026-02-23T10:29:00+00:00,female,sophomore,Psychology,Statistics,experiment,2,5,2026-02-23T10:14:00+00:00,green,30,white,"[""white"", ""black"", ""white"", ""black"", ""white""]",5,43,3,2848,,,,,
TEST_FULL_099,65,30,45,4,55,3,2026-02-23T10:00:00+00:00,2026-02-23T10:29:00+00:00,female,sophomore,Psychology,Statistics,experiment,2,6,2026-02-23T10:14:12+00:00,green,30,white,"[""white"", ""black"", ""white"", ""black"", ""white"", ""white""]",6,27,5,5227,,,,,
TEST_FULL_099,65,30,45,4,55,3,2026-02-23T10:00:00+00:00,2026-02-23T10:29:00+00:00,female,sophomore,Psychology,Statistics,experiment,2,7,2026-02-23T10:14:24+00:00,green,30,black,"[""white"", ""black"", ""white"", ""black"", ""white"", ""white"", ""black""]",7,37,8,5486,,,,,
TEST_FULL_099,65,30,45,4,55,3,2026-02-23T10:00:00+00:00,2026-02-23T10:29:00+00:00,female,sophomore,Psychology,Statistics,experiment,2,8,2026-02-23T10:14:36+00:00,green,30,black,"[""white"", ""black"", ""white"", ""black"", ""white"", ""white"", ""black"", ""black""]",8,24,4,1979,,,,,
TEST_FULL_099,65,30,45,4,55,3,2026-02-23T10:00:00+00:00,2026-02-23T10:29:00+00:00,female,sophomore,Psychology,Statistics,experiment,2,9,2026-02-23T10:14:48+00:00,green,30,white,"[""white"", ""black"", ""white"", ""black"", ""white"", ""white"", ""black"", ""black"", ""white""]",9,32,3,4069,,,,,
TEST_FULL_099,65,30,45,4,55,3,2026-02-23T10:00:00+00:00,2026-02-23T10:29:00+00:00,female,sophomore,Psychology,Statistics,experiment,2,10,2026-02-23T10:15:00+00:00,green,30,black,"[""white"", ""black"", ""white"", ""black"", ""white"", ""white"", ""black"", ""black"", ""white"", ""black""]",10,33,6,5619,,,,,
TEST_FULL_099,65,30,45,4,55,3,2026-02-23T10:00:00+00:00,2026-02-23T10:29:00+00:00,female,sophomore,Psychology,Statistics,experiment,2,11,2026-02-23T10:15:12+00:00,green,30,white,"[""white"", ""black"", ""white"", ""black"", ""white"", ""white"", ""black"", ""black"", ""white"", ""black"", ""white""]",11,31,4,1965,,,,,
TEST_FULL_099,65,30,45,4,55,3,2026-02-23T10:00:00+00:00,2026-02-23T10:29:00+00:00,female,sophomore,Psychology,Statistics,experiment,2,12,2026-02-23T10:15:24+00:00,green,30,white,"[""white"", ""black"", ""white"", ""black"", ""white"", ""white"", ""black"", ""black"", ""white"", ""black"", ""white"", ""white""]",12,17,9,3022,,,,,
TEST_FULL_099,65,30,45,4,55,3,2026-02-23T10:00:00+00:00,2026-02-23T10:29:00+00:00,female,sophomore,Psychology,Statistics,experiment,2,13,2026-02-23T10:15:36+00:00,green,30,black,"[""white"", ""black"", ""white"", ""black"", ""white"", ""white"", ""black"", ""black"", ""white"", ""black"", ""white"", ""white"", ""black""]",13,17,8,3426,,,,,
TEST_FULL_099,65,30,45,4,55,3,2026-02-23T10:00:00+00:00,2026-02-23T10:29:00+00:00,female,sophomore,Psychology,Statistics,experiment,2,14,2026-02-23T10:15:48+00:00,green,30,white,"[""white"", ""black"", ""white"", ""black"", ""white"", ""white"", ""black"", ""black"", ""white"", ""black"", ""white"", ""white"", ""black"", ""white""]",14,45,7,3516,,,,,
TEST_FULL_099,65,30,45,4,55,3,2026-02-23T10:00:00+00:00,2026-02-23T10:29:00+00:00,female,sophomore,Psychology,Statistics,experiment,2,15,2026-02-23T10:16:00+00:00,green,30,white,"[""white"", ""black"", ""white"", ""black"", ""white"", ""white"", ""black"", ""black"", ""white"", ""black"", ""white"", ""white"", ""black"", ""white"", ""white""]",15,16,7,2171,,,,,
TEST_FULL_099,65,30,45,4,55,3,2026-02-23T10:00:00+00:00,2026-02-23T10:29:00+00:00,female,sophomore,Psychology,Statistics,experiment,2,16,2026-02-23T10:16:12+00:00,green,30,white,"[""white"", ""black"", ""white"", ""black"", ""white"", ""white"", ""black"", ""black"", ""white"", ""black"", ""white"", ""white"", ""black"", ""white"", ""white"", ""white""]",16,33,7,5782,,,,,
TEST_FULL_099,65,30,45,4,55,3,2026-02-23T10:00:00+00:00,2026-02-23T10:29:00+00:00,female,sophomore,Psychology,Statistics,experiment,2,17,2026-02-23T10:16:24+00:00,green,30,white,"[""white"", ""black"", ""white"", ""black"", ""white"", ""white"", ""black"", ""black"", ""white"", ""black"", ""white"", ""white"", ""black"", ""white"", ""white"", ""white"", ""white""]",17,23,4,4073,,,,,
TEST_FULL_099,65,30,45,4,55,3,2026-02-23T10:00:00+00:00,2026-02-23T10:29:00+00:00,female,sophomore,Psychology,Statistics,experiment,2,18,2026-02-23T10:16:36+00:00,green,30,black,"[""white"", ""black"", ""white"", ""black"", ""white"", ""white"", ""black"", ""black"", ""white"", ""black"", ""white"", ""white"", ""black"", ""white"", ""white"", ""white"", ""white"", ""black""]",18,27,4,3957,,,,,
TEST_FULL_099,65,30,45,4,55,3,2026-02-23T10:00:00+00:00,2026-02-23T10:29:00+00:00,female,sophomore,Psychology,Statistics,experiment,2,19,2026-02-23T10:16:48+00:00,green,30,white,"[""white"", ""black"", ""white"", ""black"", ""white"", ""white"", ""black"", ""black"", ""white"", ""black"", ""white"", ""white"", ""black"", ""white"", ""white"", ""white"", ""white"", ""black"", ""white""]",19,44,9,2094,,,,,
TEST_FULL_099,65,30,45,4,55,3,2026-02-23T10:00:00+00:00,2026-02-23T10:29:00+00:00,female,sophomore,Psychology,Statistics,experiment,2,20,2026-02-23T10:17:00+00:00,green,30,black,"[""white"", ""black"", ""white"", ""black"", ""white"", ""white"", ""black"", ""black"", ""white"", ""black"", ""white"", ""white"", ""black"", ""white"", ""white"", ""white"", ""white"", ""black"", ""white"", ""black""]",20,34,7,2319,,,,,
TEST_FULL_099,65,30,45,4,55,3,2026-02-23T10:00:00+00:00,2026-02-23T10:29:00+00:00,female,sophomore,Psychology,Statistics,experiment,2,21,2026-02-23T10:17:12+00:00,green,30,black,"[""white"", ""black"", ""white"", ""black"", ""white"", ""white"", ""black"", ""black"", ""white"", ""black"", ""white"", ""white"", ""black"", ""white"", ""white"", ""white"", ""white"", ""black"", ""white"", ""black"", ""black""]",21,21,7,3672,,,,,
TEST_FULL_099,65,30,45,4,55,3,2026-02-23T10:00:00+00:00,2026-02-23T10:29:00+00:00,female,sophomore,Psychology,Statistics,experiment,2,22,2026-02-23T10:17:24+00:00,green,30,black,"[""white"", ""black"", ""white"", ""black"", ""white"", ""white"", ""black"", ""black"", ""white"", ""black"", ""white"", ""white"", ""black"", ""white"", ""white"", ""white"", ""white"", ""black"", ""white"", ""black"", ""black"", ""black""]",22,26,3,3501,,,,,
TEST_FULL_099,65,30,45,4,55,3,2026-02-23T10:00:00+00:00,2026-02-23T10:29:00+00:00,female,sophomore,Psychology,Statistics,experiment,2,23,2026-02-23T10:17:36+00:00,green,30,white,"[""white"", ""black"", ""white"", ""black"", ""white"", ""white"", ""black"", ""black"", ""white"", ""black"", ""white"", ""white"", ""black"", ""white"", ""white"", ""white"", ""white"", ""black"", ""white"", ""black"", ""black"", ""black"", ""white""]",23,20,6,5950,,,,,
TEST_FULL_099,65,30,45,4,55,3,2026-02-23T10:00:00+00:00,2026-02-23T10:29:00+00:00,female,sophomore,Psychology,Statistics,experiment,2,24,2026-02-23T10:17:48+00:00,green,30,white,"[""white"", ""black"", ""white"", ""black"", ""white"", ""white"", ""black"", ""black"", ""white"", ""black"", ""white"", ""white"", ""black"", ""white"", ""white"", ""white"", ""white"", ""black"", ""white"", ""black"", ""black"", ""black"", ""white"", ""white""]",24,34,9,5833,,,,,
TEST_FULL_099,65,30,45,4,55,3,2026-02-23T10:00:00+00:00,2026-02-23T10:29:00+00:00,female,sophomore,Psychology,Statistics,experiment,2,25,2026-02-23T10:18:00+00:00,green,30,black,"[""white"", ""black"", ""white"", ""black"", ""white"", ""white"", ""black"", ""black"", ""white"", ""black"", ""white"", ""white"", ""black"", ""white"", ""white"", ""white"", ""white"", ""black"", ""white"", ""black"", ""black"", ""black"", ""white"", ""white"", ""black""]",25,41,7,3952,,,,,
TEST_FULL_099,65,30,45,4,55,3,2026-02-23T10:00:00+00:00,2026-02-23T10:29:00+00:00,female,sophomore,Psychology,Statistics,experiment,2,26,2026-02-23T10:18:12+00:00,green,30,white,"[""white"", ""black"", ""white"", ""black"", ""white"", ""white"", ""black"", ""black"", ""white"", ""black"", ""white"", ""white"", ""black"", ""white"", ""white"", ""white"", ""white"", ""black"", ""white"", ""black"", ""black"", ""black"", ""white"", ""white"", ""black"", ""white""]",26,18,4,3666,,,,,
TEST_FULL_099,65,30,45,4,55,3,2026-02-23T10:00:00+00:00,2026-02-23T10:29:00+00:00,female,sophomore,Psychology,Statistics,experiment,2,27,2026-02-23T10:18:24+00:00,green,30,black,"[""white"", ""black"", ""white"", ""black"", ""white"", ""white"", ""black"", ""black"", ""white"", ""black"", ""white"", ""white"", ""black"", ""white"", ""white"", ""white"", ""white"", ""black"", ""white"", ""black"", ""black"", ""black"", ""white"", ""white"", ""black"", ""white"", ""black""]",27,18,8,2773,,,,,
TEST_FULL_099,65,30,45,4,55,3,2026-02-23T10:00:00+00:00,2026-02-23T10:29:00+00:00,female,sophomore,Psychology,Statistics,experiment,2,28,2026-02-23T10:18:36+00:00,green,30,black,"[""white"", ""black"", ""white"", ""black"", ""white"", ""white"", ""black"", ""black"", ""white"", ""black"", ""white"", ""white"", ""black"", ""white"", ""white"", ""white"", ""white"", ""black"", ""white"", ""black"", ""black"", ""black"", ""white"", ""white"", ""black"", ""white"", ""black"", ""black""]",28,34,4,4308,,,,,
TEST_FULL_099,65,30,45,4,55,3,2026-02-23T10:00:00+00:00,2026-02-23T10:29:00+00:00,female,sophomore,Psychology,Statistics,experiment,2,29,2026-02-23T10:18:48+00:00,green,30,black,"[""white"", ""black"", ""white"", ""black"", ""white"", ""white"", ""black"", ""black"", ""white"", ""black"", ""white"", ""white"", ""black"", ""white"", ""white"", ""white"", ""white"", ""black"", ""white"", ""black"", ""black"", ""black"", ""white"", ""white"", ""black"", ""white"", ""black"", ""black"", ""black""]",29,35,9,3662,,,,,
TEST_FULL_099,65,30,45,4,55,3,2026-02-23T10:00:00+00:00,2026-02-23T10:29:00+00:00,female,sophomore,Psychology,Statistics,experiment,2,30,2026-02-23T10:19:00+00:00,green,30,white,"[""white"", ""black"", ""white"", ""black"", ""white"", ""white"", ""black"", ""black"", ""white"", ""black"", ""white"", ""white"", ""black"", ""white"", ""white"", ""white"", ""white"", ""black"", ""white"", ""black"", ""black"", ""black"", ""white"", ""white"", ""black"", ""white"", ""black"", ""black"", ""black"", ""white""]",30,23,9,1916,,,,,
TEST_FULL_099,65,30,45,4,55,3,2026-02-23T10:00:00+00:00,2026-02-23T10:29:00+00:00,female,sophomore,Psychology,Statistics,experiment,2,31,2026-02-23T10:19:12+00:00,green,30,black,"[""white"", ""black"", ""white"", ""black"", ""white"", ""white"", ""black"", ""black"", ""white"", ""black"", ""white"", ""white"", ""black"", ""white"", ""white"", ""white"", ""white"", ""black"", ""white"", ""black"", ""black"", ""black"", ""white"", ""white"", ""black"", ""white"", ""black"", ""black"", ""black"", ""white"", ""black""]",31,28,9,3766,,,,,
TEST_FULL_099,65,30,45,4,55,3,2026-02-23T10:00:00+00:00,2026-02-23T10:29:00+00:00,female,sophomore,Psychology,Statistics,experiment,2,32,2026-02-23T10:19:24+00:00,green,30,black,"[""white"", ""black"", ""white"", ""black"", ""white"", ""white"", ""black"", ""black"", ""white"", ""black"", ""white"", ""white"", ""black"", ""white"", ""white"", ""white"", ""white"", ""black"", ""white"", ""black"", ""black"", ""black"", ""white"", ""white"", ""black"", ""white"", ""black"", ""black"", ""black"", ""white"", ""black"", ""black""]",32,25,9,2571,,,,,
TEST_FULL_099,65,30,45,4,55,3,2026-02-23T10:00:00+00:00,2026-02-23T10:29:00+00:00,female,sophomore,Psychology,Statistics,experiment,2,33,2026-02-23T10:19:36+00:00,green,30,white,"[""white"", ""black"", ""white"", ""black"", ""white"", ""white"", ""black"", ""black"", ""white"", ""black"", ""white"", ""white"", ""black"", ""white"", ""white"", ""white"", ""white"", ""black"", ""white"", ""black"", ""black"", ""black"", ""white"", ""white"", ""black"", ""white"", ""black"", ""black"", ""black"", ""white"", ""black"", ""black"", ""white""]",33,23,4,5119,,,,,
TEST_FULL_099,65,30,45,4,55,3,2026-02-23T10:00:00+00:00,2026-02-23T10:29:00+00:00,female,sophomore,Psychology,Statistics,experiment,3,1,2026-02-23T10:21:12+00:00,red,65,black,"[""black""]",1,63,7,1579,,,,,
TEST_FULL_099,65,30,45,4,55,3,2026-02-23T10:00:00+00:00,2026-02-23T10:29:00+00:00,female,sophomore,Psychology,Statistics,experiment,3,2,2026-02-23T10:21:24+00:00,red,65,black,"[""black"", ""black""]",2,80,8,2721,,,,,
TEST_FULL_099,65,30,45,4,55,3,2026-02-23T10:00:00+00:00,2026-02-23T10:29:00+00:00,female,sophomore,Psychology,Statistics,experiment,3,3,2026-02-23T10:21:36+00:00,red,65,black,"[""black"", ""black"", ""black""]",3,76,5,2713,,,,,
TEST_FULL_099,65,30,45,4,55,3,2026-02-23T10:00:00+00:00,2026-02-23T10:29:00+00:00,female,sophomore,Psychology,Statistics,experiment,3,4,2026-02-23T10:21:48+00:00,red,65,black,"[""black"", ""black"", ""black"", ""black""]",4,51,5,4487,,,,,
TEST_FULL_099,65,30,45,4,55,3,2026-02-23T10:00:00+00:00,2026-02-23T10:29:00+00:00,female,sophomore,Psychology,Statistics,experiment,3,5,2026-02-23T10:22:00+00:00,red,65,white,"[""black"", ""black"", ""black"", ""black"", ""white""]",5,75,9,1826,,,,,
TEST_FULL_099,65,30,45,4,55,3,2026-02-23T10:00:00+00:00,2026-02-23T10:29:00+00:00,female,sophomore,Psychology,Statistics,experiment,3,6,2026-02-23T10:22:12+00:00,red,65,white,"[""black"", ""black"", ""black"", ""black"", ""white"", ""white""]",6,56,8,3544,,,,,
TEST_FULL_099,65,30,45,4,55,3,2026-02-23T10:00:00+00:00,2026-02-23T10:29:00+00:00,female,sophomore,Psychology,Statistics,experiment,3,7,2026-02-23T10:22:24+00:00,red,65,white,"[""black"", ""black"", ""black"", ""black"", ""white"", ""white"", ""white""]",7,61,9,4829,,,,,
TEST_FULL_099,65,30,45,4,55,3,2026-02-23T10:00:00+00:00,2026-02-23T10:29:00+00:00,female,sophomore,Psychology,Statistics,experiment,3,8,2026-02-23T10:22:36+00:00,red,65,white,"[""black"", ""black"", ""black"", ""black"", ""white"", ""white"", ""white"", ""white""]",8,73,4,3439,,,,,
TEST_FULL_099,65,30,45,4,55,3,2026-02-23T10:00:00+00:00,2026-02-23T10:29:00+00:00,female,sophomore,Psychology,Statistics,experiment,3,9,2026-02-23T10:22:48+00:00,red,65,white,"[""black"", ""black"", ""black"", ""black"", ""white"", ""white"", ""white"", ""white"", ""white""]",9,75,9,2950,,,,,
TEST_FULL_099,65,30,45,4,55,3,2026-02-23T10:00:00+00:00,2026-02-23T10:29:00+00:00,female,sophomore,Psychology,Statistics,experiment,3,10,2026-02-23T10:23:00+00:00,red,65,white,"[""black"", ""black"", ""black"", ""black"", ""white"", ""white"", ""white"", ""white"", ""white"", ""white""]",10,50,4,4221,,,,,
TEST_FULL_099,65,30,45,4,55,3,2026-02-23T10:00:00+00:00,2026-02-23T10:29:00+00:00,female,sophomore,Psychology,Statistics,experiment,3,11,2026-02-23T10:23:12+00:00,red,65,white,"[""black"", ""black"", ""black"", ""black"", ""white"", ""white"", ""white"", ""white"", ""white"", ""white"", ""white""]",11,63,9,3532,,,,,
TEST_FULL_099,65,30,45,4,55,3,2026-02-23T10:00:00+00:00,2026-02-23T10:29:00+00:00,female,sophomore,Psychology,Statistics,experiment,3,12,2026-02-23T10:23:24+00:00,red,65,black,"[""black"", ""black"", ""black"", ""black"", ""white"", ""white"", ""white"", ""white"", ""white"", ""white"", ""white"", ""black""]",12,75,8,2385,,,,,
TEST_FULL_099,65,30,45,4,55,3,2026-02-23T10:00:00+00:00,2026-02-23T10:29:00+00:00,female,sophomore,Psychology,Statistics,experiment,3,13,2026-02-23T10:23:36+00:00,red,65,black,"[""black"", ""black"", ""black"", ""black"", ""white"", ""white"", ""white"", ""white"", ""white"", ""white"", ""white"", ""black"", ""black""]",13,51,9,5355,,,,,
TEST_FULL_099,65,30,45,4,55,3,2026-02-23T10:00:00+00:00,2026-02-23T10:29:00+00:00,female,sophomore,Psychology,Statistics,experiment,3,14,2026-02-23T10:23:48+00:00,red,65,black,"[""black"", ""black"", ""black"", ""black"", ""white"", ""white"", ""white"", ""white"", ""white"", ""white"", ""white"", ""black"", ""black"", ""black""]",14,76,6,4364,,,,,
TEST_FULL_099,65,30,45,4,55,3,2026-02-23T10:00:00+00:00,2026-02-23T10:29:00+00:00,female,sophomore,Psychology,Statistics,experiment,3,15,2026-02-23T10:24:00+00:00,red,65,black,"[""black"", ""black"", ""black"", ""black"", ""white"", ""white"", ""white"", ""white"", ""white"", ""white"", ""white"", ""black"", ""black"", ""black"", ""black""]",15,75,9,3364,,,,,
TEST_FULL_099,65,30,45,4,55,3,2026-02-23T10:00:00+00:00,2026-02-23T10:29:00+00:00,female,sophomore,Psychology,Statistics,experiment,3,16,2026-02-23T10:24:12+00:00,red,65,black,"[""black"", ""black"", ""black"", ""black"", ""white"", ""white"", ""white"", ""white"", ""white"", ""white"", ""white"", ""black"", ""black"", ""black"", ""black"", ""black""]",16,71,4,4764,,,,,
TEST_FULL_099,65,30,45,4,55,3,2026-02-23T10:00:00+00:00,2026-02-23T10:29:00+00:00,female,sophomore,Psychology,Statistics,experiment,3,17,2026-02-23T10:24:24+00:00,red,65,black,"[""black"", ""black"", ""black"", ""black"", ""white"", ""white"", ""white"", ""white"", ""white"", ""white"", ""white"", ""black"", ""black"", ""black"", ""black"", ""black"", ""black""]",17,77,3,3786,,,,,
TEST_FULL_099,65,30,45,4,55,3,2026-02-23T10:00:00+00:00,2026-02-23T10:29:00+00:00,female,sophomore,Psychology,Statistics,experiment,3,18,2026-02-23T10:24:36+00:00,red,65,black,"[""black"", ""black"", ""black"", ""black"", ""white"", ""white"", ""white"", ""white"", ""white"", ""white"", ""white"", ""black"", ""black"", ""black"", ""black"", ""black"", ""black"", ""black""]",18,66,6,5892,,,,,
TEST_FULL_099,65,30,45,4,55,3,2026-02-23T10:00:00+00:00,2026-02-23T10:29:00+00:00,female,sophomore,Psychology,Statistics,experiment,3,19,2026-02-23T10:24:48+00:00,red,65,black,"[""black"", ""black"", ""black"", ""black"", ""white"", ""white"", ""white"", ""white"", ""white"", ""white"", ""white"", ""black"", ""black"", ""black"", ""black"", ""black"", ""black"", ""black"", ""black""]",19,50,3,3639,,,,,
TEST_FULL_099,65,30,45,4,55,3,2026-02-23T10:00:00+00:00,2026-02-23T10:29:00+00:00,female,sophomore,Psychology,Statistics,experiment,3,20,2026-02-23T10:25:00+00:00,red,65,black,"[""black"", ""black"", ""black"", ""black"", ""white"", ""white"", ""white"", ""white"", ""white"", ""white"", ""white"", ""black"", ""black"", ""black"", ""black"", ""black"", ""black"", ""black"", ""black"", ""black""]",20,80,5,1813,,,,,
TEST_FULL_099,65,30,45,4,55,3,2026-02-23T10:00:00+00:00,2026-02-23T10:29:00+00:00,female,sophomore,Psychology,Statistics,experiment,3,21,2026-02-23T10:25:12+00:00,red,65,black,"[""black"", ""black"", ""black"", ""black"", ""white"", ""white"", ""white"", ""white"", ""white"", ""white"", ""white"", ""black"", ""black"", ""black"", ""black"", ""black"", ""black"", ""black"", ""black"", ""black"", ""black""]",21,63,5,4069,,,,,
TEST_FULL_099,65,30,45,4,55,3,2026-02-23T10:00:00+00:00,2026-02-23T10:29:00+00:00,female,sophomore,Psychology,Statistics,experiment,3,22,2026-02-23T10:25:24+00:00,red,65,black,"[""black"", ""black"", ""black"", ""black"", ""white"", ""white"", ""white"", ""white"", ""white"", ""white"", ""white"", ""black"", ""black"", ""black"", ""black"", ""black"", ""black"", ""black"", ""black"", ""black"", ""black"", ""black""]",22,66,3,4655,,,,,
TEST_FULL_099,65,30,45,4,55,3,2026-02-23T10:00:00+00:00,2026-02-23T10:29:00+00:00,female,sophomore,Psychology,Statistics,experiment,3,23,2026-02-23T10:25:36+00:00,red,65,white,"[""black"", ""black"", ""black"", ""black"", ""white"", ""white"", ""white"", ""white"", ""white"", ""white"", ""white"", ""black"", ""black"", ""black"", ""black"", ""black"", ""black"", ""black"", ""black"", ""black"", ""black"", ""black"", ""white""]",23,56,5,1863,,,,,
TEST_FULL_099,65,30,45,4,55,3,2026-02-23T10:00:00+00:00,2026-02-23T10:29:00+00:00,female,sophomore,Psychology,Statistics,experiment,3,24,2026-02-23T10:25:48+00:00,red,65,white,"[""black"", ""black"", ""black"", ""black"", ""white"", ""white"", ""white"", ""white"", ""white"", ""white"", ""white"", ""black"", ""black"", ""black"", ""black"", ""black"", ""black"", ""black"", ""black"", ""black"", ""black"", ""black"", ""white"", ""white""]",24,50,7,5910,,,,,
TEST_FULL_099,65,30,45,4,55,3,2026-02-23T10:00:00+00:00,2026-02-23T10:29:00+00:00,female,sophomore,Psychology,Statistics,experiment,3,25,2026-02-23T10:26:00+00:00,red,65,white,"[""black"", ""black"", ""black"", ""black"", ""white"", ""white"", ""white"", ""white"", ""white"", ""white"", ""white"", ""black"", ""black"", ""black"", ""black"", ""black"", ""black"", ""black"", ""black"", ""black"", ""black"", ""black"", ""white"", ""white"", ""white""]",25,80,8,3114,,,,,
TEST_FULL_099,65,30,45,4,55,3,2026-02-23T10:00:00+00:00,2026-02-23T10:29:00+00:00,female,sophomore,Psychology,Statistics,experiment,3,26,2026-02-23T10:26:12+00:00,red,65,black,"[""black"", ""black"", ""black"", ""black"", ""white"", ""white"", ""white"", ""white"", ""white"", ""white"", ""white"", ""black"", ""black"", ""black"", ""black"", ""black"", ""black"", ""black"", ""black"", ""black"", ""black"", ""black"", ""white"", ""white"", ""white"", ""black""]",26,52,8,4204,,,,,
TEST_FULL_099,65,30,45,4,55,3,2026-02-23T10:00:00+00:00,2026-02-23T10:29:00+00:00,female,sophomore,Psychology,Statistics,experiment,3,27,2026-02-23T10:26:24+00:00,red,65,black,"[""black"", ""black"", ""black"", ""black"", ""white"", ""white"", ""white"", ""white"", ""white"", ""white"", ""white"", ""black"", ""black"", ""black"", ""black"", ""black"", ""black"", ""black"", ""black"", ""black"", ""black"", ""black"", ""white"", ""white"", ""white"", ""black"", ""black""]",27,71,9,2520,,,,,
TEST_FULL_099,65,30,45,4,55,3,2026-02-23T10:00:00+00:00,2026-02-23T10:29:00+00:00,female,sophomore,Psychology,Statistics,experiment,3,28,2026-02-23T10:26:36+00:00,red,65,white,"[""black"", ""black"", ""black"", ""black"", ""white"", ""white"", ""white"", ""white"", ""white"", ""white"", ""white"", ""black"", ""black"", ""black"", ""black"", ""black"", ""black"", ""black"", ""black"", ""black"", ""black"", ""black"", ""white"", ""white"", ""white"", ""black"", ""black"", ""white""]",28,59,7,4033,,,,,
TEST_FULL_099,65,30,45,4,55,3,2026-02-23T10:00:00+00:00,2026-02-23T10:29:00+00:00,female,sophomore,Psychology,Statistics,experiment,3,29,2026-02-23T10:26:48+00:00,red,65,white,"[""black"", ""black"", ""black"", ""black"", ""white"", ""white"", ""white"", ""white"", ""white"", ""white"", ""white"", ""black"", ""black"", ""black"", ""black"", ""black"", ""black"", ""black"", ""black"", ""black"", ""black"", ""black"", ""white"", ""white"", ""white"", ""black"", ""black"", ""white"", ""white""]",29,60,6,3922,,,,,
TEST_FULL_099,65,30,45,4,55,3,2026-02-23T10:00:00+00:00,2026-02-23T10:29:00+00:00,female,sophomore,Psychology,Statistics,experiment,3,30,2026-02-23T10:27:00+00:00,red,65,black,"[""black"", ""black"", ""black"", ""black"", ""white"", ""white"", ""white"", ""white"", ""white"", ""white"", ""white"", ""black"", ""black"", ""black"", ""black"", ""black"", ""black"", ""black"", ""black"", ""black"", ""black"", ""black"", ""white"", ""white"", ""white"", ""black"", ""black"", ""white"", ""white"", ""black""]",30,56,6,4605,,,,,
TEST_FULL_099,65,30,45,4,55,3,2026-02-23T10:00:00+00:00,2026-02-23T10:29:00+00:00,female,sophomore,Psychology,Statistics,experiment,3,31,2026-02-23T10:27:12+00:00,red,65,white,"[""black"", ""black"", ""black"", ""black"", ""white"", ""white"", ""white"", ""white"", ""white"", ""white"", ""white"", ""black"", ""black"", ""black"", ""black"", ""black"", ""black"", ""black"", ""black"", ""black"", ""black"", ""black"", ""white"", ""white"", ""white"", ""black"", ""black"", ""white"", ""white"", ""black"", ""white""]",31,78,4,3965,,,,,
TEST_FULL_099,65,30,45,4,55,3,2026-02-23T10:00:00+00:00,2026-02-23T10:29:00+00:00,female,sophomore,Psychology,Statistics,experiment,3,32,2026-02-23T10:27:24+00:00,red,65,black,"[""black"", ""black"", ""black"", ""black"", ""white"", ""white"", ""white"", ""white"", ""white"", ""white"", ""white"", ""black"", ""black"", ""black"", ""black"", ""black"", ""black"", ""black"", ""black"", ""black"", ""black"", ""black"", ""white"", ""white"", ""white"", ""black"", ""black"", ""white"", ""white"", ""black"", ""white"", ""black""]",32,76,3,3989,,,,,
TEST_FULL_099,65,30,45,4,55,3,2026-02-23T10:00:00+00:00,2026-02-23T10:29:00+00:00,female,sophomore,Psychology,Statistics,experiment,3,33,2026-02-23T10:27:36+00:00,red,65,black,"[""black"", ""black"", ""black"", ""black"", ""white"", ""white"", ""white"", ""white"", ""white"", ""white"", ""white"", ""black"", ""black"", ""black"", ""black"", ""black"", ""black"", ""black"", ""black"", ""black"", ""black"", ""black"", ""white"", ""white"", ""white"", ""black"", ""black"", ""white"", ""white"", ""black"", ""white"", ""black"", ""black""]",33,63,9,4139,,,,,
